0x13	0x353736
0x18	0x66666666666666
0x21	0x30313030
0x6a	0x64646530333831
0x83	0x613762333134
0x8e	0x62353738
0x9b	0x6464313436
0xad	0x666537
0xb3	0x313436313032
0xc4	0x383732
0xc8	0x6431343631
0xd1	0x353738
0xdb	0x65353637
0xef	0x63666436
0xf5	0x313436
0xfc	0x303537
0x109	0x643031
0x112	0x35353738
0x11c	0x6333
0x120	0x34313436313032
0x128	0x613537383036
0x131	0x3765393934
0x137	0x3134
0x13f	0x35373830363337
0x148	0x3038
0x15d	0x3539
0x162	0x3531
0x173	0x6135636235
0x179	0x313436
0x181	0x3537
0x18a	0x3839623431
0x196	0x393537
0x19e	0x3866
0x1a1	0x6636
0x1a4	0x30313436313034
0x1b4	0x3930
0x1b9	0x62623134
0x1ca	0x6434
0x1cf	0x3163
0x1e0	0x353739
0x1e4	0x3764653134
0x1ee	0x623537
0x1f6	0x353937
0x1fd	0x3134
0x204	0x303537383036
0x20c	0x39363565
0x211	0x3762313436
0x222	0x39643832
0x231	0x3537
0x238	0x6130663033
0x23f	0x3134363130
0x247	0x35373830363364
0x24f	0x3632656433
0x255	0x313436313035
0x264	0x32666465333862
0x273	0x353735
0x277	0x363030
0x27e	0x64356233343135
0x28b	0x353736
0x294	0x64356236313031
0x2a2	0x633536
0x2a7	0x363034
0x2ef	0x383338
0x311	0x363032
0x321	0x353035
0x339	0x31363830313536
0x344	0x643537
0x365	0x3033
0x37b	0x353039
0x394	0x33356233343135
0x3a0	0x3635373630
0x3aa	0x64356236313031
0x3b2	0x643630303136
0x3ba	0x3036
0x3c1	0x3033
0x3d7	0x3536
0x3db	0x363034
0x400	0x33356233343135
0x40d	0x35373630
0x416	0x64356236313032
0x424	0x37353635
0x429	0x363034
0x44a	0x33356233343135
0x460	0x64356236313032
0x46e	0x3235363562
0x494	0x33356233343135
0x4aa	0x64356236313031
0x4b2	0x643630303136
0x4ba	0x3036
0x4c1	0x3033
0x4e2	0x3935363562
0x50c	0x33356233343135
0x522	0x64356236313032
0x52b	0x3631
0x530	0x35353635623630
0x53e	0x66393039313136
0x55e	0x33356233343135
0x56a	0x623537
0x574	0x64356236313032
0x57c	0x33363130
0x582	0x61353635623030
0x58b	0x333431
0x594	0x3035373630
0x59e	0x64356236313032
0x5b1	0x363034
0x5d2	0x33356233343135
0x5de	0x35353736303030
0x5e8	0x64356236313032
0x5fb	0x363034
0x61c	0x33356233343135
0x629	0x3537
0x632	0x64356236313032
0x645	0x363034
0x666	0x33356233343135
0x673	0x35373630303038
0x67c	0x64356236313032
0x68c	0x3036
0x693	0x3033
0x6a7	0x363034
0x6c8	0x33356233343135
0x6de	0x64356236313032
0x6f1	0x363034
0x712	0x33356233343135
0x728	0x64356236313033
0x731	0x3631303838
0x737	0x3536356236
0x748	0x3036
0x74f	0x3033
0x770	0x33356233343135
0x77c	0x34353736
0x786	0x64356236313031
0x795	0x35363562
0x7e1	0x383338
0x803	0x363032
0x813	0x353035
0x82b	0x31363830313536
0x836	0x643537
0x857	0x3033
0x86d	0x353039
0x886	0x33356236313031
0x88e	0x643631303933
0x895	0x3536
0x899	0x363034
0x8be	0x33356233343135
0x8cb	0x353736
0x8d4	0x64356236313031
0x8dc	0x643630303136
0x8e4	0x3036
0x8eb	0x3033
0x8ff	0x3532
0x905	0x363034
0x92a	0x33356233343135
0x936	0x3135
0x940	0x64356236313032
0x94d	0x323135
0x953	0x363034
0x974	0x33356233343135
0x980	0x36353736
0x98a	0x64356236313032
0x997	0x323835
0x99d	0x363034
0x9be	0x33356233343135
0x9ca	0x623537363030
0x9d4	0x64356236313032
0x9e1	0x326635
0x9e7	0x363034
0xa08	0x33356233343135
0xa1e	0x64356236313032
0xa26	0x33363130
0xa2b	0x333435
0xa31	0x303035
0xa35	0x333431
0xa48	0x64356236313032
0xa55	0x366535
0xa5b	0x363034
0xa7c	0x33356233343135
0xa89	0x3537
0xa92	0x64356236313032
0xa9f	0x373535
0xaa5	0x363034
0xac6	0x33356233343135
0xad3	0x35373630303038
0xadc	0x64356236313032
0xaec	0x3036
0xaf3	0x3033
0xb0d	0x376335
0xb13	0x363034
0xb34	0x33356233343135
0xb40	0x3635
0xb4a	0x64356236313032
0xb52	0x33363030
0xb5a	0x3036
0xb61	0x3033
0xb6f	0x613935
0xb75	0x303035
0xb79	0x363030
0xba9	0x30313630323038
0xc1d	0x31303631303632
0xc4f	0x383230
0xc6b	0x383135
0xc9b	0x31363832303139
0xca5	0x353035
0xcb5	0x363030
0xcbc	0x3036
0xcc3	0x3033
0xcd9	0x36303230393038
0xd17	0x38633562653165
0xd20	0x626563376435
0xd27	0x643134
0xd2b	0x37313432376431
0xd33	0x383466336464
0xd3e	0x30663762
0xd47	0x356232303061
0xd4e	0x38633763
0xd54	0x393235
0xd7a	0x3335
0xd83	0x393239
0xd8f	0x363030
0xd9f	0x393035
0xda5	0x363030
0xdad	0x393035
0xdb3	0x363030
0xdba	0x3036
0xdc1	0x3033
0xdd5	0x363032303532
0xe02	0x3036
0xe09	0x3033
0xe1f	0x36303230393038
0xe53	0x383031
0xe6b	0x383031
0xe75	0x3537
0xe80	0x3036
0xe87	0x3033
0xe9b	0x363032303532
0xeb5	0x313536
0xebc	0x393537363030
0xec6	0x3036
0xecd	0x3033
0xee3	0x363032303831
0xf09	0x38323532383038
0xf5f	0x64646632353261
0xf67	0x3162653263
0xf6f	0x363963
0xf74	0x303638
0xf78	0x63333738646161
0xf83	0x613766
0xf8a	0x34613131
0xf92	0x35356134646635
0xf9c	0x336566
0xfc2	0x3335
0xfce	0x643536356235
0xfdb	0x356239
0xfeb	0x363030
0xff5	0x363030
0x1004	0x3036
0x100b	0x3033
0x1028	0x64356236303030
0x1038	0x3036
0x103f	0x3033
0x1058	0x63303239303630
0x107c	0x31393335303530
0x1091	0x353736303030
0x109a	0x64356235623562
0x10a5	0x363030
0x10ad	0x393035
0x10b3	0x363030
0x10bb	0x393035
0x10c1	0x363030
0x10c5	0x353435
0x10c9	0x393035
0x10cf	0x363030
0x10d6	0x3036
0x10dd	0x3033
0x10f1	0x363032303532
0x1103	0x393139
0x110d	0x363030
0x1111	0x3534
0x1115	0x393035
0x111b	0x363030
0x1128	0x3036
0x112f	0x3033
0x1139	0x363030
0x1169	0x30313630323038
0x11dd	0x31303631303632
0x120f	0x383230
0x122b	0x383135
0x125b	0x31363832303139
0x1265	0x353035
0x1275	0x363030
0x127d	0x35343432
0x129b	0x3534313031
0x12a3	0x313536
0x12ab	0x353736
0x12b4	0x64356236303063
0x12cf	0x383139
0x12d9	0x3534
0x12e1	0x35353630
0x12eb	0x3535356235
0x12f1	0x363030
0x1300	0x383537
0x1323	0x396163
0x1328	0x66313930313930
0x133d	0x613433
0x1341	0x373366
0x1345	0x31393031393035
0x1355	0x3535363030
0x135b	0x383139
0x1365	0x3534
0x136d	0x35353562
0x137b	0x3534313038
0x1388	0x65353735
0x139d	0x313536
0x13a3	0x3462
0x13b6	0x3036
0x13bd	0x3033
0x13d3	0x363032303532
0x13fd	0x3830353438
0x1425	0x64646632353261
0x142d	0x3162653263
0x1435	0x363963
0x143a	0x303638
0x143e	0x63333738646161
0x1449	0x613766
0x1450	0x34613131
0x1458	0x35356134646635
0x1462	0x336566
0x1486	0x3335
0x1492	0x66353635
0x1497	0x353036
0x149f	0x393035
0x14a5	0x363030
0x14ac	0x3036
0x14b3	0x3033
0x14c7	0x363032303532
0x14e7	0x3762
0x14f7	0x383031
0x14ff	0x6130
0x150c	0x3036
0x1513	0x3033
0x1527	0x363032303532
0x1541	0x313536
0x1547	0x313235
0x1552	0x3036
0x1559	0x3033
0x156f	0x363032303532
0x15b1	0x64646632353261
0x15b9	0x3162653263
0x15c1	0x363963
0x15c6	0x303638
0x15ca	0x63333738646161
0x15d5	0x613766
0x15dc	0x34613131
0x15e4	0x35356134646635
0x15ee	0x336566
0x1614	0x3335
0x1620	0x31353635
0x1625	0x353036
0x1630	0x31353635
0x1635	0x356239
0x1643	0x363030
0x1647	0x3534356239
0x1651	0x363030
0x1655	0x35343562
0x165f	0x343235
0x1663	0x393035
0x1669	0x363030
0x167e	0x3036
0x1685	0x3033
0x1695	0x363032303532
0x16c5	0x366139
0x16cf	0x3532
0x16d5	0x353035
0x16d9	0x353635
0x16dd	0x363030
0x16e5	0x393035
0x16eb	0x363030
0x16f3	0x393035
0x16f9	0x363030
0x1700	0x3036
0x1707	0x3033
0x171d	0x36303230393038
0x1747	0x393239
0x1753	0x363030
0x1762	0x3036
0x1769	0x3033
0x177b	0x633435
0x1786	0x64356236303030
0x1794	0x66666666666666
0x179c	0x66666666666666
0x17a4	0x66666666666666
0x17ac	0x66666666666666
0x17b4	0x66666666666666
0x17c6	0x3036
0x17cd	0x3033
0x17db	0x356235
0x17e4	0x3136
0x17eb	0x3761
0x17f7	0x33363436366162
0x1800	0x63396635313032
0x1808	0x35393137373430
0x1810	0x3538
0x1814	0x6433
0x181c	0x3862
0x1820	0x3639653032
0x1828	0x39633334303233
0x1830	0x3237
0x1833	0x326330303239
