0x17	0x353736306530
0x23	0x3630
0x30	0x64646530333831
0x3e	0x6535373830
0x49	0x613762333134
0x6a	0x353537
0x77	0x6464313436
0x80	0x6335373830
0x8a	0x383732
0x8e	0x6431343631
0x96	0x31353738303633
0xa1	0x65353637
0xb5	0x65626238
0xc3	0x35373830363334
0xcb	0x653263643765
0xe2	0x64346435303134
0xee	0x62353738
0xfa	0x30383731
0x104	0x303537383036
0x10e	0x3038
0x124	0x3534
0x131	0x353738
0x13b	0x33326330313436
0x150	0x3839623431
0x15c	0x39353738
0x167	0x323464
0x172	0x6535373830
0x17a	0x3930
0x17f	0x62623134
0x190	0x656639
0x195	0x38373134
0x1a6	0x35626363
0x1ac	0x31313436313036
0x1bc	0x61653963
0x1c1	0x3531
0x1cb	0x353738
0x1d2	0x3363653737
0x1d8	0x65313436313037
0x1e8	0x6436326564
0x1ef	0x313436313037
0x1f7	0x35373830
0x1fe	0x373737373266
0x205	0x313436313037
0x20c	0x3735
0x214	0x34316536306335
0x222	0x633537
0x22a	0x37376334373931
0x238	0x383537356236
0x252	0x3036
0x259	0x3033
0x262	0x64353635623135
0x271	0x353736303030
0x27a	0x64356236303030
0x28d	0x66343863333035
0x2e8	0x3036
0x2ef	0x3033
0x2fc	0x34386333303534
0x331	0x313538
0x33c	0x3435
0x346	0x64356235303561
0x34e	0x31313538303135
0x35a	0x383537
0x35f	0x3630303038
0x367	0x336436303030
0x36e	0x64356235303530
0x383	0x3630323038
0x392	0x66353736
0x39c	0x64356235303531
0x3ac	0x6335373630
0x3b6	0x64356230303562
0x3c8	0x613537363030
0x3d2	0x64356235303631
0x3dc	0x33363130383237
0x3e7	0x363034
0x42b	0x383338
0x439	0x3537383138
0x45b	0x353035
0x473	0x31363830313536
0x47f	0x3537
0x49f	0x3033
0x4b5	0x353039
0x4ce	0x33356233343830
0x4e6	0x64356235303631
0x4f0	0x3136
0x50b	0x353736
0x514	0x64356235303630
0x520	0x3036
0x527	0x3033
0x53e	0x343536
0x543	0x363034
0x568	0x33356233343830
0x576	0x31353736
0x580	0x64356235303631
0x58a	0x61363130
0x58f	0x3332
0x595	0x363034
0x5b6	0x33356233343830
0x5c4	0x383537363030
0x5ce	0x64356235303631
0x5d8	0x61363130
0x5dd	0x3338
0x5e3	0x333438
0x5ee	0x64353736303030
0x5f8	0x64356235303631
0x602	0x3136
0x626	0x64356235303630
0x632	0x3036
0x639	0x3033
0x663	0x3439
0x669	0x333438
0x67e	0x64356235303631
0x68d	0x306135
0x693	0x363034
0x69e	0x66393039323136
0x6bc	0x33356233343830
0x6cb	0x353736
0x6d4	0x64356235303631
0x6de	0x6336303034
0x702	0x64356235303335
0x710	0x3036
0x717	0x3033
0x71f	0x313335
0x725	0x333438
0x731	0x353736303030
0x73a	0x64356235303631
0x744	0x61363030
0x75e	0x353537
0x768	0x64356235303630
0x774	0x3036
0x77b	0x3033
0x791	0x393235
0x797	0x333438
0x7a2	0x3735373630
0x7ac	0x64356235303631
0x7b6	0x33363130636461
0x7c1	0x333438
0x7cc	0x633537363030
0x7d6	0x64356235303631
0x7e1	0x36303034
0x7ee	0x3038
0x804	0x64356238313031
0x831	0x353736303030
0x83a	0x64356238323031
0x85e	0x64356238303335
0x8a2	0x64356239313930
0x8b1	0x30313630323038
0x912	0x66383533353136
0x954	0x303537
0x95e	0x64356238323031
0x978	0x32353736
0x982	0x64356238303335
0x9bc	0x343537363030
0x9c6	0x64356239313930
0x9d5	0x30313630323038
0xa53	0x3335353635
0xa59	0x363034
0xa68	0x3036
0xa6f	0x3033
0xa8e	0x33356233343830
0xaa6	0x64356235303631
0xab0	0x61363030
0xacb	0x353736
0xad4	0x64356235303335
0xae2	0x3036
0xae9	0x3033
0xaf1	0x39383536356233
0xb0c	0x64356235303631
0xb17	0x36313066
0xb1c	0x3435
0xb21	0x333438
0xb2d	0x35373630
0xb36	0x64356235303631
0xb40	0x3136
0xb5a	0x333537
0xb64	0x64356235303630
0xb70	0x3036
0xb77	0x3033
0xb8d	0x62333536356233
0xb9e	0x3535373630
0xba8	0x64356235303631
0xbb2	0x33363131303664
0xbbd	0x333438
0xbc8	0x613537363030
0xbd2	0x64356235303631
0xbdc	0x61363030
0xc00	0x64356235303335
0xc0c	0x38353635
0xc11	0x333438
0xc26	0x64356235303631
0xc30	0x3136
0xc4b	0x353736
0xc54	0x64356235303630
0xc60	0x3036
0xc67	0x3033
0xc7e	0x373536
0xc83	0x333438
0xc8f	0x3537363030
0xc98	0x64356235303631
0xca2	0x3136
0xca8	0x6635363562
0xcc2	0x64356235303631
0xccc	0x61363131
0xcd2	0x383536356233
0xcec	0x64356235303631
0xcf6	0x3136
0xd11	0x353736303030
0xd1a	0x64356236303031
0xd24	0x3036
0xd2b	0x3033
0xd70	0x653537
0xd7a	0x64356238323031
0xd94	0x3035373630
0xd9e	0x64356238303335
0xdd8	0x32353736303030
0xde2	0x64356239313930
0xdf1	0x30313630323038
0xe56	0x653934353035
0xe67	0x333438
0xe73	0x35373630303038
0xe7c	0x64356235303631
0xe86	0x3136
0xeaa	0x64356235303630
0xeb6	0x3036
0xebd	0x3033
0xed9	0x333438
0xeee	0x64356235303631
0xef8	0x61363030
0xf13	0x35373630303038
0xf1c	0x64356235303630
0xf28	0x3036
0xf2f	0x3033
0xf4a	0x663536
0xf4f	0x333438
0xf5a	0x333537
0xf64	0x64356235303631
0xf6f	0x36313133
0xf74	0x613536356233
0xf84	0x38353736
0xf8e	0x64356235303631
0xf98	0x6336303034
0xfb2	0x6635373630
0xfbc	0x64356235303335
0xfcc	0x65353635623334
0xfdc	0x34353736303030
0xfe6	0x64356235303631
0xff1	0x36313134
0xffb	0x363030
0x1008	0x3036
0x100f	0x3033
0x101f	0x3537
0x1035	0x353035
0x1041	0x313135
0x1045	0x393139
0x104f	0x363030
0x1091	0x38313031383439
0x10c8	0x6335
0x10d1	0x31303631303838
0x10fe	0x6335
0x1103	0x383230
0x111f	0x383135
0x1143	0x35373832393030
0x114f	0x31363832303139
0x1159	0x353035
0x1169	0x363030
0x116d	0x353436
0x1178	0x66313631353135
0x1184	0x38353736
0x118e	0x64356238313135
0x119c	0x36353735303333
0x11cc	0x3036
0x11d3	0x3033
0x11ed	0x313531
0x1200	0x64356236303030
0x1218	0x3036
0x121f	0x3033
0x1228	0x64353635623135
0x1234	0x61353736
0x1249	0x64613638326165
0x1251	0x303030
0x12a0	0x3036
0x12a7	0x3033
0x12d8	0x6136383261
0x12de	0x623932363036
0x130f	0x313538
0x1324	0x64356235303561
0x132c	0x31313538303135
0x1338	0x3735
0x133d	0x3630303038
0x1345	0x336436303030
0x134c	0x64356235303530
0x135f	0x3630323038
0x136e	0x643537
0x1378	0x64356235303531
0x1388	0x61353736
0x1392	0x64356233333630
0x13c0	0x3036
0x13c7	0x3033
0x13fd	0x38633562653165
0x1406	0x626563376435
0x140d	0x643134
0x1411	0x37313432376431
0x1419	0x383466336464
0x1424	0x30663762
0x142d	0x356232303061
0x1434	0x38633763
0x143a	0x393235
0x1450	0x3335
0x1459	0x393239
0x1465	0x363030
0x1471	0x363030
0x1479	0x3433
0x1482	0x38353635
0x1487	0x393035
0x148d	0x393035
0x1493	0x363030
0x14a2	0x3036
0x14a9	0x3033
0x14b5	0x6635
0x14bd	0x353436
0x14c2	0x66313631353135
0x14cd	0x3664
0x14d8	0x64356236303031
0x14e2	0x3036
0x14e9	0x3033
0x1531	0x6635
0x153c	0x3036
0x1543	0x3033
0x1587	0x6361
0x1592	0x64356236303031
0x159c	0x3036
0x15a3	0x3033
0x15eb	0x363130
0x15ef	0x303038
0x1601	0x353036
0x1615	0x363030
0x161e	0x66313638313536
0x1627	0x363030
0x1634	0x3036
0x163b	0x3033
0x1647	0x326135
0x1652	0x64356236303030
0x166a	0x3036
0x1671	0x3033
0x1683	0x61303636373766
0x168c	0x363433
0x1692	0x346263
0x1696	0x646534
0x169f	0x6264623533
0x16a7	0x6366
0x16aa	0x343161643032
0x16b3	0x366563
0x16b7	0x653664
0x16bb	0x34626634
0x16c2	0x32393161333630
0x16d2	0x66666666666666
0x16da	0x66666666666666
0x16e2	0x66666666666666
0x16ea	0x66666666666666
0x16f2	0x66666666666666
0x1704	0x3036
0x170b	0x3033
0x1725	0x363030
0x172c	0x3036
0x1733	0x3033
0x175f	0x656235
0x176c	0x3036
0x1773	0x3033
0x17a7	0x643735
0x17ac	0x65356239303630
0x17d7	0x313536
0x17dd	0x62313537
0x17ee	0x3036
0x17f5	0x3033
0x17ff	0x61393537
0x1816	0x3036
0x181d	0x3033
0x182b	0x653263643765
0x183b	0x32363930
0x184d	0x363034
0x1858	0x66666666666666
0x1864	0x303630303230
0x186b	0x3032
0x1882	0x3036
0x1889	0x3033
0x1894	0x3036
0x189b	0x3033
0x18d5	0x313538
0x18df	0x37363537
0x18ea	0x64356235303561
0x18f2	0x61313538303135
0x18fd	0x38613537
0x1903	0x3630303038
0x190b	0x336436303030
0x1912	0x64356235303530
0x1925	0x3630323038
0x1933	0x61303537
0x193e	0x64356235303531
0x194d	0x3263
0x1953	0x353036
0x195d	0x3263
0x1963	0x363030
0x196a	0x3036
0x1971	0x3033
0x1997	0x64333930
0x19a3	0x3536
0x19a7	0x393035
0x19af	0x3263
0x19b5	0x363030
0x19f9	0x38313031383439
0x1a30	0x6335
0x1a39	0x31303631303838
0x1a66	0x6335
0x1a6b	0x363030
0x1a79	0x3432353734
0x1a85	0x363030
0x1a8d	0x363030
0x1a9f	0x3930
0x1aaa	0x3036
0x1ab1	0x3033
0x1abc	0x3036
0x1ac3	0x3033
0x1acb	0x376237
0x1ad0	0x31333038
0x1ad7	0x3861
0x1adb	0x3839
0x1ae8	0x66666666666666
0x1af4	0x303630303230
0x1afb	0x3032
0x1b12	0x3036
0x1b19	0x3033
0x1b24	0x3036
0x1b2b	0x3033
0x1b52	0x66313636306666
0x1bbb	0x383338
0x1bc7	0x6635353738
0x1be5	0x6464353635
0x1beb	0x353035
0x1c03	0x31363830313536
0x1c0d	0x323235373830
0x1c2f	0x3033
0x1c45	0x353038
0x1c7b	0x383338
0x1c87	0x353535373831
0x1ca5	0x336435363562
0x1cc3	0x31363830313536
0x1ccd	0x383235373830
0x1cef	0x3033
0x1d05	0x353039
0x1d37	0x313538
0x1d41	0x613735373630
0x1d4c	0x64356235303561
0x1d54	0x31313538303135
0x1d5f	0x626235373364
0x1d6d	0x336436303030
0x1d74	0x64356235303530
0x1d87	0x3630323038
0x1d95	0x643135373630
0x1da0	0x64356235303531
0x1db1	0x33636562623832
0x1e12	0x3036
0x1e19	0x3033
0x1e25	0x65626238
0x1e57	0x313538
0x1e61	0x33373537363030
0x1e6c	0x64356235303561
0x1e74	0x31313538303135
0x1e7f	0x34623537336436
0x1e8d	0x336436303030
0x1e94	0x64356235303530
0x1eb4	0x3036
0x1ebb	0x3033
0x1ec7	0x30383663383735
0x1ecf	0x333737
0x1ed3	0x39303062303763
0x1edb	0x303335373538
0x1ee7	0x30356464313065
0x1eef	0x3736343062
0x1ef9	0x66366433
0x1efe	0x33666333
0x1f05	0x6465
0x1f1c	0x3239
0x1f31	0x363030
0x1f39	0x3263
0x1f43	0x393235
0x1f49	0x363030
0x1f56	0x3036
0x1f5d	0x3033
0x1f67	0x363030
0x1f76	0x3036
0x1f7d	0x3033
0x1f89	0x63623537363030
0x1f94	0x64356236303030
0x1f9f	0x64353631306133
0x1fab	0x393035
0x1fbf	0x65363537363030
0x1fca	0x64356236303030
0x1fd5	0x66313835363130
0x1fdd	0x39383536356239
0x2002	0x64356236313130
0x200b	0x36303061383538
0x201f	0x363030
0x2026	0x3036
0x202d	0x3033
0x2067	0x363034
0x2080	0x3036
0x2087	0x3033
0x20c4	0x3335
0x20db	0x363030
0x211f	0x38313031383439
0x2156	0x6335
0x215f	0x31303631303838
0x218c	0x6335
0x2191	0x363030
0x2195	0x3534
0x21a6	0x61353735303831
0x21b1	0x3630
0x21c6	0x363537666535
0x21cd	0x393036
0x21f5	0x313536
0x21fc	0x3535
0x220c	0x3036
0x2213	0x3033
0x221f	0x3537363030
0x2234	0x3036
0x223b	0x3033
0x224b	0x323464
0x2267	0x363034
0x2272	0x66666666666666
0x227e	0x303630303230
0x2285	0x3032
0x22bd	0x313538
0x22c9	0x3537
0x22d2	0x64356235303561
0x22da	0x61313538303135
0x22e7	0x353733643630
0x22f3	0x336436303030
0x22fa	0x64356235303530
0x230d	0x3630323038
0x2326	0x64356235303531
0x233b	0x353036
0x234b	0x363131
0x2350	0x303630
0x2355	0x3833
0x235d	0x3536
0x2361	0x393035
0x236f	0x363030
0x2373	0x353436
0x237e	0x66313631353135
0x238a	0x62353736
0x2394	0x64356236313131
0x239c	0x3633333834
0x23ad	0x353036
0x23bf	0x363030
0x23c3	0x353436
0x23c8	0x66313638313536
0x23d1	0x363030
0x23dd	0x363030
0x23e6	0x61383438343631
0x23f0	0x343536
0x23f5	0x313531
0x2408	0x64356236303430
0x2413	0x38663466666362
0x24b0	0x3036
0x24b7	0x3033
0x24bb	0x3136
0x24c3	0x34666663623139
0x24cf	0x3934
0x24d5	0x3933
0x24e2	0x3439
0x2501	0x383338
0x2531	0x353035
0x2549	0x31363830313536
0x2554	0x35353738
0x2575	0x3033
0x258b	0x353039
0x25b7	0x313538
0x25c2	0x373537363030
0x25cc	0x64356235303561
0x25d4	0x31313538303135
0x25e0	0x62353733643630
0x25ed	0x336436303030
0x25f4	0x64356235303630
0x2613	0x363030
0x2622	0x3036
0x2629	0x3033
0x2640	0x64356236303030
0x264d	0x363130
0x2651	0x3338
0x2657	0x393035
0x2669	0x3537
0x2672	0x64356236303030
0x2685	0x39383536356239
0x26a6	0x64356236313133
0x26b3	0x3835
0x26c3	0x363030
0x26ca	0x3036
0x26d1	0x3033
0x270b	0x363034
0x272a	0x3036
0x2731	0x3033
0x2768	0x3335
0x277f	0x363030
0x2786	0x3036
0x278d	0x3033
0x27d5	0x363030
0x27d9	0x353436
0x27ec	0x3036
0x27f3	0x3033
0x27fd	0x363030
0x280a	0x3036
0x2811	0x3033
0x2828	0x64356236303062
0x2836	0x66313931363931
0x2851	0x363030
0x285e	0x3036
0x2865	0x3033
0x286f	0x383031
0x287b	0x35373831
0x2886	0x3036
0x288d	0x3033
0x289a	0x3036
0x28a1	0x3033
0x28ee	0x3336
0x28f5	0x3536356236
0x2909	0x3537
0x2912	0x64356236303031
0x291c	0x3036
0x2923	0x3033
0x2936	0x6235
0x2942	0x3036
0x2949	0x3033
0x2957	0x313531
0x2960	0x363537
0x296a	0x64356236303030
0x2976	0x32383434
0x297f	0x393235
0x2985	0x393035
0x2996	0x3135373630
0x29a0	0x64356236303030
0x29ae	0x363930363030
0x29b8	0x3036
0x29bf	0x3033
0x29c8	0x64353635623135
0x29d5	0x35373630
0x29e9	0x34613339333134
0x2a34	0x3036
0x2a3b	0x3033
0x2a7d	0x3339
0x2ab3	0x313538
0x2ac8	0x64356235303561
0x2ad0	0x31313538303135
0x2ae1	0x3630303038
0x2ae9	0x336436303030
0x2af0	0x64356235303530
0x2b03	0x3630323038
0x2b13	0x35373630303038
0x2b1c	0x64356235303531
0x2b2d	0x35373630
0x2b36	0x64356236303031
0x2b40	0x3036
0x2b47	0x3033
0x2b6e	0x30393038
0x2b81	0x363030
0x2b8a	0x63383434
0x2b93	0x393235
0x2b99	0x393035
0x2bae	0x6435373630
0x2bb8	0x64356236303031
0x2bc2	0x3036
0x2bc9	0x3033
0x2c03	0x383336
0x2c0c	0x3036
0x2c13	0x3033
0x2c20	0x3036
0x2c27	0x3033
0x2c74	0x3335
0x2c7b	0x353035
0x2c85	0x363030
0x2ca3	0x383235
0x2ca7	0x393339
0x2cb5	0x383135
0x2cc9	0x3537353036
0x2cd5	0x3263
0x2cdb	0x383235
0x2cf9	0x35376665356236
0x2d2a	0x31353738
0x2d4a	0x3835
0x2d4e	0x65356239303630
0x2d7d	0x3263
0x2d83	0x383236
0x2d9a	0x3035376665
0x2da1	0x393036
0x2dd0	0x31353735303630
0x2ddd	0x3263
0x2de3	0x383235
0x2df9	0x383238
0x2e37	0x353766653562
0x2e67	0x35373830
0x2e79	0x363030
0x2e87	0x363131
0x2e8c	0x63353635623835
0x2eaa	0x65356239303630
0x2ee7	0x383135
0x2ef4	0x3435
0x2f1e	0x65356239303630
0x2f49	0x313536
0x2f50	0x373537383135
0x2f66	0x643832
0x2f7b	0x383135
0x2f88	0x37353766
0x2f8d	0x356236303030
0x2fcf	0x383135
0x2ff2	0x63353766653562
0x3029	0x353035
0x3031	0x383135
0x3049	0x3537363030
0x3063	0x3931363130
0x3069	0x3436
0x3085	0x383038
0x3093	0x35373630
0x30b9	0x353039
0x30c0	0x65646466323532
0x30c8	0x6431
0x30cb	0x653263
0x30d1	0x363963
0x30d6	0x303638
0x30da	0x63333738646161
0x30e5	0x613766
0x30ec	0x34613131
0x30f4	0x35356134646635
0x30fe	0x336566
0x3102	0x3136
0x3109	0x3761
0x3114	0x333362623863
0x311c	0x61623561616661
0x3125	0x6235
0x312a	0x346633
0x3130	0x33653262613862
0x3139	0x30663164396563
0x3141	0x353062
0x3145	0x663239343563
0x3152	0x3230303239
