0x0	0x2
0x2	0x4
0x5	0x7
0x7	0x8
0x8	0x828
0xd	0x12
0x12	0x30
0x30	0x32
0x32	0x33
0x33	0x34
0x34	0x35
0x35	0x3b
0x3b	0x82a
0x41	0x46
0x46	0x82c
0x4c	0x51
0x51	0x82e
0x57	0x5c
0x5c	0x830
0x62	0x67
0x67	0x832
0x6d	0x72
0x72	0x834
0x78	0x7d
0x7d	0x836
0x83	0x88
0x88	0x838
0x8e	0x93
0x93	0x83a
0x99	0x9e
0x9e	0x83c
0xa4	0xa9
0xa9	0x83e
0xaf	0xb4
0xb4	0x840
0xba	0xbf
0xbf	0x842
0xc5	0xc7
0xc7	0xc8
0xc8	0xc9
0xc9	0xca
0xca	0xcd
0xce	0xd1
0xd1	0xd2
0xd2	0xd3
0xd3	0xd6
0xd8	0xdb
0xdb	0xde
0xe2	0xe4
0xe4	0xe5
0xe5	0xe8
0xe9	0xec
0xef	0xf2
0xf2	0xf5
0x113	0x115
0x115	0x116
0x116	0x119
0x11a	0x11d
0x120	0x123
0x123	0x126
0x128	0x12a
0x12a	0x12b
0x12b	0x12e
0x12f	0x132
0x135	0x138
0x138	0x13a
0x13a	0x13b
0x13b	0x13e
0x140	0x143
0x143	0x144
0x144	0x146
0x146	0x148
0x148	0x14a
0x14a	0x14b
0x14b	0x14e
0x14e	0x150
0x151	0x154
0x154	0x158
0x15b	0x15c
0x15d	0x161
0x161	0x162
0x162	0x164
0x164	0x166
0x168	0x16a
0x16a	0x16b
0x16b	0x16e
0x16f	0x172
0x175	0x178
0x178	0x17b
0x18f	0x191
0x191	0x192
0x192	0x195
0x196	0x199
0x19c	0x19f
0x19f	0x1a1
0x1a1	0x1a2
0x1a2	0x1a5
0x1a7	0x1a9
0x1a9	0x1aa
0x1aa	0x1ad
0x1ae	0x1b1
0x1b4	0x1b7
0x1b7	0x1ba
0x1bc	0x1be
0x1be	0x1bf
0x1bf	0x1c2
0x1c3	0x1c6
0x1c9	0x1cc
0x1cc	0x1ce
0x1ce	0x1cf
0x1cf	0x1d1
0x1d1	0x1d2
0x1d2	0x1d5
0x1d7	0x1d9
0x1d9	0x1da
0x1da	0x1dd
0x1de	0x1e1
0x1e4	0x1e7
0x1e7	0x1ea
0x1ec	0x1ee
0x1ee	0x1ef
0x1ef	0x1f2
0x1f3	0x1f6
0x1f9	0x1fc
0x1fc	0x1ff
0x201	0x204
0x204	0x207
0x209	0x20b
0x20b	0x20c
0x20c	0x20f
0x210	0x213
0x216	0x219
0x219	0x21c
0x21e	0x220
0x220	0x221
0x221	0x224
0x225	0x228
0x22b	0x22e
0x22e	0x231
0x233	0x235
0x235	0x236
0x236	0x239
0x23a	0x23d
0x240	0x243
0x243	0x246
0x248	0x24b
0x24b	0x24e
0x24e	0x250
0x250	0x251
0x251	0x253
0x253	0x254
0x254	0x257
0x259	0x25b
0x25b	0x25d
0x25d	0x25e
0x25e	0x260
0x260	0x261
0x261	0x262
0x262	0x265
0x266	0x269
0x26b	0x26d
0x26d	0x26e
0x26e	0x270
0x270	0x271
0x271	0x274
0x275	0x277
0x277	0x27a
0x27c	0x27f
0x27f	0x280
0x280	0x282
0x282	0x284
0x284	0x287
0x287	0x288
0x288	0x28b
0x28f	0x291
0x292	0x294
0x294	0x296
0x296	0x298
0x298	0x29a
0x29a	0x29b
0x29b	0x29c
0x29c	0x29e
0x29e	0x29f
0x29f	0x2a4
0x2a4	0x2a5
0x2a5	0x2a6
0x2a6	0x2a8
0x2a8	0x2ab
0x2ad	0x2af
0x2af	0x2b1
0x2b1	0x2b2
0x2b2	0x2b4
0x2b4	0x2b5
0x2b5	0x2b6
0x2b6	0x2b9
0x2ba	0x2bd
0x2c1	0x2c3
0x2c3	0x2c4
0x2c4	0x2c7
0x2c7	0x2cb
0x2cb	0x2cd
0x2cd	0x2ce
0x2ce	0x2cf
0x2cf	0x2d0
0x2d0	0x2d3
0x2d3	0x2d5
0x2d5	0x2d6
0x2d6	0x2d7
0x2d7	0x2d8
0x2d8	0x2db
0x2dc	0x2df
0x2e1	0x2e5
0x2e5	0x2e8
0x2eb	0x2ec
0x2ec	0x2ed
0x2ed	0x2ee
0x2ee	0x2f1
0x2f2	0x2f4
0x2f4	0x2f5
0x2f5	0x2f7
0x2f7	0x2f8
0x2f8	0x2fb
0x2fd	0x300
0x300	0x302
0x303	0x306
0x306	0x307
0x307	0x30b
0x30b	0x30f
0x30f	0x311
0x312	0x315
0x315	0x316
0x316	0x319
0x319	0x31b
0x31c	0x31e
0x31e	0x320
0x320	0x322
0x322	0x323
0x323	0x326
0x326	0x328
0x329	0x32c
0x32c	0x32f
0x330	0x333
0x333	0x336
0x337	0x33a
0x33a	0x33b
0x33b	0x33e
0x33e	0x340
0x341	0x346
0x348	0x34a
0x34a	0x34b
0x34b	0x36d
0x36d	0x36f
0x36f	0x373
0x373	0x374
0x374	0x389
0x389	0x38c
0x38c	0x390
0x390	0x393
0x395	0x396
0x396	0x3b8
0x3b8	0x3b9
0x3bd	0x3be
0x3be	0x3e1
0x3e1	0x3e2
0x3e5	0x3e7
0x3e7	0x3ea
0x3ea	0x3ed
0x3ef	0x3f2
0x3f2	0x3f4
0x3f4	0x3f6
0x3f6	0x3fa
0x3fa	0x3fc
0x3fc	0x3fe
0x3fe	0x3ff
0x3ff	0x400
0x400	0x403
0x404	0x407
0x407	0x40b
0x40b	0x40c
0x40c	0x40f
0x412	0x416
0x417	0x41c
0x41c	0x41d
0x41d	0x420
0x420	0x421
0x421	0x424
0x424	0x426
0x427	0x42b
0x42b	0x42e
0x42e	0x430
0x430	0x431
0x431	0x433
0x433	0x435
0x435	0x437
0x437	0x438
0x438	0x439
0x439	0x43b
0x43c	0x43f
0x43f	0x440
0x440	0x443
0x443	0x447
0x448	0x44c
0x44c	0x44d
0x44d	0x450
0x450	0x453
0x456	0x457
0x457	0x458
0x458	0x459
0x459	0x45c
0x45d	0x460
0x460	0x461
0x461	0x462
0x462	0x465
0x465	0x466
0x466	0x468
0x468	0x46b
0x46b	0x46e
0x46e	0x471
0x471	0x473
0x473	0x475
0x476	0x479
0x479	0x47a
0x47a	0x47e
0x47e	0x481
0x481	0x485
0x485	0x486
0x486	0x487
0x487	0x48a
0x48b	0x48f
0x48f	0x490
0x490	0x491
0x491	0x493
0x493	0x495
0x495	0x497
0x497	0x498
0x498	0x49c
0x49c	0x4a0
0x4a3	0x4a7
0x4a9	0x4ac
0x4ac	0x4ae
0x4ae	0x4b0
0x4b1	0x4b5
0x4b5	0x4b9
0x4bb	0x4c2
0x4c2	0x4c8
0x4c8	0x4cb
0x4cb	0x4cc
0x4cc	0x4cf
0x4d1	0x4d3
0x4d4	0x4d6
0x4d6	0x4d9
0x4d9	0x4db
0x4db	0x4df
0x4df	0x4e1
0x4e1	0x4e2
0x4e2	0x4e5
0x4e7	0x4e9
0x4e9	0x4ea
0x4ea	0x4ef
0x4ef	0x4f0
0x4f0	0x4f3
0x4f3	0x4f4
0x4f4	0x4f6
0x4f6	0x4f7
0x4f7	0x4f9
0x4f9	0x4fc
0x4fc	0x4fe
0x4fe	0x502
0x502	0x504
0x505	0x507
0x507	0x509
0x509	0x50c
0x50c	0x50f
0x50f	0x510
0x510	0x514
0x515	0x51b
0x51b	0x520
0x522	0x523
0x523	0x525
0x525	0x528
0x528	0x52b
0x52b	0x52c
0x52c	0x52f
0x530	0x532
0x532	0x535
0x538	0x53a
0x53a	0x53e
0x53e	0x542
0x542	0x544
0x544	0x545
0x545	0x547
0x547	0x54a
0x54d	0x54e
0x54e	0x552
0x552	0x553
0x553	0x554
0x554	0x557
0x557	0x558
0x558	0x55b
0x55b	0x55d
0x55e	0x560
0x560	0x562
0x562	0x564
0x564	0x565
0x565	0x568
0x568	0x56b
0x56b	0x56f
0x572	0x573
0x574	0x577
0x577	0x57a
0x57b	0x57e
0x57e	0x581
0x582	0x583
0x583	0x586
0x586	0x587
0x588	0x589
0x589	0x5ad
0x5ad	0x5ae
0x5ae	0x5b0
0x5b0	0x5b2
0x5b4	0x5b7
0x5b9	0x5bc
0x5be	0x5c2
0x5c2	0x5c4
0x5c4	0x5c7
0x5cc	0x5d1
0x5d5	0x5eb
0x5ed	0x603
0x605	0x608
0x608	0x60c
0x60c	0x60d
0x60d	0x610
0x613	0x617
0x618	0x61c
0x61c	0x61d
0x61d	0x621
0x621	0x622
0x622	0x624
0x624	0x625
0x625	0x628
0x628	0x629
0x629	0x62a
0x62a	0x62e
0x62e	0x62f
0x62f	0x630
0x630	0x632
0x632	0x634
0x634	0x636
0x636	0x637
0x637	0x63a
0x63a	0x63e
0x640	0x642
0x642	0x644
0x6a4	0x6a6
0x6a6	0x6a8
0x6aa	0x6bf
0x6bf	0x6c0
0x6c0	0x6c2
0x6c2	0x6c5
0x6c7	0x6dc
0x6dc	0x6dd
0x6dd	0x6df
0x6df	0x6e0
0x6e0	0x6e1
0x6e1	0x6e4
0x6e5	0x6e8
0x6ea	0x6f3
0x6f3	0x6f4
0x6f4	0x6f6
0x6f6	0x6f7
0x6f7	0x6fa
0x6fe	0x6ff
0x6ff	0x701
0x701	0x702
0x702	0x703
0x703	0x706
0x707	0x70a
0x70c	0x711
0x712	0x714
0x717	0x719
0x719	0x71b
0x71d	0x71f
0x71f	0x721
0x725	0x727
0x727	0x729
0x72b	0x72e
0x730	0x732
0x732	0x734
0x736	0x739
0x739	0x74e
0x74e	0x750
0x750	0x753
0x753	0x7550x735
0x75b	0x75e
0x75e	0x773
0x773	0x775
0x775	0x778
0x778	0x779
0x779	0x77c
0x7d7	0x7d9
0x7d9	0x7db
0x7db	0x7de
0x7de	0x7df
0x7df	0x7e1
0x7e3	0x7e5
0x7e5	0x7e7
0x7e7	0x7e9
0x7e9	0x7eb
0x7eb	0x7ec
0x7ec	0x7ed
0x7ed	0x7ef
0x7f0	0x7f2
0x7f2	0x7f3
0x7f3	0x7f6
0x7f7	0x7f9
0x7f9	0x7fa
0x7fa	0x7fd
0x828	0x829
0x82a	0x82b
0x82c	0x82d
0x82e	0x82f
0x830	0x831
0x832	0x833
0x834	0x835
0x836	0x837
0x838	0x839
0x83a	0x83b
0x83c	0x83d
0x83e	0x83f
0x840	0x841
0x842	0x843
0x845	0x846
0x848	0x849
0x84b	0x84c
0x84e	0x84f
0x851	0x852
0x854	0x855
0x857	0x858
0x85a	0x85b
0x85d	0x85e
0x860	0x861
0x863	0x864
0x866	0x867
0x869	0x86a
0x86c	0x86d
0x7cd0x735	0x7cf0x735
0x7c80x735	0x7cb0x735
0x7c30x735	0x7c60x735
0x7b20x735	0x7ba0x735
0x7ab0x735	0x7ae0x735
0x7a50x735	0x7a70x735
0x7a40x735	0x7a50x735
0x7a20x735	0x7a40x735
0x7a00x735	0x7a20x735
0x79e0x735	0x7a00x735
0x79b0x735	0x79d0x735
0x7970x735	0x79a0x735
0x7900x735	0x7920x735
0x78f0x735	0x7900x735
0x78d0x735	0x78f0x735
0x78b0x735	0x78d0x735
0x7890x735	0x78b0x735
0x7840x735	0x7870x735
0x77e0x735	0x7810x735
0x7560x735	0x7590x735
0x1890x167	0x18b0x167
0x1890x1a6	0x18b0x1a6
0x1890x1d6	0x18b0x1d6
0x1890x1eb	0x18b0x1eb
0x1890x208	0x18b0x208
0x1890x21d	0x18b0x21d
0x1890x232	0x18b0x232
0x17d0x167	0x1800x167
0x17d0x1a6	0x1800x1a6
0x17d0x1d6	0x1800x1d6
0x17d0x1eb	0x1800x1eb
0x17d0x208	0x1800x208
0x17d0x21d	0x1800x21d
0x17d0x232	0x1800x232
0x10d0xe1	0x10f0xe1
0x10d0x112	0x10f0x112
0x1020xe1	0x1050xe1
0x1020x112	0x1050x112
0x1010xe1	0x1020xe1
0x1010x112	0x1020x112
0xff0xe1	0x1010xe1
0xff0x112	0x1010x112
0xfd0xe1	0xff0xe1
0xfd0x112	0xff0x112
0xfb0xe1	0xfd0xe1
0xfb0x112	0xfd0x112
0xf70xe1	0xfa0xe1
0xf70x112	0xfa0x112
0x7cc0x735	0x7cd0x735
0x7c70x735	0x7c80x735
0x7c20x735	0x7c30x735
0x7c00x735	0x7c20x735
0x7ba0x735	0x7c00x735
0x7ae0x735	0x7b20x735
0x7aa0x735	0x7ab0x735
0x7a70x735	0x7aa0x735
0x79d0x735	0x79e0x735
0x7960x735	0x7970x735
0x7930x735	0x7940x735
0x7920x735	0x7930x735
0x7830x735	0x7840x735
0x7810x735	0x7830x735
0x18b0x167	0x18d0x167
0x18b0x1a6	0x18d0x1a6
0x18b0x1d6	0x18d0x1d6
0x18b0x1eb	0x18d0x1eb
0x18b0x208	0x18d0x208
0x18b0x21d	0x18d0x21d
0x18b0x232	0x18d0x232
0x1880x167	0x1890x167
0x1880x1a6	0x1890x1a6
0x1880x1d6	0x1890x1d6
0x1880x1eb	0x1890x1eb
0x1880x208	0x1890x208
0x1880x21d	0x1890x21d
0x1880x232	0x1890x232
0x1840x167	0x1880x167
0x1840x1a6	0x1880x1a6
0x1840x1d6	0x1880x1d6
0x1840x1eb	0x1880x1eb
0x1840x208	0x1880x208
0x1840x21d	0x1880x21d
0x1840x232	0x1880x232
0x1800x167	0x1830x167
0x1800x1a6	0x1830x1a6
0x1800x1d6	0x1830x1d6
0x1800x1eb	0x1830x1eb
0x1800x208	0x1830x208
0x1800x21d	0x1830x21d
0x1800x232	0x1830x232
0x10f0xe1	0x1110xe1
0x10f0x112	0x1110x112
0x10c0xe1	0x10d0xe1
0x10c0x112	0x10d0x112
0x1080xe1	0x10c0xe1
0x1080x112	0x10c0x112
0x1050xe1	0x1070xe1
0x1050x112	0x1070x112
0xfa0xe1	0xfb0xe1
0xfa0x112	0xfb0x112
0x7550x735	0x7560x735
0x7940x735	0x7960x735
0xd6	0xd8
0xde	0xe00xc4
0xf5	0xf70xe1
0x13e	0x140
0x17b	0x17d0x167
0x27a	0x27c
0x2fb	0x2fd
0x3e3	0x3e5
0x3ed	0x3ef
0x4e5	0x4e7
0x520	0x522
0x535	0x538
0x5b7	0x5b9
0x5bc	0x5be
0x5c7	0x5cc
0x7590x735	0x75b
0xcd	0xce
0xe8	0xe9
0x119	0x11a
0x12e	0x12f
0x16e	0x16f
0x195	0x196
0x1ad	0x1ae
0x1c2	0x1c3
0x1dd	0x1de
0x1f2	0x1f3
0x20f	0x210
0x224	0x225
0x239	0x23a
0x257	0x259
0x265	0x266
0x274	0x275
0x28b	0x28c
0x2ab	0x2ad
0x2b9	0x2ba
0x2db	0x2dc
0x2f1	0x2f2
0x403	0x404
0x40f	0x410
0x45c	0x45d
0x48a	0x48b
0x4cf	0x4d1
0x52f	0x530
0x610	0x611
0x6c5	0x6c7
0x6e4	0x6e5
0x6fa	0x6fe
0x706	0x707
0x829	0xd
0x82b	0x41
0x82d	0x4c
0x82f	0x57
0x831	0x62
0x833	0x6d
0x835	0x78
0x837	0x83
0x839	0x8e
0x83b	0x99
0x83d	0xa4
0x83f	0xaf
0x841	0xba
0x843	0x845
0x7870x735	0x7890x735
0x79a0x735	0x79b0x735
0x7c60x735	0x7c70x735
0xec	0xef
0x11d	0x120
0x132	0x135
0x172	0x175
0x199	0x19c
0x1b1	0x1b4
0x1c6	0x1c9
0x1e1	0x1e4
0x1f6	0x1f9
0x213	0x216
0x228	0x22b
0x23d	0x240
0x269	0x26b
0x2bd	0x2c1
0x2df	0x2e1
0x6e8	0x6ea
0x70a	0x70c
0x7cf0x735	0x7d50x735
0x4	0x5
0x150	0x151
0x158	0x15b
0x15c	0x15d
0x291	0x292
0x31b	0x31c
0x328	0x329
0x32f	0x330
0x336	0x337
0x346	0x348
0x416	0x417
0x426	0x427
0x43b	0x43c
0x447	0x448
0x453	0x456
0x4a0	0x4a3
0x4a7	0x4a9
0x4b0	0x4b1
0x4b9	0x4bb
0x4d3	0x4d4
0x504	0x505
0x55d	0x55e
0x56f	0x572
0x573	0x574
0x57a	0x57b
0x581	0x582
0x587	0x588
0x617	0x618
0x7e1	0x7e3
0x7ef	0x7f0
0x7f6	0x7f7
0x7fd	0x800
0x1070xe1	0x1080xe1
0x1070x112	0x1080x112
0x1830x167	0x1840x167
0x1830x1a6	0x1840x1a6
0x1830x1d6	0x1840x1d6
0x1830x1eb	0x1840x1eb
0x1830x208	0x1840x208
0x1830x21d	0x1840x21d
0x1830x232	0x1840x232
0x302	0x303
0x311	0x312
0x340	0x341
0x393	0x395
0x3b9	0x3bd
0x3e2	0x3e3
0x475	0x476
0x514	0x515
0x5d1	0x5d3
0x711	0x712
0x714	0x715
0x5b2	0x5b4
0x7cb0x735	0x7cc0x735
0x1a5	0x6460x19a
0x2e8	0x2eb
0x54a	0x77e0x53b
0x77c	0x7550x75a
0x28c	0x28f
0x410	0x412
0x611	0x613
0x6810x19a	0x6840x19a
0x6840x19a	0x6860x19a
0x6930x19a	0x6960x19a
0x6960x19a	0x6980x19a
0x6460x19a	0x65b0x19a
0x65b0x19a	0x65c0x19a
0x65c0x19a	0x65e0x19a
0x65e0x19a	0x6610x19a
0x6610x19a	0x6630x19a
0x67b0x19a	0x67c0x19a
0x67c0x19a	0x67d0x19a
0x67d0x19a	0x6800x19a
0x6800x19a	0x6810x19a
0x6860x19a	0x6880x19a
0x6880x19a	0x6890x19a
0x6890x19a	0x68a0x19a
0x68a0x19a	0x68b0x19a
0x68b0x19a	0x68d0x19a
0x68d0x19a	0x68e0x19a
0x68e0x19a	0x68f0x19a
0x68f0x19a	0x6920x19a
0x6920x19a	0x6930x19a
0x6980x19a	0x69c0x19a
0x69c0x19a	0x69f0x19a
0x69f0x19a	0x6a20x6450x19a
0x6630x19a	0x6780x19a
0x6780x19a	0x6790x19a
0x6790x19a	0x67b0x19a
0x7c30x77d0x53b	0x7c60x77d0x53b
0x7b20x77d0x53b	0x7ba0x77d0x53b
0x7ab0x77d0x53b	0x7ae0x77d0x53b
0x7a50x77d0x53b	0x7a70x77d0x53b
0x7a40x77d0x53b	0x7a50x77d0x53b
0x7a20x77d0x53b	0x7a40x77d0x53b
0x7a00x77d0x53b	0x7a20x77d0x53b
0x79e0x77d0x53b	0x7a00x77d0x53b
0x79b0x77d0x53b	0x79d0x77d0x53b
0x7c20x77d0x53b	0x7c30x77d0x53b
0x7c00x77d0x53b	0x7c20x77d0x53b
0x7ba0x77d0x53b	0x7c00x77d0x53b
0x7ae0x77d0x53b	0x7b20x77d0x53b
0x7aa0x77d0x53b	0x7ab0x77d0x53b
0x7a70x77d0x53b	0x7aa0x77d0x53b
0x79d0x77d0x53b	0x79e0x77d0x53b
0x7c60x77d0x53b	0x7c70x77d0x53b
0x7cd0x77d0x53b	0x7cf0x77d0x53b
0x7c80x77d0x53b	0x7cb0x77d0x53b
0x7cc0x77d0x53b	0x7cd0x77d0x53b
0x7c70x77d0x53b	0x7c80x77d0x53b
0x7cf0x77d0x53b	0x7d50x77d0x53b
0x7cb0x77d0x53b	0x7cc0x77d0x53b
0x77e0x53b	0x7810x53b
0x7810x53b	0x7830x53b
0x7830x53b	0x7840x53b
0x7840x53b	0x7870x53b
0x7870x53b	0x7890x77d0x53b
0x7900x77d0x53b	0x7920x77d0x53b
0x78f0x77d0x53b	0x7900x77d0x53b
0x78d0x77d0x53b	0x78f0x77d0x53b
0x78b0x77d0x53b	0x78d0x77d0x53b
0x7890x77d0x53b	0x78b0x77d0x53b
0x7930x77d0x53b	0x7940x77d0x53b
0x7920x77d0x53b	0x7930x77d0x53b
0x7940x77d0x53b	0x7960x77d0x53b
0x7970x77d0x53b	0x79a0x77d0x53b
0x7960x77d0x53b	0x7970x77d0x53b
0x79a0x77d0x53b	0x79b0x77d0x53b
0x7c30x7540x75a	0x7c60x7540x75a
0x7b20x7540x75a	0x7ba0x7540x75a
0x7ab0x7540x75a	0x7ae0x7540x75a
0x7a50x7540x75a	0x7a70x7540x75a
0x7a40x7540x75a	0x7a50x7540x75a
0x7a20x7540x75a	0x7a40x7540x75a
0x7a00x7540x75a	0x7a20x7540x75a
0x79e0x7540x75a	0x7a00x7540x75a
0x79b0x7540x75a	0x79d0x7540x75a
0x7c20x7540x75a	0x7c30x7540x75a
0x7c00x7540x75a	0x7c20x7540x75a
0x7ba0x7540x75a	0x7c00x7540x75a
0x7ae0x7540x75a	0x7b20x7540x75a
0x7aa0x7540x75a	0x7ab0x7540x75a
0x7a70x7540x75a	0x7aa0x7540x75a
0x79d0x7540x75a	0x79e0x7540x75a
0x7c60x7540x75a	0x7c70x7540x75a
0x7cd0x7540x75a	0x7cf0x7540x75a
0x7c80x7540x75a	0x7cb0x7540x75a
0x7cc0x7540x75a	0x7cd0x7540x75a
0x7c70x7540x75a	0x7c80x7540x75a
0x7cf0x7540x75a	0x7d50x7540x75a
0x7cb0x7540x75a	0x7cc0x7540x75a
0x7550x75a	0x7560x75a
0x7560x75a	0x7590x75a
0x7840x7540x75a	0x7870x7540x75a
0x77e0x7540x75a	0x7810x7540x75a
0x7830x7540x75a	0x7840x7540x75a
0x7810x7540x75a	0x7830x7540x75a
0x7870x7540x75a	0x7890x7540x75a
0x7900x7540x75a	0x7920x7540x75a
0x78f0x7540x75a	0x7900x7540x75a
0x78d0x7540x75a	0x78f0x7540x75a
0x78b0x7540x75a	0x78d0x7540x75a
0x7890x7540x75a	0x78b0x7540x75a
0x7930x7540x75a	0x7940x7540x75a
0x7920x7540x75a	0x7930x7540x75a
0x7940x7540x75a	0x7960x7540x75a
0x7970x7540x75a	0x79a0x7540x75a
0x7960x7540x75a	0x7970x7540x75a
0x79a0x7540x75a	0x79b0x7540x75a
