0x0		0x0
0x40		0x40
0x1		0x1
0x3f		0x3f
0x60		0x60
0x1f		0x1f
0x4		0x4
0x2		0x2
0x3		0x3
0x5		0x5
0x6		0x6
0x7		0x7
0x8		0x8
0x9		0x9
0xa		0xa
0xb		0xb
0xc		0xc
0xd		0xd
0xe		0xe
0xf		0xf
0x10		0x10
0x11		0x11
0x12		0x12
0x13		0x13
0x14		0x14
0x15		0x15
0x16		0x16
0x1b		0x1b
0x1c		0x1c
0x1d		0x1d
0x1e		0x1e
0x21		0x21
0x26		0x26
0x27		0x27
0x28		0x28
0x29		0x29
0x2a		0x2a
0x2b		0x2b
0x2c		0x2c
0x2d		0x2d
0x2e		0x2e
0x2f		0x2f
0x30		0x30
0x31		0x31
0x32		0x32
0x33		0x33
0x34		0x34
0x35		0x35
0x36		0x36
0x37		0x37
0x38		0x38
0x39		0x39
0x3a		0x3a
0x3b		0x3b
0x3c		0x3c
0x3d		0x3d
0x3e		0x3e
0x41		0x41
0x42		0x42
0x43		0x43
0x44		0x44
0x45		0x45
0x46		0x46
0x47		0x47
0x48		0x48
0x49		0x49
0x4a		0x4a
0x4b		0x4b
0x4c		0x4c
0x4d		0x4d
0x4e		0x4e
0x4f		0x4f
0x50		0x50
0x51		0x51
0x52		0x52
0x53		0x53
0x54		0x54
0x55		0x55
0x56		0x56
0x57		0x57
0x58		0x58
0x59		0x59
0x5a		0x5a
0x5b		0x5b
0x5d		0x5d
0x5e		0x5e
0x5f		0x5f
0x61		0x61
0x62		0x62
0x6a		0x6a
0x6b		0x6b
0x6c		0x6c
0x6d		0x6d
0x6e		0x6e
0x6f		0x6f
0x70		0x70
0x71		0x71
0x72		0x72
0x7a		0x7a
0x7b		0x7b
0x7c		0x7c
0x7d		0x7d
0x7e		0x7e
0x83		0x83
0x84		0x84
0x85		0x85
0x86		0x86
0x88		0x88
0x89		0x89
0x90		0x90
0x91		0x91
0x92		0x92
0x93		0x93
0x94		0x94
0x95		0x95
0x98		0x98
0x99		0x99
0x9a		0x9a
0x9b		0x9b
0x9c		0x9c
0x9d		0x9d
0x9e		0x9e
0x9f		0x9f
0xa0		0xa0
0xa1		0xa1
0xa7		0xa7
0xa8		0xa8
0xa9		0xa9
0xaa		0xaa
0xae		0xae
0xaf		0xaf
0xb0		0xb0
0xb1		0xb1
0xb2		0xb2
0xb3		0xb3
0xb4		0xb4
0xb8		0xb8
0xbe		0xbe
0xbf		0xbf
0xc0		0xc0
0xc7		0xc7
0xc8		0xc8
0xc9		0xc9
0xca		0xca
0xcb		0xcb
0xd0		0xd0
0xd1		0xd1
0xd2		0xd2
0xd3		0xd3
0xd4		0xd4
0xd5		0xd5
0xd6		0xd6
0xd7		0xd7
0xdf		0xdf
0xe1		0xe1
0xe2		0xe2
0xe3		0xe3
0xe8		0xe8
0xe9		0xe9
0xea		0xea
0xeb		0xeb
0xec		0xec
0xf0		0xf0
0xf1		0xf1
0xf2		0xf2
0xf3		0xf3
0xf4		0xf4
0xf5		0xf5
0xf6		0xf6
0xf7		0xf7
0xf8		0xf8
0x100		0x100
0x101		0x101
0x102		0x102
0x109		0x109
0x10b		0x10b
0x10c		0x10c
0x10f		0x10f
0x110		0x110
0x111		0x111
0x112		0x112
0x113		0x113
0x114		0x114
0x115		0x115
0x116		0x116
0x117		0x117
0x118		0x118
0x119		0x119
0x11c		0x11c
0x11d		0x11d
0x11e		0x11e
0x11f		0x11f
0x121		0x121
0x122		0x122
0x128		0x128
0x129		0x129
0x12a		0x12a
0x12b		0x12b
0x12c		0x12c
0x12d		0x12d
0x12e		0x12e
0x12f		0x12f
0x130		0x130
0x132		0x132
0x133		0x133
0x134		0x134
0x135		0x135
0x136		0x136
0x139		0x139
0x13b		0x13b
0x140		0x140
0x141		0x141
0x142		0x142
0x143		0x143
0x144		0x144
0x145		0x145
0x146		0x146
0x148		0x148
0x149		0x149
0x14a		0x14a
0x14b		0x14b
0x14c		0x14c
0x152		0x152
0x157		0x157
0x158		0x158
0x159		0x159
0x15a		0x15a
0x15b		0x15b
0x162		0x162
0x168		0x168
0x16c		0x16c
0x16d		0x16d
0x16e		0x16e
0x16f		0x16f
0x170		0x170
0x174		0x174
0x175		0x175
0x176		0x176
0x177		0x177
0x178		0x178
0x17e		0x17e
0x17f		0x17f
0x186		0x186
0x18e		0x18e
0x18f		0x18f
0x190		0x190
0x191		0x191
0x192		0x192
0x19a		0x19a
0x19b		0x19b
0x19c		0x19c
0x19d		0x19d
0x19e		0x19e
0x19f		0x19f
0x1a0		0x1a0
0x1a6		0x1a6
0x1a7		0x1a7
0x1a8		0x1a8
0x1a9		0x1a9
0x1aa		0x1aa
0x1b2		0x1b2
0x1b3		0x1b3
0x1b4		0x1b4
0x1bb		0x1bb
0x1bc		0x1bc
0x1bd		0x1bd
0x1be		0x1be
0x1bf		0x1bf
0x1c3		0x1c3
0x1c4		0x1c4
0x1c5		0x1c5
0x1c6		0x1c6
0x1c7		0x1c7
0x1c8		0x1c8
0x1c9		0x1c9
0x1ca		0x1ca
0x1cb		0x1cb
0x1cc		0x1cc
0x1cd		0x1cd
0x1ce		0x1ce
0x1cf		0x1cf
0x1d0		0x1d0
0x1d1		0x1d1
0x1d2		0x1d2
0x1d3		0x1d3
0x1d4		0x1d4
0x1d5		0x1d5
0x1d6		0x1d6
0x1d7		0x1d7
0x1d8		0x1d8
0x1d9		0x1d9
0x1da		0x1da
0x1db		0x1db
0x1dc		0x1dc
0x1dd		0x1dd
0x1de		0x1de
0x1df		0x1df
0x1e0		0x1e0
0x1e1		0x1e1
0x1e2		0x1e2
0x1e3		0x1e3
0x1e4		0x1e4
0x1e5		0x1e5
0x1e6		0x1e6
0x1e7		0x1e7
0x1e8		0x1e8
0x1e9		0x1e9
0x1ea		0x1ea
0x1eb		0x1eb
0x1ed		0x1ed
0x1ee		0x1ee
0x1ef		0x1ef
0x1f0		0x1f0
0x1f1		0x1f1
0x1f2		0x1f2
0x1f3		0x1f3
0x1f5		0x1f5
0x1f6		0x1f6
0x1f7		0x1f7
0x1f8		0x1f8
0x1f9		0x1f9
0x1fa		0x1fa
0x1fb		0x1fb
0x1fd		0x1fd
0x1fe		0x1fe
0x1ff		0x1ff
0x200		0x200
0x201		0x201
0x202		0x202
0x203		0x203
0x204		0x204
0x205		0x205
0x206		0x206
0x207		0x207
0x208		0x208
0x209		0x209
0x20d		0x20d
0x20e		0x20e
0x20f		0x20f
0x210		0x210
0x211		0x211
0x212		0x212
0x213		0x213
0x214		0x214
0x215		0x215
0x216		0x216
0x217		0x217
0x21f		0x21f
0x220		0x220
0x221		0x221
0x222		0x222
0x223		0x223
0x224		0x224
0x225		0x225
0x226		0x226
0x227		0x227
0x228		0x228
0x229		0x229
0x22a		0x22a
0x22b		0x22b
0x22c		0x22c
0x22d		0x22d
0x22e		0x22e
0x22f		0x22f
0x230		0x230
0x231		0x231
0x233		0x233
0x234		0x234
0x235		0x235
0x236		0x236
0x237		0x237
0x238		0x238
0x239		0x239
0x23a		0x23a
0x23b		0x23b
0x23c		0x23c
0x23d		0x23d
0x23e		0x23e
0x23f		0x23f
0x243		0x243
0x244		0x244
0x245		0x245
0x246		0x246
0x247		0x247
0x249		0x249
0x24a		0x24a
0x24b		0x24b
0x24d		0x24d
0x24e		0x24e
0x24f		0x24f
0x250		0x250
0x251		0x251
0x253		0x253
0x254		0x254
0x255		0x255
0x256		0x256
0x257		0x257
0x25f		0x25f
0x260		0x260
0x261		0x261
0x262		0x262
0x263		0x263
0x268		0x268
0x269		0x269
0x26a		0x26a
0x26b		0x26b
0x26c		0x26c
0x26d		0x26d
0x26e		0x26e
0x26f		0x26f
0x270		0x270
0x271		0x271
0x272		0x272
0x273		0x273
0x274		0x274
0x275		0x275
0x276		0x276
0x277		0x277
0x278		0x278
0x279		0x279
0x27a		0x27a
0x27b		0x27b
0x27c		0x27c
0x27d		0x27d
0x27e		0x27e
0x27f		0x27f
0x280		0x280
0x281		0x281
0x282		0x282
0x283		0x283
0x286		0x286
0x288		0x288
0x289		0x289
0x28a		0x28a
0x28b		0x28b
0x28c		0x28c
0x28d		0x28d
0x28e		0x28e
0x28f		0x28f
0x290		0x290
0x291		0x291
0x292		0x292
0x293		0x293
0x295		0x295
0x296		0x296
0x297		0x297
0x298		0x298
0x299		0x299
0x29d		0x29d
0x29e		0x29e
0x29f		0x29f
0x2a0		0x2a0
0x2a1		0x2a1
0x2a2		0x2a2
0x2a3		0x2a3
0x2a4		0x2a4
0x2a5		0x2a5
0x2a6		0x2a6
0x2a7		0x2a7
0x2a8		0x2a8
0x2a9		0x2a9
0x2aa		0x2aa
0x2ab		0x2ab
0x2ad		0x2ad
0x2ae		0x2ae
0x2af		0x2af
0x2b1		0x2b1
0x2b2		0x2b2
0x2ba		0x2ba
0x2bb		0x2bb
0x2bc		0x2bc
0x2bd		0x2bd
0x2be		0x2be
0x2bf		0x2bf
0x2c0		0x2c0
0x2c1		0x2c1
0x2c2		0x2c2
0x2c4		0x2c4
0x2c5		0x2c5
0x2c6		0x2c6
0x2c7		0x2c7
0x2c8		0x2c8
0x2c9		0x2c9
0x2ca		0x2ca
0x2d2		0x2d2
0x2d3		0x2d3
0x2d4		0x2d4
0x2d7		0x2d7
0x2d8		0x2d8
0x2d9		0x2d9
0x2da		0x2da
0x2db		0x2db
0x2dc		0x2dc
0x2dd		0x2dd
0x2de		0x2de
0x2df		0x2df
0x2e0		0x2e0
0x2e1		0x2e1
0x2e2		0x2e2
0x2e3		0x2e3
0x2e5		0x2e5
0x2e6		0x2e6
0x2e7		0x2e7
0x2e8		0x2e8
0x2e9		0x2e9
0x2ea		0x2ea
0x2eb		0x2eb
0x2ed		0x2ed
0x2ee		0x2ee
0x2f6		0x2f6
0x2fe		0x2fe
0x306		0x306
0x30e		0x30e
0x316		0x316
0x317		0x317
0x319		0x319
0x31a		0x31a
0x31b		0x31b
0x31c		0x31c
0x31d		0x31d
0x31e		0x31e
0x31f		0x31f
0x321		0x321
0x323		0x323
0x325		0x325
0x327		0x327
0x328		0x328
0x329		0x329
0x32a		0x32a
0x32b		0x32b
0x32d		0x32d
0x32e		0x32e
0x32f		0x32f
0x330		0x330
0x331		0x331
0x332		0x332
0x333		0x333
0x335		0x335
0x337		0x337
0x339		0x339
0x33b		0x33b
0x33c		0x33c
0x33d		0x33d
0x33e		0x33e
0x33f		0x33f
0x340		0x340
0x341		0x341
0x342		0x342
0x343		0x343
0x344		0x344
0x345		0x345
0x346		0x346
0x347		0x347
0x34f		0x34f
0x350		0x350
0x351		0x351
0x352		0x352
0x353		0x353
0x354		0x354
0x355		0x355
0x356		0x356
0x357		0x357
0x358		0x358
0x359		0x359
0x35a		0x35a
0x35b		0x35b
0x35c		0x35c
0x35d		0x35d
0x35e		0x35e
0x35f		0x35f
0x360		0x360
0x361		0x361
0x362		0x362
0x363		0x363
0x364		0x364
0x365		0x365
0x366		0x366
0x367		0x367
0x369		0x369
0x36a		0x36a
0x36b		0x36b
0x36c		0x36c
0x36d		0x36d
0x36e		0x36e
0x36f		0x36f
0x370		0x370
0x371		0x371
0x372		0x372
0x373		0x373
0x374		0x374
0x375		0x375
0x377		0x377
0x378		0x378
0x379		0x379
0x37b		0x37b
0x37c		0x37c
0x384		0x384
0x385		0x385
0x386		0x386
0x387		0x387
0x388		0x388
0x389		0x389
0x38a		0x38a
0x38f		0x38f
0x390		0x390
0x391		0x391
0x392		0x392
0x393		0x393
0x394		0x394
0x39c		0x39c
0x39d		0x39d
0x39e		0x39e
0x3a4		0x3a4
0x3a7		0x3a7
0x3a8		0x3a8
0x3a9		0x3a9
0x3ad		0x3ad
0x3ae		0x3ae
0x3af		0x3af
0x3b0		0x3b0
0x3b1		0x3b1
0x3b2		0x3b2
0x3b3		0x3b3
0x3b4		0x3b4
0x3b5		0x3b5
0x3b6		0x3b6
0x3b7		0x3b7
0x3b8		0x3b8
0x3b9		0x3b9
0x3ba		0x3ba
0x3bb		0x3bb
0x3bc		0x3bc
0x3bd		0x3bd
0x3bf		0x3bf
0x3c0		0x3c0
0x3c1		0x3c1
0x3c2		0x3c2
0x3c3		0x3c3
0x3c4		0x3c4
0x3c5		0x3c5
0x3c6		0x3c6
0x3c7		0x3c7
0x3c8		0x3c8
0x3c9		0x3c9
0x3ca		0x3ca
0x3cb		0x3cb
0x3cd		0x3cd
0x3ce		0x3ce
0x3cf		0x3cf
0x3d1		0x3d1
0x3d2		0x3d2
0x3da		0x3da
0x3db		0x3db
0x3dc		0x3dc
0x3dd		0x3dd
0x3de		0x3de
0x3df		0x3df
0x3e0		0x3e0
0x3e8		0x3e8
0x3e9		0x3e9
0x3ea		0x3ea
0x3f2		0x3f2
0x3f3		0x3f3
0x3f4		0x3f4
0x3f5		0x3f5
0x3f6		0x3f6
0x3f7		0x3f7
0x3f8		0x3f8
0x3f9		0x3f9
0x3fa		0x3fa
0x3fb		0x3fb
0x3fc		0x3fc
0x3fd		0x3fd
0x3fe		0x3fe
0x3ff		0x3ff
0x400		0x400
0x401		0x401
0x402		0x402
0x403		0x403
0x405		0x405
0x406		0x406
0x407		0x407
0x408		0x408
0x409		0x409
0x40a		0x40a
0x40b		0x40b
0x40d		0x40d
0x40e		0x40e
0x416		0x416
0x41e		0x41e
0x426		0x426
0x42e		0x42e
0x436		0x436
0x437		0x437
0x439		0x439
0x43a		0x43a
0x43b		0x43b
0x43c		0x43c
0x43d		0x43d
0x43e		0x43e
0x43f		0x43f
0x441		0x441
0x443		0x443
0x445		0x445
0x447		0x447
0x448		0x448
0x449		0x449
0x44a		0x44a
0x44b		0x44b
0x44d		0x44d
0x44e		0x44e
0x456		0x456
0x45e		0x45e
0x466		0x466
0x46e		0x46e
0x476		0x476
0x477		0x477
0x479		0x479
0x47a		0x47a
0x47b		0x47b
0x47c		0x47c
0x47d		0x47d
0x47e		0x47e
0x47f		0x47f
0x481		0x481
0x483		0x483
0x485		0x485
0x487		0x487
0x488		0x488
0x489		0x489
0x48a		0x48a
0x48b		0x48b
0x48d		0x48d
0x48e		0x48e
0x48f		0x48f
0x490		0x490
0x491		0x491
0x492		0x492
0x493		0x493
0x495		0x495
0x497		0x497
0x499		0x499
0x49b		0x49b
0x49c		0x49c
0x49d		0x49d
0x49e		0x49e
0x49f		0x49f
0x4a0		0x4a0
0x4a1		0x4a1
0x4a2		0x4a2
0x4a3		0x4a3
0x4a4		0x4a4
0x4a5		0x4a5
0x4a6		0x4a6
0x4aa		0x4aa
0x4ab		0x4ab
0x4af		0x4af
0x4b0		0x4b0
0x4b1		0x4b1
0x4b2		0x4b2
0x4b3		0x4b3
0x4b4		0x4b4
0x4b5		0x4b5
0x4b6		0x4b6
0x4b7		0x4b7
0x4b8		0x4b8
0x4b9		0x4b9
0x4ba		0x4ba
0x4bb		0x4bb
0x4bc		0x4bc
0x4bd		0x4bd
0x4be		0x4be
0x4bf		0x4bf
0x4c0		0x4c0
0x4c1		0x4c1
0x4c2		0x4c2
0x4c3		0x4c3
0x4c4		0x4c4
0x4c5		0x4c5
0x4c6		0x4c6
0x4c7		0x4c7
0x4c9		0x4c9
0x4ca		0x4ca
0x4cb		0x4cb
0x4cc		0x4cc
0x4cd		0x4cd
0x4ce		0x4ce
0x4cf		0x4cf
0x4d0		0x4d0
0x4d1		0x4d1
0x4d2		0x4d2
0x4d3		0x4d3
0x4d4		0x4d4
0x4d5		0x4d5
0x4d7		0x4d7
0x4d8		0x4d8
0x4d9		0x4d9
0x4db		0x4db
0x4dc		0x4dc
0x4e4		0x4e4
0x4e5		0x4e5
0x4e6		0x4e6
0x4e7		0x4e7
0x4e8		0x4e8
0x4e9		0x4e9
0x4eb		0x4eb
0x4ef		0x4ef
0x4f0		0x4f0
0x4f1		0x4f1
0x4f2		0x4f2
0x4f3		0x4f3
0x4f4		0x4f4
0x4fc		0x4fc
0x4fd		0x4fd
0x4fe		0x4fe
0x4ff		0x4ff
0x500		0x500
0x501		0x501
0x502		0x502
0x503		0x503
0x504		0x504
0x508		0x508
0x509		0x509
0x50d		0x50d
0x50e		0x50e
0x50f		0x50f
0x510		0x510
0x511		0x511
0x512		0x512
0x513		0x513
0x514		0x514
0x515		0x515
0x516		0x516
0x51e		0x51e
0x51f		0x51f
0x520		0x520
0x521		0x521
0x522		0x522
0x523		0x523
0x524		0x524
0x525		0x525
0x526		0x526
0x527		0x527
0x528		0x528
0x529		0x529
0x52b		0x52b
0x52c		0x52c
0x52d		0x52d
0x52e		0x52e
0x52f		0x52f
0x530		0x530
0x531		0x531
0x532		0x532
0x533		0x533
0x534		0x534
0x535		0x535
0x536		0x536
0x537		0x537
0x539		0x539
0x53a		0x53a
0x53b		0x53b
0x53d		0x53d
0x53e		0x53e
0x546		0x546
0x547		0x547
0x548		0x548
0x549		0x549
0x54a		0x54a
0x54b		0x54b
0x54c		0x54c
0x550		0x550
0x551		0x551
0x552		0x552
0x553		0x553
0x554		0x554
0x555		0x555
0x556		0x556
0x55e		0x55e
0x55f		0x55f
0x560		0x560
0x565		0x565
0x566		0x566
0x567		0x567
0x568		0x568
0x569		0x569
0x56a		0x56a
0x56b		0x56b
0x56c		0x56c
0x56d		0x56d
0x56e		0x56e
0x56f		0x56f
0x571		0x571
0x572		0x572
0x573		0x573
0x574		0x574
0x575		0x575
0x576		0x576
0x577		0x577
0x579		0x579
0x57a		0x57a
0x57b		0x57b
0x57c		0x57c
0x57d		0x57d
0x57e		0x57e
0x57f		0x57f
0x581		0x581
0x583		0x583
0x585		0x585
0x587		0x587
0x588		0x588
0x589		0x589
0x58a		0x58a
0x58b		0x58b
0x58c		0x58c
0x58d		0x58d
0x58e		0x58e
0x58f		0x58f
0x590		0x590
0x591		0x591
0x592		0x592
0x598		0x598
0x599		0x599
0x59a		0x59a
0x59b		0x59b
0x59c		0x59c
0x59d		0x59d
0x59e		0x59e
0x59f		0x59f
0x5a0		0x5a0
0x5a1		0x5a1
0x5a2		0x5a2
0x5a3		0x5a3
0x5a4		0x5a4
0x5a5		0x5a5
0x5a6		0x5a6
0x5a7		0x5a7
0x5a8		0x5a8
0x5a9		0x5a9
0x5aa		0x5aa
0x5ab		0x5ab
0x5ac		0x5ac
0x5ad		0x5ad
0x5ae		0x5ae
0x5af		0x5af
0x5b0		0x5b0
0x5b1		0x5b1
0x5b2		0x5b2
0x5b3		0x5b3
0x5b5		0x5b5
0x5b6		0x5b6
0x5b7		0x5b7
0x5b8		0x5b8
0x5b9		0x5b9
0x5ba		0x5ba
0x5bb		0x5bb
0x5bc		0x5bc
0x5bd		0x5bd
0x5be		0x5be
0x5bf		0x5bf
0x5c0		0x5c0
0x5c1		0x5c1
0x5c3		0x5c3
0x5c4		0x5c4
0x5c5		0x5c5
0x5c7		0x5c7
0x5c8		0x5c8
0x5d0		0x5d0
0x5d1		0x5d1
0x5d2		0x5d2
0x5d3		0x5d3
0x5d4		0x5d4
0x5d5		0x5d5
0x5d6		0x5d6
0x5de		0x5de
0x5df		0x5df
0x5e0		0x5e0
0x5e8		0x5e8
0x5e9		0x5e9
0x5ea		0x5ea
0x5eb		0x5eb
0x5ec		0x5ec
0x5ed		0x5ed
0x5ee		0x5ee
0x5ef		0x5ef
0x5f0		0x5f0
0x5f1		0x5f1
0x5f2		0x5f2
0x5f3		0x5f3
0x5f4		0x5f4
0x5f5		0x5f5
0x5f6		0x5f6
0x5f7		0x5f7
0x5f8		0x5f8
0x5f9		0x5f9
0x5fb		0x5fb
0x5fc		0x5fc
0x5fd		0x5fd
0x5fe		0x5fe
0x5ff		0x5ff
0x600		0x600
0x601		0x601
0x603		0x603
0x604		0x604
0x605		0x605
0x606		0x606
0x607		0x607
0x608		0x608
0x609		0x609
0x60b		0x60b
0x60d		0x60d
0x60f		0x60f
0x611		0x611
0x612		0x612
0x613		0x613
0x614		0x614
0x615		0x615
0x616		0x616
0x617		0x617
0x618		0x618
0x619		0x619
0x61a		0x61a
0x61b		0x61b
0x61e		0x61e
0x61f		0x61f
0x620		0x620
0x621		0x621
0x625		0x625
0x626		0x626
0x627		0x627
0x628		0x628
0x629		0x629
0x62a		0x62a
0x62b		0x62b
0x62c		0x62c
0x62d		0x62d
0x62e		0x62e
0x62f		0x62f
0x630		0x630
0x631		0x631
0x632		0x632
0x633		0x633
0x634		0x634
0x635		0x635
0x636		0x636
0x637		0x637
0x638		0x638
0x639		0x639
0x63a		0x63a
0x63b		0x63b
0x63c		0x63c
0x63d		0x63d
0x63f		0x63f
0x640		0x640
0x641		0x641
0x642		0x642
0x643		0x643
0x644		0x644
0x645		0x645
0x646		0x646
0x647		0x647
0x648		0x648
0x649		0x649
0x64a		0x64a
0x64b		0x64b
0x64d		0x64d
0x64e		0x64e
0x64f		0x64f
0x651		0x651
0x652		0x652
0x65a		0x65a
0x65b		0x65b
0x65c		0x65c
0x65d		0x65d
0x65e		0x65e
0x65f		0x65f
0x660		0x660
0x661		0x661
0x662		0x662
0x664		0x664
0x665		0x665
0x666		0x666
0x667		0x667
0x668		0x668
0x669		0x669
0x66a		0x66a
0x672		0x672
0x673		0x673
0x674		0x674
0x675		0x675
0x679		0x679
0x67a		0x67a
0x67b		0x67b
0x67c		0x67c
0x67d		0x67d
0x67e		0x67e
0x67f		0x67f
0x680		0x680
0x681		0x681
0x682		0x682
0x683		0x683
0x685		0x685
0x686		0x686
0x687		0x687
0x688		0x688
0x689		0x689
0x68a		0x68a
0x68b		0x68b
0x68d		0x68d
0x68e		0x68e
0x696		0x696
0x69e		0x69e
0x6a6		0x6a6
0x6ae		0x6ae
0x6b6		0x6b6
0x6b7		0x6b7
0x6b9		0x6b9
0x6ba		0x6ba
0x6bb		0x6bb
0x6bc		0x6bc
0x6bd		0x6bd
0x6be		0x6be
0x6bf		0x6bf
0x6c1		0x6c1
0x6c3		0x6c3
0x6c5		0x6c5
0x6c7		0x6c7
0x6c8		0x6c8
0x6c9		0x6c9
0x6ca		0x6ca
0x6cb		0x6cb
0x6cc		0x6cc
0x6cd		0x6cd
0x6ce		0x6ce
0x6cf		0x6cf
0x6d0		0x6d0
0x6d1		0x6d1
0x6d5		0x6d5
0x6d6		0x6d6
0x6d7		0x6d7
0x6db		0x6db
0x6dc		0x6dc
0x6dd		0x6dd
0x6de		0x6de
0x6df		0x6df
0x6e0		0x6e0
0x6e1		0x6e1
0x6e2		0x6e2
0x6e3		0x6e3
0x6e4		0x6e4
0x6e5		0x6e5
0x6e6		0x6e6
0x6e7		0x6e7
0x6e8		0x6e8
0x6e9		0x6e9
0x6ea		0x6ea
0x6eb		0x6eb
0x6ed		0x6ed
0x6ee		0x6ee
0x6ef		0x6ef
0x6f0		0x6f0
0x6f1		0x6f1
0x6f2		0x6f2
0x6f3		0x6f3
0x6f4		0x6f4
0x6f5		0x6f5
0x6f6		0x6f6
0x6f7		0x6f7
0x6f8		0x6f8
0x6f9		0x6f9
0x6fb		0x6fb
0x6fc		0x6fc
0x6fd		0x6fd
0x6ff		0x6ff
0x700		0x700
0x708		0x708
0x709		0x709
0x70a		0x70a
0x70b		0x70b
0x70c		0x70c
0x70d		0x70d
0x70e		0x70e
0x70f		0x70f
0x715		0x715
0x716		0x716
0x717		0x717
0x718		0x718
0x720		0x720
0x721		0x721
0x723		0x723
0x724		0x724
0x725		0x725
0x726		0x726
0x727		0x727
0x72c		0x72c
0x72d		0x72d
0x731		0x731
0x732		0x732
0x733		0x733
0x734		0x734
0x735		0x735
0x736		0x736
0x737		0x737
0x738		0x738
0x739		0x739
0x73a		0x73a
0x73b		0x73b
0x73c		0x73c
0x73d		0x73d
0x73e		0x73e
0x73f		0x73f
0x740		0x740
0x741		0x741
0x742		0x742
0x743		0x743
0x744		0x744
0x745		0x745
0x746		0x746
0x747		0x747
0x748		0x748
0x749		0x749
0x74a		0x74a
0x74b		0x74b
0x74c		0x74c
0x74d		0x74d
0x74e		0x74e
0x74f		0x74f
0x750		0x750
0x751		0x751
0x752		0x752
0x753		0x753
0x754		0x754
0x755		0x755
0x756		0x756
0x757		0x757
0x758		0x758
0x759		0x759
0x75b		0x75b
0x75c		0x75c
0x75d		0x75d
0x75e		0x75e
0x75f		0x75f
0x760		0x760
0x761		0x761
0x763		0x763
0x764		0x764
0x765		0x765
0x766		0x766
0x767		0x767
0x768		0x768
0x769		0x769
0x76b		0x76b
0x76c		0x76c
0x76d		0x76d
0x76e		0x76e
0x76f		0x76f
0x770		0x770
0x771		0x771
0x772		0x772
0x773		0x773
0x774		0x774
0x775		0x775
0x776		0x776
0x777		0x777
0x77b		0x77b
0x77c		0x77c
0x77d		0x77d
0x77e		0x77e
0x77f		0x77f
0x780		0x780
0x781		0x781
0x782		0x782
0x783		0x783
0x784		0x784
0x78a		0x78a
0x78b		0x78b
0x78c		0x78c
0x78d		0x78d
0x78e		0x78e
0x78f		0x78f
0x790		0x790
0x791		0x791
0x792		0x792
0x793		0x793
0x794		0x794
0x795		0x795
0x796		0x796
0x797		0x797
0x798		0x798
0x799		0x799
0x79a		0x79a
0x79b		0x79b
0x79c		0x79c
0x79d		0x79d
0x79e		0x79e
0x79f		0x79f
0x7a1		0x7a1
0x7a2		0x7a2
0x7a3		0x7a3
0x7a4		0x7a4
0x7a5		0x7a5
0x7a6		0x7a6
0x7a7		0x7a7
0x7a8		0x7a8
0x7ac		0x7ac
0x7ad		0x7ad
0x7b1		0x7b1
0x7b2		0x7b2
0x7b3		0x7b3
0x7b4		0x7b4
0x7b5		0x7b5
0x7b7		0x7b7
0x7b8		0x7b8
0x7b9		0x7b9
0x7bb		0x7bb
0x7bc		0x7bc
0x7bd		0x7bd
0x7be		0x7be
0x7bf		0x7bf
0x7c1		0x7c1
0x7c2		0x7c2
0x7c3		0x7c3
0x7c4		0x7c4
0x7c5		0x7c5
0x7cd		0x7cd
0x7ce		0x7ce
0x7cf		0x7cf
0x7d0		0x7d0
0x7d1		0x7d1
0x7d2		0x7d2
0x7d4		0x7d4
0x7d5		0x7d5
0x7d6		0x7d6
0x7d7		0x7d7
0x7d8		0x7d8
0x7d9		0x7d9
0x7da		0x7da
0x7db		0x7db
0x7dc		0x7dc
0x7dd		0x7dd
0x7de		0x7de
0x7df		0x7df
0x7e0		0x7e0
0x7e1		0x7e1
0x7e2		0x7e2
0x7e3		0x7e3
0x7e4		0x7e4
0x7e5		0x7e5
0x7e6		0x7e6
0x7e7		0x7e7
0x7e8		0x7e8
0x7e9		0x7e9
0x7ea		0x7ea
0x7eb		0x7eb
0x7ec		0x7ec
0x7ed		0x7ed
0x7ee		0x7ee
0x7ef		0x7ef
0x7f0		0x7f0
0x7f1		0x7f1
0x7f4		0x7f4
0x7f6		0x7f6
0x7f7		0x7f7
0x7f8		0x7f8
0x7f9		0x7f9
0x7fa		0x7fa
0x7fb		0x7fb
0x7fc		0x7fc
0x7fd		0x7fd
0x7fe		0x7fe
0x7ff		0x7ff
0x800		0x800
0x801		0x801
0x803		0x803
0x804		0x804
0x805		0x805
0x806		0x806
0x807		0x807
0x80b		0x80b
0x80c		0x80c
0x80d		0x80d
0x80e		0x80e
0x80f		0x80f
0x810		0x810
0x811		0x811
0x812		0x812
0x813		0x813
0x814		0x814
0x815		0x815
0x816		0x816
0x817		0x817
0x818		0x818
0x819		0x819
0x81b		0x81b
0x81c		0x81c
0x81d		0x81d
0x81f		0x81f
0x820		0x820
0x828		0x828
0x829		0x829
0x82a		0x82a
0x82b		0x82b
0x82c		0x82c
0x82d		0x82d
0x82e		0x82e
0x82f		0x82f
0x835		0x835
0x836		0x836
0x837		0x837
0x838		0x838
0x840		0x840
0x841		0x841
0x842		0x842
0x843		0x843
0x848		0x848
0x849		0x849
0x84a		0x84a
0x84b		0x84b
0x84c		0x84c
0x84d		0x84d
0x84e		0x84e
0x84f		0x84f
0x850		0x850
0x851		0x851
0x853		0x853
0x854		0x854
0x855		0x855
0x856		0x856
0x857		0x857
0x858		0x858
0x859		0x859
0x85b		0x85b
0x85c		0x85c
0x864		0x864
0x86c		0x86c
0x874		0x874
0x87c		0x87c
0x884		0x884
0x885		0x885
0x887		0x887
0x888		0x888
0x889		0x889
0x88a		0x88a
0x88b		0x88b
0x88c		0x88c
0x88d		0x88d
0x88f		0x88f
0x891		0x891
0x893		0x893
0x895		0x895
0x896		0x896
0x897		0x897
0x898		0x898
0x899		0x899
0x89b		0x89b
0x89c		0x89c
0x89d		0x89d
0x89e		0x89e
0x89f		0x89f
0x8a0		0x8a0
0x8a1		0x8a1
0x8a3		0x8a3
0x8a5		0x8a5
0x8a7		0x8a7
0x8a9		0x8a9
0x8aa		0x8aa
0x8ab		0x8ab
0x8ac		0x8ac
0x8ad		0x8ad
0x8ae		0x8ae
0x8af		0x8af
0x8b0		0x8b0
0x8b1		0x8b1
0x8b2		0x8b2
0x8b3		0x8b3
0x8b8		0x8b8
0x8b9		0x8b9
0x8bd		0x8bd
0x8c1		0x8c1
0x8c2		0x8c2
0x8c3		0x8c3
0x8c4		0x8c4
0x8c5		0x8c5
0x8c6		0x8c6
0x8c7		0x8c7
0x8c8		0x8c8
0x8c9		0x8c9
0x8cc		0x8cc
0x8cd		0x8cd
0x8ce		0x8ce
0x8cf		0x8cf
0x8d0		0x8d0
0x8d1		0x8d1
0x8d2		0x8d2
0x8da		0x8da
0x8db		0x8db
0x8dd		0x8dd
0x8e5		0x8e5
0x8e6		0x8e6
0x8e7		0x8e7
0x8e8		0x8e8
0x8e9		0x8e9
0x8ea		0x8ea
0x8eb		0x8eb
0x8ed		0x8ed
0x8ee		0x8ee
0x8ef		0x8ef
0x8f0		0x8f0
0x8f1		0x8f1
0x8f2		0x8f2
0x8f3		0x8f3
0x8f5		0x8f5
0x8f6		0x8f6
0x8fe		0x8fe
0x906		0x906
0x90e		0x90e
0x916		0x916
0x91e		0x91e
0x91f		0x91f
0x921		0x921
0x922		0x922
0x923		0x923
0x924		0x924
0x925		0x925
0x926		0x926
0x927		0x927
0x929		0x929
0x92b		0x92b
0x92d		0x92d
0x92f		0x92f
0x930		0x930
0x931		0x931
0x932		0x932
0x933		0x933
0x934		0x934
0x935		0x935
0x936		0x936
0x937		0x937
0x938		0x938
0x939		0x939
0x93f		0x93f
0x943		0x943
0x944		0x944
0x945		0x945
0x946		0x946
0x947		0x947
0x948		0x948
0x949		0x949
0x94a		0x94a
0x94b		0x94b
0x94c		0x94c
0x94d		0x94d
0x94e		0x94e
0x94f		0x94f
0x950		0x950
0x951		0x951
0x952		0x952
0x953		0x953
0x955		0x955
0x956		0x956
0x957		0x957
0x958		0x958
0x959		0x959
0x95a		0x95a
0x95b		0x95b
0x95c		0x95c
0x95d		0x95d
0x95e		0x95e
0x95f		0x95f
0x960		0x960
0x961		0x961
0x963		0x963
0x964		0x964
0x965		0x965
0x967		0x967
0x968		0x968
0x970		0x970
0x971		0x971
0x972		0x972
0x973		0x973
0x974		0x974
0x975		0x975
0x976		0x976
0x97b		0x97b
0x97c		0x97c
0x97d		0x97d
0x97e		0x97e
0x97f		0x97f
0x980		0x980
0x988		0x988
0x989		0x989
0x98a		0x98a
0x991		0x991
0x992		0x992
0x993		0x993
0x994		0x994
0x995		0x995
0x996		0x996
0x997		0x997
0x998		0x998
0x999		0x999
0x99b		0x99b
0x99c		0x99c
0x99d		0x99d
0x99e		0x99e
0x99f		0x99f
0x9a0		0x9a0
0x9a1		0x9a1
0x9a3		0x9a3
0x9a4		0x9a4
0x9a5		0x9a5
0x9a6		0x9a6
0x9a7		0x9a7
0x9a8		0x9a8
0x9a9		0x9a9
0x9ab		0x9ab
0x9ad		0x9ad
0x9af		0x9af
0x9b1		0x9b1
0x9b2		0x9b2
0x9b3		0x9b3
0x9b4		0x9b4
0x9b5		0x9b5
0x9b6		0x9b6
0x9b7		0x9b7
0x9b8		0x9b8
0x9b9		0x9b9
0x9ba		0x9ba
0x9bb		0x9bb
0x9c1		0x9c1
0x9c5		0x9c5
0x9c6		0x9c6
0x9c7		0x9c7
0x9c8		0x9c8
0x9c9		0x9c9
0x9ca		0x9ca
0x9cb		0x9cb
0x9cc		0x9cc
0x9cd		0x9cd
0x9ce		0x9ce
0x9cf		0x9cf
0x9d0		0x9d0
0x9d1		0x9d1
0x9d2		0x9d2
0x9d3		0x9d3
0x9d4		0x9d4
0x9d5		0x9d5
0x9d6		0x9d6
0x9d7		0x9d7
0x9d8		0x9d8
0x9d9		0x9d9
0x9da		0x9da
0x9db		0x9db
0x9dc		0x9dc
0x9dd		0x9dd
0x9df		0x9df
0x9e0		0x9e0
0x9e1		0x9e1
0x9e2		0x9e2
0x9e3		0x9e3
0x9e4		0x9e4
0x9e5		0x9e5
0x9e6		0x9e6
0x9e7		0x9e7
0x9e8		0x9e8
0x9e9		0x9e9
0x9ea		0x9ea
0x9eb		0x9eb
0x9ed		0x9ed
0x9ee		0x9ee
0x9ef		0x9ef
0x9f1		0x9f1
0x9f2		0x9f2
0x9fa		0x9fa
0x9fb		0x9fb
0x9fc		0x9fc
0x9fd		0x9fd
0x9fe		0x9fe
0x9ff		0x9ff
0xa00		0xa00
0xa01		0xa01
0xa02		0xa02
0xa04		0xa04
0xa05		0xa05
0xa06		0xa06
0xa07		0xa07
0xa08		0xa08
0xa09		0xa09
0xa0a		0xa0a
0xa12		0xa12
0xa13		0xa13
0xa14		0xa14
0xa15		0xa15
0xa19		0xa19
0xa1a		0xa1a
0xa1b		0xa1b
0xa1c		0xa1c
0xa1d		0xa1d
0xa1e		0xa1e
0xa1f		0xa1f
0xa20		0xa20
0xa21		0xa21
0xa22		0xa22
0xa23		0xa23
0xa25		0xa25
0xa26		0xa26
0xa27		0xa27
0xa28		0xa28
0xa29		0xa29
0xa2a		0xa2a
0xa2b		0xa2b
0xa2d		0xa2d
0xa2e		0xa2e
0xa36		0xa36
0xa3e		0xa3e
0xa46		0xa46
0xa4e		0xa4e
0xa56		0xa56
0xa57		0xa57
0xa59		0xa59
0xa5a		0xa5a
0xa5b		0xa5b
0xa5c		0xa5c
0xa5d		0xa5d
0xa5e		0xa5e
0xa5f		0xa5f
0xa61		0xa61
0xa63		0xa63
0xa65		0xa65
0xa67		0xa67
0xa68		0xa68
0xa69		0xa69
0xa6a		0xa6a
0xa6b		0xa6b
0xa6d		0xa6d
0xa6e		0xa6e
0xa76		0xa76
0xa7e		0xa7e
0xa86		0xa86
0xa8e		0xa8e
0xa96		0xa96
0xa97		0xa97
0xa99		0xa99
0xa9a		0xa9a
0xa9b		0xa9b
0xa9c		0xa9c
0xa9d		0xa9d
0xa9e		0xa9e
0xa9f		0xa9f
0xaa1		0xaa1
0xaa3		0xaa3
0xaa5		0xaa5
0xaa7		0xaa7
0xaa8		0xaa8
0xaa9		0xaa9
0xaaa		0xaaa
0xaab		0xaab
0xaac		0xaac
0xaad		0xaad
0xaae		0xaae
0xaaf		0xaaf
0xab0		0xab0
0xab1		0xab1
0xab9		0xab9
0xaba		0xaba
0xabb		0xabb
0xabc		0xabc
0xabd		0xabd
0xabe		0xabe
0xabf		0xabf
0xac0		0xac0
0xac1		0xac1
0xac2		0xac2
0xac3		0xac3
0xac4		0xac4
0xac5		0xac5
0xac6		0xac6
0xac7		0xac7
0xac8		0xac8
0xac9		0xac9
0xaca		0xaca
0xacb		0xacb
0xacd		0xacd
0xace		0xace
0xacf		0xacf
0xad0		0xad0
0xad1		0xad1
0xad2		0xad2
0xad3		0xad3
0xad4		0xad4
0xad5		0xad5
0xad6		0xad6
0xad7		0xad7
0xad8		0xad8
0xad9		0xad9
0xadb		0xadb
0xadc		0xadc
0xadd		0xadd
0xadf		0xadf
0xae0		0xae0
0xae8		0xae8
0xae9		0xae9
0xaea		0xaea
0xaeb		0xaeb
0xaec		0xaec
0xaed		0xaed
0xaee		0xaee
0xaef		0xaef
0xaf0		0xaf0
0xaf1		0xaf1
0xaf2		0xaf2
0xaf3		0xaf3
0xaf4		0xaf4
0xaf5		0xaf5
0xaf6		0xaf6
0xaf7		0xaf7
0xaf8		0xaf8
0xaf9		0xaf9
0xafa		0xafa
0xafb		0xafb
0xafc		0xafc
0xafd		0xafd
0xafe		0xafe
0xaff		0xaff
0xb00		0xb00
0xb01		0xb01
0xb02		0xb02
0xb03		0xb03
0xb04		0xb04
0xb05		0xb05
0xb06		0xb06
0xb07		0xb07
0xb08		0xb08
0xb09		0xb09
0xb0b		0xb0b
0xb0c		0xb0c
0xb0d		0xb0d
0xb0e		0xb0e
0xb0f		0xb0f
0xb10		0xb10
0xb11		0xb11
0xb12		0xb12
0xb13		0xb13
0xb1b		0xb1b
0xb1d		0xb1d
0xb1e		0xb1e
0xb1f		0xb1f
0xb20		0xb20
0xb21		0xb21
0xb22		0xb22
0xb23		0xb23
0xb24		0xb24
0xb25		0xb25
0xb26		0xb26
0xb27		0xb27
0xb28		0xb28
0xb29		0xb29
0xb2a		0xb2a
0xb2b		0xb2b
0xb2c		0xb2c
0xb2d		0xb2d
0xb2f		0xb2f
0xb30		0xb30
0xb31		0xb31
0xb32		0xb32
0xb33		0xb33
0xb34		0xb34
0xb35		0xb35
0xb36		0xb36
0xb37		0xb37
0xb38		0xb38
0xb39		0xb39
0xb3a		0xb3a
0xb3b		0xb3b
0xb3d		0xb3d
0xb3f		0xb3f
0xb41		0xb41
0xb42		0xb42
0xb43		0xb43
0xb44		0xb44
0xb45		0xb45
0xb46		0xb46
0xb47		0xb47
0xb48		0xb48
0xb49		0xb49
0xb4a		0xb4a
0xb4b		0xb4b
0xb4c		0xb4c
0xb4d		0xb4d
0xb4e		0xb4e
0xb4f		0xb4f
0xb50		0xb50
0xb51		0xb51
0xb52		0xb52
0xb53		0xb53
0xb54		0xb54
0xb55		0xb55
0xb56		0xb56
0xb57		0xb57
0xb58		0xb58
0xb59		0xb59
0xb5a		0xb5a
0xb5b		0xb5b
0xb5c		0xb5c
0xb5d		0xb5d
0xb5e		0xb5e
0xb5f		0xb5f
0xb60		0xb60
0xb61		0xb61
0xb62		0xb62
0xb63		0xb63
0xb64		0xb64
0xb65		0xb65
0xb66		0xb66
0xb67		0xb67
0xb68		0xb68
0xb69		0xb69
0xb6a		0xb6a
0xb6b		0xb6b
0xb6c		0xb6c
0xb6d		0xb6d
0xb6e		0xb6e
0xb6f		0xb6f
0xb70		0xb70
0xb71		0xb71
0xb73		0xb73
0xb74		0xb74
0xb75		0xb75
0xb76		0xb76
0xb77		0xb77
0xb78		0xb78
0xb79		0xb79
0xb7a		0xb7a
0xb7b		0xb7b
0xb7c		0xb7c
0xb7d		0xb7d
0xb7e		0xb7e
0xb80		0xb80
0xb82		0xb82
0xb83		0xb83
0xb84		0xb84
0xb85		0xb85
0xb86		0xb86
0xb87		0xb87
0xb8f		0xb8f
0xb94		0xb94
0xb95		0xb95
0xb96		0xb96
0xb97		0xb97
0xb98		0xb98
0xb99		0xb99
0xb9a		0xb9a
0xb9b		0xb9b
0xb9c		0xb9c
0xb9d		0xb9d
0xb9e		0xb9e
0xb9f		0xb9f
0xba0		0xba0
0xba1		0xba1
0xba2		0xba2
0xba3		0xba3
0xba4		0xba4
0xba5		0xba5
0xba7		0xba7
0xba8		0xba8
0xba9		0xba9
0xbaa		0xbaa
0xbab		0xbab
0xbac		0xbac
0xbad		0xbad
0xbaf		0xbaf
0xbb0		0xbb0
0xbb1		0xbb1
0xbb2		0xbb2
0xbb3		0xbb3
0xbb4		0xbb4
0xbb6		0xbb6
0xbb7		0xbb7
0xbb8		0xbb8
0xbb9		0xbb9
0xbbd		0xbbd
0xbbf		0xbbf
0xbc1		0xbc1
0xbc2		0xbc2
0xbc3		0xbc3
0xbc4		0xbc4
0xbc5		0xbc5
0xbc6		0xbc6
0xbc7		0xbc7
0xbc8		0xbc8
0xbc9		0xbc9
0xbca		0xbca
0xbcb		0xbcb
0xbcc		0xbcc
0xbcd		0xbcd
0xbce		0xbce
0xbcf		0xbcf
0xbd0		0xbd0
0xbd1		0xbd1
0xbd3		0xbd3
0xbd4		0xbd4
0xbd5		0xbd5
0xbd9		0xbd9
0xbda		0xbda
0xbdb		0xbdb
0xbdc		0xbdc
0xbdd		0xbdd
0xbdf		0xbdf
0xbe0		0xbe0
0xbe1		0xbe1
0xbe2		0xbe2
0xbe3		0xbe3
0xbe4		0xbe4
0xbe5		0xbe5
0xbe7		0xbe7
0xbe8		0xbe8
0xbe9		0xbe9
0xbea		0xbea
0xbeb		0xbeb
0xbec		0xbec
0xbed		0xbed
0xbee		0xbee
0xbef		0xbef
0xbf0		0xbf0
0xbf1		0xbf1
0xbf2		0xbf2
0xbf3		0xbf3
0xbf4		0xbf4
0xbf5		0xbf5
0xbf6		0xbf6
0xbf7		0xbf7
0xbf8		0xbf8
0xbff		0xbff
0xc00		0xc00
0xc01		0xc01
0xc02		0xc02
0xc03		0xc03
0xc04		0xc04
0xc05		0xc05
0xc0d		0xc0d
0xc0e		0xc0e
0xc0f		0xc0f
0xc13		0xc13
0xc14		0xc14
0xc15		0xc15
0xc16		0xc16
0xc17		0xc17
0xc18		0xc18
0xc19		0xc19
0xc1a		0xc1a
0xc1b		0xc1b
0xc1c		0xc1c
0xc1d		0xc1d
0xc1e		0xc1e
0xc1f		0xc1f
0xc23		0xc23
0xc24		0xc24
0xc25		0xc25
0xc26		0xc26
0xc27		0xc27
0xc28		0xc28
0xc29		0xc29
0xc2a		0xc2a
0xc2b		0xc2b
0xc2c		0xc2c
0xc2d		0xc2d
0xc2e		0xc2e
0xc2f		0xc2f
0xc30		0xc30
0xc31		0xc31
0xc32		0xc32
0xc33		0xc33
0xc3b		0xc3b
0xc3c		0xc3c
0xc44		0xc44
0xc45		0xc45
0xc46		0xc46
0xc47		0xc47
0xc48		0xc48
0xc49		0xc49
0xc4a		0xc4a
0xc4b		0xc4b
0xc4d		0xc4d
0xc4e		0xc4e
0xc56		0xc56
0xc5e		0xc5e
0xc66		0xc66
0xc6e		0xc6e
0xc76		0xc76
0xc77		0xc77
0xc79		0xc79
0xc7a		0xc7a
0xc82		0xc82
0xc8a		0xc8a
0xc92		0xc92
0xc9a		0xc9a
0xca2		0xca2
0xca3		0xca3
0xca4		0xca4
0xca5		0xca5
0xca6		0xca6
0xca7		0xca7
0xca8		0xca8
0xca9		0xca9
0xcaa		0xcaa
0xcab		0xcab
0xcac		0xcac
0xcad		0xcad
0xcaf		0xcaf
0xcb0		0xcb0
0xcb1		0xcb1
0xcb2		0xcb2
0xcb3		0xcb3
0xcb4		0xcb4
0xcb5		0xcb5
0xcb6		0xcb6
0xcb7		0xcb7
0xcb8		0xcb8
0xcb9		0xcb9
0xcba		0xcba
0xcbb		0xcbb
0xcbc		0xcbc
0xcbd		0xcbd
0xcbe		0xcbe
0xcbf		0xcbf
0xcc0		0xcc0
0xcc1		0xcc1
0xcc2		0xcc2
0xcc3		0xcc3
0xcc4		0xcc4
0xcc5		0xcc5
0xcc7		0xcc7
0xcc8		0xcc8
0xcd0		0xcd0
0xcd8		0xcd8
0xce0		0xce0
0xce8		0xce8
0xcf0		0xcf0
0xcf1		0xcf1
0xcf3		0xcf3
0xcf4		0xcf4
0xcfc		0xcfc
0xd04		0xd04
0xd0c		0xd0c
0xd14		0xd14
0xd1c		0xd1c
0xd1d		0xd1d
0xd1e		0xd1e
0xd1f		0xd1f
0xd20		0xd20
0xd21		0xd21
0xd22		0xd22
0xd23		0xd23
0xd24		0xd24
0xd25		0xd25
0xd26		0xd26
0xd27		0xd27
0xd29		0xd29
0xd2a		0xd2a
0xd2b		0xd2b
0xd2c		0xd2c
0xd2d		0xd2d
0xd2e		0xd2e
0xd2f		0xd2f
0xd30		0xd30
0xd31		0xd31
0xd32		0xd32
0xd33		0xd33
0xd34		0xd34
0xd35		0xd35
0xd36		0xd36
0xd37		0xd37
0xd38		0xd38
0xd39		0xd39
0xd3a		0xd3a
0xd3b		0xd3b
0xd3d		0xd3d
0xd3e		0xd3e
0xd3f		0xd3f
0xd40		0xd40
0xd41		0xd41
0xd42		0xd42
0xd43		0xd43
0xd44		0xd44
0xd45		0xd45
0xd47		0xd47
0xd48		0xd48
0xd49		0xd49
0xd4b		0xd4b
0xd4d		0xd4d
0xd4e		0xd4e
0xd4f		0xd4f
0xd50		0xd50
0xd51		0xd51
0xd52		0xd52
0xd53		0xd53
0xd54		0xd54
0xd55		0xd55
0xd59		0xd59
0xd5a		0xd5a
0xd5b		0xd5b
0xd5c		0xd5c
0xd5d		0xd5d
0xd5e		0xd5e
0xd5f		0xd5f
0xd60		0xd60
0xd61		0xd61
0xd65		0xd65
0xd66		0xd66
0xd67		0xd67
0xd68		0xd68
0xd69		0xd69
0xd6a		0xd6a
0xd6b		0xd6b
0xd6c		0xd6c
0xd6d		0xd6d
0xd6e		0xd6e
0xd6f		0xd6f
0xd71		0xd71
0xd72		0xd72
0xd7a		0xd7a
0xd82		0xd82
0xd8a		0xd8a
0xd92		0xd92
0xd9a		0xd9a
0xd9b		0xd9b
0xd9d		0xd9d
0xd9e		0xd9e
0xda6		0xda6
0xdae		0xdae
0xdb6		0xdb6
0xdbe		0xdbe
0xdc6		0xdc6
0xdc7		0xdc7
0xdc8		0xdc8
0xdc9		0xdc9
0xdca		0xdca
0xdcb		0xdcb
0xdcc		0xdcc
0xdcd		0xdcd
0xdce		0xdce
0xdcf		0xdcf
0xdd0		0xdd0
0xdd1		0xdd1
0xdd3		0xdd3
0xdd4		0xdd4
0xdd5		0xdd5
0xdd6		0xdd6
0xdd7		0xdd7
0xdd8		0xdd8
0xdd9		0xdd9
0xdda		0xdda
0xddb		0xddb
0xddc		0xddc
0xddd		0xddd
0xdde		0xdde
0xddf		0xddf
0xde0		0xde0
0xde1		0xde1
0xde2		0xde2
0xde3		0xde3
0xde4		0xde4
0xde5		0xde5
0xde6		0xde6
0xde7		0xde7
0xde8		0xde8
0xde9		0xde9
0xdeb		0xdeb
0xdec		0xdec
0xdf4		0xdf4
0xdfc		0xdfc
0xe04		0xe04
0xe0c		0xe0c
0xe14		0xe14
0xe15		0xe15
0xe17		0xe17
0xe18		0xe18
0xe20		0xe20
0xe28		0xe28
0xe30		0xe30
0xe38		0xe38
0xe40		0xe40
0xe41		0xe41
0xe42		0xe42
0xe43		0xe43
0xe44		0xe44
0xe45		0xe45
0xe46		0xe46
0xe47		0xe47
0xe48		0xe48
0xe49		0xe49
0xe4a		0xe4a
0xe4b		0xe4b
0xe4d		0xe4d
0xe4e		0xe4e
0xe4f		0xe4f
0xe50		0xe50
0xe51		0xe51
0xe52		0xe52
0xe53		0xe53
0xe54		0xe54
0xe55		0xe55
0xe56		0xe56
0xe57		0xe57
0xe58		0xe58
0xe59		0xe59
0xe5a		0xe5a
0xe5b		0xe5b
0xe5c		0xe5c
0xe5d		0xe5d
0xe5e		0xe5e
0xe5f		0xe5f
0xe60		0xe60
0xe61		0xe61
0xe62		0xe62
0xe63		0xe63
0xe64		0xe64
0xe65		0xe65
0xe66		0xe66
0xe67		0xe67
0xe68		0xe68
0xe69		0xe69
0xe6a		0xe6a
0xe6b		0xe6b
0xe6c		0xe6c
0xe6e		0xe6e
0xe6f		0xe6f
0xe75		0xe75
0xe76		0xe76
0xe77		0xe77
0xe78		0xe78
0xe80		0xe80
0xe85		0xe85
0xe86		0xe86
0xe87		0xe87
0xe88		0xe88
0xe89		0xe89
0xe8a		0xe8a
0xe8b		0xe8b
0xe8d		0xe8d
0xe8e		0xe8e
0xe96		0xe96
0xe9e		0xe9e
0xea6		0xea6
0xeae		0xeae
0xeb6		0xeb6
0xeb7		0xeb7
0xeb9		0xeb9
0xeba		0xeba
0xec2		0xec2
0xeca		0xeca
0xed2		0xed2
0xeda		0xeda
0xee2		0xee2
0xee3		0xee3
0xee4		0xee4
0xee5		0xee5
0xee6		0xee6
0xee7		0xee7
0xee8		0xee8
0xee9		0xee9
0xeea		0xeea
0xeeb		0xeeb
0xeec		0xeec
0xeed		0xeed
0xeef		0xeef
0xef0		0xef0
0xef1		0xef1
0xef2		0xef2
0xef3		0xef3
0xef4		0xef4
0xef5		0xef5
0xef6		0xef6
0xef7		0xef7
0xef8		0xef8
0xef9		0xef9
0xefa		0xefa
0xefb		0xefb
0xefc		0xefc
0xefd		0xefd
0xefe		0xefe
0xeff		0xeff
0xf00		0xf00
0xf01		0xf01
0xf02		0xf02
0xf03		0xf03
0xf04		0xf04
0xf05		0xf05
0xf07		0xf07
0xf08		0xf08
0xf10		0xf10
0xf18		0xf18
0xf20		0xf20
0xf28		0xf28
0xf30		0xf30
0xf31		0xf31
0xf33		0xf33
0xf34		0xf34
0xf3c		0xf3c
0xf44		0xf44
0xf4c		0xf4c
0xf54		0xf54
0xf5c		0xf5c
0xf5d		0xf5d
0xf5e		0xf5e
0xf5f		0xf5f
0xf60		0xf60
0xf61		0xf61
0xf62		0xf62
0xf63		0xf63
0xf64		0xf64
0xf65		0xf65
0xf66		0xf66
0xf67		0xf67
0xf69		0xf69
0xf6a		0xf6a
0xf6b		0xf6b
0xf6c		0xf6c
0xf6d		0xf6d
0xf6e		0xf6e
0xf6f		0xf6f
0xf70		0xf70
0xf71		0xf71
0xf72		0xf72
0xf73		0xf73
0xf74		0xf74
0xf75		0xf75
0xf76		0xf76
0xf77		0xf77
0xf78		0xf78
0xf79		0xf79
0xf7a		0xf7a
0xf7b		0xf7b
0xf7c		0xf7c
0xf7d		0xf7d
0xf7e		0xf7e
0xf7f		0xf7f
0xf80		0xf80
0xf81		0xf81
0xf89		0xf89
0xf8a		0xf8a
0xf8b		0xf8b
0xf8c		0xf8c
0xf8d		0xf8d
0xf8e		0xf8e
0xf8f		0xf8f
0xf90		0xf90
0xf91		0xf91
0xf93		0xf93
0xf94		0xf94
0xf9c		0xf9c
0xfa4		0xfa4
0xfac		0xfac
0xfb4		0xfb4
0xfbc		0xfbc
0xfbd		0xfbd
0xfbf		0xfbf
0xfc0		0xfc0
0xfc8		0xfc8
0xfd0		0xfd0
0xfd8		0xfd8
0xfe0		0xfe0
0xfe8		0xfe8
0xfe9		0xfe9
0xfea		0xfea
0xfeb		0xfeb
0xfec		0xfec
0xfed		0xfed
0xfee		0xfee
0xfef		0xfef
0xff0		0xff0
0xff1		0xff1
0xff2		0xff2
0xff3		0xff3
0xff5		0xff5
0xff6		0xff6
0xff7		0xff7
0xff8		0xff8
0xff9		0xff9
0xffa		0xffa
0xffb		0xffb
0xffc		0xffc
0xffd		0xffd
0xffe		0xffe
0xfff		0xfff
0x1000		0x1000
0x1001		0x1001
0x1002		0x1002
0x1003		0x1003
0x1004		0x1004
0x1005		0x1005
0x1006		0x1006
0x1007		0x1007
0x1008		0x1008
0x1009		0x1009
0x100a		0x100a
0x100b		0x100b
0x100d		0x100d
0x100e		0x100e
0x1016		0x1016
0x101e		0x101e
0x1026		0x1026
0x102e		0x102e
0x1036		0x1036
0x1037		0x1037
0x1039		0x1039
0x103a		0x103a
0x1042		0x1042
0x104a		0x104a
0x1052		0x1052
0x105a		0x105a
0x1062		0x1062
0x1063		0x1063
0x1064		0x1064
0x1065		0x1065
0x1066		0x1066
0x1067		0x1067
0x1068		0x1068
0x1069		0x1069
0x106a		0x106a
0x106b		0x106b
0x106c		0x106c
0x106d		0x106d
0x106f		0x106f
0x1070		0x1070
0x1071		0x1071
0x1072		0x1072
0x1073		0x1073
0x1074		0x1074
0x1075		0x1075
0x1076		0x1076
0x1077		0x1077
0x1078		0x1078
0x1079		0x1079
0x107a		0x107a
0x107b		0x107b
0x107c		0x107c
0x107d		0x107d
0x107e		0x107e
0x107f		0x107f
0x1080		0x1080
0x1081		0x1081
0x1083		0x1083
0x1084		0x1084
0x1085		0x1085
0x1086		0x1086
0x1087		0x1087
0x1088		0x1088
0x1089		0x1089
0x108a		0x108a
0x108b		0x108b
0x108c		0x108c
0x108d		0x108d
0x1094		0x1094
0x1095		0x1095
0x1096		0x1096
0x1097		0x1097
0x109f		0x109f
0x10a1		0x10a1
0x10a2		0x10a2
0x10aa		0x10aa
0x10b2		0x10b2
0x10ba		0x10ba
0x10c2		0x10c2
0x10ca		0x10ca
0x10cb		0x10cb
0x10cc		0x10cc
0x10cd		0x10cd
0x10cf		0x10cf
0x10d0		0x10d0
0x10d8		0x10d8
0x10e0		0x10e0
0x10e8		0x10e8
0x10f0		0x10f0
0x10f8		0x10f8
0x10f9		0x10f9
0x10fb		0x10fb
0x1103		0x1103
0x1109		0x1109
0x110b		0x110b
0x110f		0x110f
0x1110		0x1110
0x1114		0x1114
0x111d		0x111d
0x111e		0x111e
0x111f		0x111f
0x1123		0x1123
0x1124		0x1124
0x1125		0x1125
0x1126		0x1126
0x112b		0x112b
0x112c		0x112c
0x112d		0x112d
0x112e		0x112e
0x1136		0x1136
0x1137		0x1137
0x1138		0x1138
0x113c		0x113c
0x113d		0x113d
0x113e		0x113e
0x113f		0x113f
0x1140		0x1140
0x1141		0x1141
0x1142		0x1142
0x1143		0x1143
0x1144		0x1144
0x1145		0x1145
0x1146		0x1146
0x1147		0x1147
0x1148		0x1148
0x1149		0x1149
0x114a		0x114a
0x114b		0x114b
0x114c		0x114c
0x114d		0x114d
0x114e		0x114e
0x114f		0x114f
0x1150		0x1150
0x1151		0x1151
0x1153		0x1153
0x1154		0x1154
0x1155		0x1155
0x1156		0x1156
0x1157		0x1157
0x1158		0x1158
0x1159		0x1159
0x115a		0x115a
0x115b		0x115b
0x115c		0x115c
0x115d		0x115d
0x115e		0x115e
0x115f		0x115f
0x1161		0x1161
0x1162		0x1162
0x1163		0x1163
0x1165		0x1165
0x1166		0x1166
0x1169		0x1169
0x116a		0x116a
0x116b		0x116b
0x116d		0x116d
0x116e		0x116e
0x116f		0x116f
0x1171		0x1171
0x1173		0x1173
0x1174		0x1174
0x1175		0x1175
0x1176		0x1176
0x1177		0x1177
0x1178		0x1178
0x1179		0x1179
0x117a		0x117a
0x117b		0x117b
0x117c		0x117c
0x117d		0x117d
0x1181		0x1181
0x1182		0x1182
0x1183		0x1183
0x1184		0x1184
0x1185		0x1185
0x1187		0x1187
0x1188		0x1188
0x1189		0x1189
0x118b		0x118b
0x118c		0x118c
0x118d		0x118d
0x118e		0x118e
0x118f		0x118f
0x1190		0x1190
0x1191		0x1191
0x1192		0x1192
0x1193		0x1193
0x1196		0x1196
0x1197		0x1197
0x1198		0x1198
0x1199		0x1199
0x119a		0x119a
0x11a2		0x11a2
0x11a3		0x11a3
0x11a7		0x11a7
0x11a8		0x11a8
0x11a9		0x11a9
0x11aa		0x11aa
0x11ab		0x11ab
0x11ac		0x11ac
0x11ad		0x11ad
0x11ae		0x11ae
0x11af		0x11af
0x11b0		0x11b0
0x11b1		0x11b1
0x11b2		0x11b2
0x11b3		0x11b3
0x11b5		0x11b5
0x11b6		0x11b6
0x11be		0x11be
0x11c6		0x11c6
0x11ce		0x11ce
0x11d6		0x11d6
0x11de		0x11de
0x11df		0x11df
0x11e1		0x11e1
0x11e2		0x11e2
0x11ea		0x11ea
0x11f2		0x11f2
0x11fa		0x11fa
0x1202		0x1202
0x120a		0x120a
0x120b		0x120b
0x120c		0x120c
0x120d		0x120d
0x120e		0x120e
0x120f		0x120f
0x1210		0x1210
0x1211		0x1211
0x1212		0x1212
0x1213		0x1213
0x1214		0x1214
0x1215		0x1215
0x1217		0x1217
0x1218		0x1218
0x1219		0x1219
0x121a		0x121a
0x121b		0x121b
0x121c		0x121c
0x121d		0x121d
0x121e		0x121e
0x121f		0x121f
0x1220		0x1220
0x1221		0x1221
0x1222		0x1222
0x1223		0x1223
0x1224		0x1224
0x1225		0x1225
0x1226		0x1226
0x1227		0x1227
0x1228		0x1228
0x1229		0x1229
0x122a		0x122a
0x122b		0x122b
0x122c		0x122c
0x122d		0x122d
0x122e		0x122e
0x122f		0x122f
0x1230		0x1230
0x1231		0x1231
0x1232		0x1232
0x1233		0x1233
0x1234		0x1234
0x1236		0x1236
0x1237		0x1237
0x1238		0x1238
0x123a		0x123a
0x123b		0x123b
0x123c		0x123c
0x123d		0x123d
0x123e		0x123e
0x123f		0x123f
0x1240		0x1240
0x1248		0x1248
0x1249		0x1249
0x124a		0x124a
0x124b		0x124b
0x124c		0x124c
0x124d		0x124d
0x124e		0x124e
0x124f		0x124f
0x1250		0x1250
0x1251		0x1251
0x1252		0x1252
0x1254		0x1254
0x1255		0x1255
0x1256		0x1256
0x1258		0x1258
0x1259		0x1259
0x125a		0x125a
0x125b		0x125b
0x125c		0x125c
0x125d		0x125d
0x125e		0x125e
0x1268		0x1268
0x1269		0x1269
0x126a		0x126a
0x126b		0x126b
0x126c		0x126c
0x126d		0x126d
0x126e		0x126e
0x126f		0x126f
0x1270		0x1270
0x1271		0x1271
0x1273		0x1273
0x1274		0x1274
0x127c		0x127c
0x1284		0x1284
0x128c		0x128c
0x1294		0x1294
0x129c		0x129c
0x129d		0x129d
0x129f		0x129f
0x12a0		0x12a0
0x12a8		0x12a8
0x12b0		0x12b0
0x12b8		0x12b8
0x12c0		0x12c0
0x12c8		0x12c8
0x12c9		0x12c9
0x12ca		0x12ca
0x12cb		0x12cb
0x12cc		0x12cc
0x12cd		0x12cd
0x12ce		0x12ce
0x12cf		0x12cf
0x12d0		0x12d0
0x12d1		0x12d1
0x12d2		0x12d2
0x12d3		0x12d3
0x12d5		0x12d5
0x12d6		0x12d6
0x12d7		0x12d7
0x12d8		0x12d8
0x12d9		0x12d9
0x12da		0x12da
0x12db		0x12db
0x12dc		0x12dc
0x12dd		0x12dd
0x12de		0x12de
0x12df		0x12df
0x12e0		0x12e0
0x12e1		0x12e1
0x12e2		0x12e2
0x12e3		0x12e3
0x12e4		0x12e4
0x12e5		0x12e5
0x12e6		0x12e6
0x12e7		0x12e7
0x12e8		0x12e8
0x12e9		0x12e9
0x12ea		0x12ea
0x12eb		0x12eb
0x12ec		0x12ec
0x12ed		0x12ed
0x12f5		0x12f5
0x12f6		0x12f6
0x12f7		0x12f7
0x12f8		0x12f8
0x12f9		0x12f9
0x12fa		0x12fa
0x12fb		0x12fb
0x12fc		0x12fc
0x12fd		0x12fd
0x12ff		0x12ff
0x1300		0x1300
0x1308		0x1308
0x1310		0x1310
0x1318		0x1318
0x1320		0x1320
0x1328		0x1328
0x1329		0x1329
0x132b		0x132b
0x132c		0x132c
0x1334		0x1334
0x133c		0x133c
0x1344		0x1344
0x134c		0x134c
0x1354		0x1354
0x1355		0x1355
0x1356		0x1356
0x1357		0x1357
0x1358		0x1358
0x1359		0x1359
0x135a		0x135a
0x135b		0x135b
0x135c		0x135c
0x135d		0x135d
0x135e		0x135e
0x135f		0x135f
0x1361		0x1361
0x1362		0x1362
0x1363		0x1363
0x1364		0x1364
0x1365		0x1365
0x1366		0x1366
0x1367		0x1367
0x1368		0x1368
0x1369		0x1369
0x136a		0x136a
0x136b		0x136b
0x136c		0x136c
0x136d		0x136d
0x136e		0x136e
0x136f		0x136f
0x1370		0x1370
0x1371		0x1371
0x1372		0x1372
0x1373		0x1373
0x1375		0x1375
0x1376		0x1376
0x1377		0x1377
0x1378		0x1378
0x1379		0x1379
0x137a		0x137a
0x137b		0x137b
0x137c		0x137c
0x137e		0x137e
0x1383		0x1383
0x1384		0x1384
0x1385		0x1385
0x1386		0x1386
0x1387		0x1387
0x1388		0x1388
0x1389		0x1389
0x138a		0x138a
0x138b		0x138b
0x1393		0x1393
0x1394		0x1394
0x1395		0x1395
0x1396		0x1396
0x1397		0x1397
0x1399		0x1399
0x139a		0x139a
0x139b		0x139b
0x139c		0x139c
0x139d		0x139d
0x139e		0x139e
0x139f		0x139f
0x13a1		0x13a1
0x13a2		0x13a2
0x13aa		0x13aa
0x13b2		0x13b2
0x13ba		0x13ba
0x13c2		0x13c2
0x13ca		0x13ca
0x13cb		0x13cb
0x13cd		0x13cd
0x13d5		0x13d5
0x13da		0x13da
0x13db		0x13db
0x13dc		0x13dc
0x13dd		0x13dd
0x13de		0x13de
0x13df		0x13df
0x13e0		0x13e0
0x13e1		0x13e1
0x13e7		0x13e7
0x13ed		0x13ed
0x13ee		0x13ee
0x13ef		0x13ef
0x13f4		0x13f4
0x13f5		0x13f5
0x13f6		0x13f6
0x13f7		0x13f7
0x13f8		0x13f8
0x13f9		0x13f9
0x13fa		0x13fa
0x13ff		0x13ff
0x1400		0x1400
0x1403		0x1403
0x140b		0x140b
0x1410		0x1410
0x1411		0x1411
0x1412		0x1412
0x1413		0x1413
0x1414		0x1414
0x1415		0x1415
0x1416		0x1416
0x1417		0x1417
0x1418		0x1418
0x1419		0x1419
0x141a		0x141a
0x141b		0x141b
0x141c		0x141c
0x141d		0x141d
0x141e		0x141e
0x141f		0x141f
0x1420		0x1420
0x1421		0x1421
0x1422		0x1422
0x1423		0x1423
0x1425		0x1425
0x1426		0x1426
0x1427		0x1427
0x1428		0x1428
0x1429		0x1429
0x142a		0x142a
0x142b		0x142b
0x142c		0x142c
0x142d		0x142d
0x142e		0x142e
0x142f		0x142f
0x1430		0x1430
0x1431		0x1431
0x1433		0x1433
0x1434		0x1434
0x1435		0x1435
0x1437		0x1437
0x1438		0x1438
0x143b		0x143b
0x143c		0x143c
0x143d		0x143d
0x143f		0x143f
0x1440		0x1440
0x1441		0x1441
0x1443		0x1443
0x1445		0x1445
0x1446		0x1446
0x1447		0x1447
0x1448		0x1448
0x1449		0x1449
0x144a		0x144a
0x144b		0x144b
0x144f		0x144f
0x1450		0x1450
0x1451		0x1451
0x1452		0x1452
0x1453		0x1453
0x1454		0x1454
0x1455		0x1455
0x1456		0x1456
0x1457		0x1457
0x1458		0x1458
0x1459		0x1459
0x145a		0x145a
0x145b		0x145b
0x145d		0x145d
0x145e		0x145e
0x1466		0x1466
0x146e		0x146e
0x1476		0x1476
0x147e		0x147e
0x1486		0x1486
0x1487		0x1487
0x1489		0x1489
0x148a		0x148a
0x1492		0x1492
0x149a		0x149a
0x14a2		0x14a2
0x14aa		0x14aa
0x14b2		0x14b2
0x14b3		0x14b3
0x14b4		0x14b4
0x14b5		0x14b5
0x14b6		0x14b6
0x14b7		0x14b7
0x14b8		0x14b8
0x14b9		0x14b9
0x14ba		0x14ba
0x14bb		0x14bb
0x14bc		0x14bc
0x14bd		0x14bd
0x14bf		0x14bf
0x14c0		0x14c0
0x14c1		0x14c1
0x14c2		0x14c2
0x14c3		0x14c3
0x14c4		0x14c4
0x14c5		0x14c5
0x14c6		0x14c6
0x14c7		0x14c7
0x14c8		0x14c8
0x14c9		0x14c9
0x14ca		0x14ca
0x14cb		0x14cb
0x14cc		0x14cc
0x14cd		0x14cd
0x14ce		0x14ce
0x14cf		0x14cf
0x14d0		0x14d0
0x14d1		0x14d1
0x14d2		0x14d2
0x14d3		0x14d3
0x14d4		0x14d4
0x14d5		0x14d5
0x14d6		0x14d6
0x14d7		0x14d7
0x14d8		0x14d8
0x14d9		0x14d9
0x14da		0x14da
0x14db		0x14db
0x14dc		0x14dc
0x14dd		0x14dd
0x14e0		0x14e0
0x14e2		0x14e2
0x14e3		0x14e3
0x14e4		0x14e4
0x14e5		0x14e5
0x14e6		0x14e6
0x14e7		0x14e7
0x14e8		0x14e8
0x14f0		0x14f0
0x14f1		0x14f1
0x14f2		0x14f2
0x14f3		0x14f3
0x14f4		0x14f4
0x14f5		0x14f5
0x14f6		0x14f6
0x14f7		0x14f7
0x14f8		0x14f8
0x14f9		0x14f9
0x14fa		0x14fa
0x14fb		0x14fb
0x14fe		0x14fe
0x1500		0x1500
0x1501		0x1501
0x1502		0x1502
0x1503		0x1503
0x1504		0x1504
0x1505		0x1505
0x1506		0x1506
0x150e		0x150e
0x1513		0x1513
0x1514		0x1514
0x1515		0x1515
0x1516		0x1516
0x1517		0x1517
0x1518		0x1518
0x1519		0x1519
0x151b		0x151b
0x151c		0x151c
0x1524		0x1524
0x152c		0x152c
0x1534		0x1534
0x153c		0x153c
0x1544		0x1544
0x1545		0x1545
0x1547		0x1547
0x1548		0x1548
0x1550		0x1550
0x1558		0x1558
0x1560		0x1560
0x1568		0x1568
0x1570		0x1570
0x1571		0x1571
0x1572		0x1572
0x1573		0x1573
0x1574		0x1574
0x1575		0x1575
0x1576		0x1576
0x1577		0x1577
0x1578		0x1578
0x1579		0x1579
0x157a		0x157a
0x157b		0x157b
0x157d		0x157d
0x157e		0x157e
0x157f		0x157f
0x1580		0x1580
0x1581		0x1581
0x1582		0x1582
0x1583		0x1583
0x1584		0x1584
0x1585		0x1585
0x1586		0x1586
0x1587		0x1587
0x1588		0x1588
0x1589		0x1589
0x158a		0x158a
0x158b		0x158b
0x158c		0x158c
0x158d		0x158d
0x158e		0x158e
0x158f		0x158f
0x1590		0x1590
0x1591		0x1591
0x1592		0x1592
0x1593		0x1593
0x1594		0x1594
0x1595		0x1595
0x159d		0x159d
0x159e		0x159e
0x159f		0x159f
0x15a0		0x15a0
0x15a1		0x15a1
0x15a2		0x15a2
0x15a3		0x15a3
0x15a4		0x15a4
0x15a5		0x15a5
0x15a7		0x15a7
0x15a8		0x15a8
0x15b0		0x15b0
0x15b8		0x15b8
0x15c0		0x15c0
0x15c8		0x15c8
0x15d0		0x15d0
0x15d1		0x15d1
0x15d3		0x15d3
0x15d4		0x15d4
0x15dc		0x15dc
0x15e4		0x15e4
0x15ec		0x15ec
0x15f4		0x15f4
0x15fc		0x15fc
0x15fd		0x15fd
0x15fe		0x15fe
0x15ff		0x15ff
0x1600		0x1600
0x1601		0x1601
0x1602		0x1602
0x1603		0x1603
0x1604		0x1604
0x1605		0x1605
0x1606		0x1606
0x1607		0x1607
0x1609		0x1609
0x160a		0x160a
0x160b		0x160b
0x160c		0x160c
0x160d		0x160d
0x160e		0x160e
0x160f		0x160f
0x1610		0x1610
0x1611		0x1611
0x1612		0x1612
0x1613		0x1613
0x1614		0x1614
0x1615		0x1615
0x1616		0x1616
0x1617		0x1617
0x1618		0x1618
0x1619		0x1619
0x161a		0x161a
0x161b		0x161b
0x161d		0x161d
0x161e		0x161e
0x161f		0x161f
0x1620		0x1620
0x1621		0x1621
0x1622		0x1622
0x1623		0x1623
0x1624		0x1624
0x1625		0x1625
0x1629		0x1629
0x162a		0x162a
0x162b		0x162b
0x162c		0x162c
0x162d		0x162d
0x162e		0x162e
0x162f		0x162f
0x1630		0x1630
0x1631		0x1631
0x1633		0x1633
0x1634		0x1634
0x163c		0x163c
0x1644		0x1644
0x164c		0x164c
0x1654		0x1654
0x165c		0x165c
0x165d		0x165d
0x165f		0x165f
0x1660		0x1660
0x1668		0x1668
0x1670		0x1670
0x1678		0x1678
0x1680		0x1680
0x1688		0x1688
0x1689		0x1689
0x168a		0x168a
0x168b		0x168b
0x168c		0x168c
0x168d		0x168d
0x168e		0x168e
0x168f		0x168f
0x1690		0x1690
0x1691		0x1691
0x1692		0x1692
0x1693		0x1693
0x1695		0x1695
0x1696		0x1696
0x1697		0x1697
0x1698		0x1698
0x1699		0x1699
0x169a		0x169a
0x169b		0x169b
0x169c		0x169c
0x169d		0x169d
0x169e		0x169e
0x169f		0x169f
0x16a0		0x16a0
0x16a1		0x16a1
0x16a2		0x16a2
0x16a3		0x16a3
0x16a4		0x16a4
0x16a5		0x16a5
0x16a6		0x16a6
0x16a7		0x16a7
0x16a8		0x16a8
0x16a9		0x16a9
0x16aa		0x16aa
0x16ab		0x16ab
0x16ac		0x16ac
0x16ad		0x16ad
0x16ae		0x16ae
0x16b6		0x16b6
0x16b7		0x16b7
0x16b8		0x16b8
0x16b9		0x16b9
0x16ba		0x16ba
0x16bb		0x16bb
0x16bc		0x16bc
0x16bd		0x16bd
0x16bf		0x16bf
0x16c0		0x16c0
0x16c8		0x16c8
0x16d0		0x16d0
0x16d8		0x16d8
0x16e0		0x16e0
0x16e8		0x16e8
0x16e9		0x16e9
0x16eb		0x16eb
0x16ec		0x16ec
0x16f4		0x16f4
0x16fc		0x16fc
0x1704		0x1704
0x170c		0x170c
0x1714		0x1714
0x1715		0x1715
0x1716		0x1716
0x1717		0x1717
0x1718		0x1718
0x1719		0x1719
0x171a		0x171a
0x171b		0x171b
0x171c		0x171c
0x171d		0x171d
0x171e		0x171e
0x171f		0x171f
0x1721		0x1721
0x1722		0x1722
0x1723		0x1723
0x1724		0x1724
0x1725		0x1725
0x1726		0x1726
0x1727		0x1727
0x1728		0x1728
0x1729		0x1729
0x172a		0x172a
0x172b		0x172b
0x172c		0x172c
0x172d		0x172d
0x172e		0x172e
0x172f		0x172f
0x1730		0x1730
0x1731		0x1731
0x1732		0x1732
0x1733		0x1733
0x1735		0x1735
0x1736		0x1736
0x1737		0x1737
0x1738		0x1738
0x1739		0x1739
0x173a		0x173a
0x173b		0x173b
0x173d		0x173d
0x173e		0x173e
0x1746		0x1746
0x174e		0x174e
0x1756		0x1756
0x175e		0x175e
0x1766		0x1766
0x1767		0x1767
0x1769		0x1769
0x1771		0x1771
0x1779		0x1779
0x177a		0x177a
0x177f		0x177f
0x1780		0x1780
0x1788		0x1788
0x1789		0x1789
0x178a		0x178a
0x178b		0x178b
0x178c		0x178c
0x1790		0x1790
0x1791		0x1791
0x1792		0x1792
0x1793		0x1793
0x1794		0x1794
0x1795		0x1795
0x1796		0x1796
0x1797		0x1797
0x1798		0x1798
0x1799		0x1799
0x179a		0x179a
0x179d		0x179d
0x17a3		0x17a3
0x17a6		0x17a6
0x17a7		0x17a7
0x17a8		0x17a8
0x17a9		0x17a9
0x17b1		0x17b1
0x17b2		0x17b2
0x17b3		0x17b3
0x17b4		0x17b4
0x17b5		0x17b5
0x17b6		0x17b6
0x17b7		0x17b7
0x17b8		0x17b8
0x17b9		0x17b9
0x17ba		0x17ba
0x17bb		0x17bb
0x17bc		0x17bc
0x17bd		0x17bd
0x17be		0x17be
0x17bf		0x17bf
0x17c1		0x17c1
0x17c2		0x17c2
0x17c3		0x17c3
0x17c4		0x17c4
0x17c5		0x17c5
0x17c6		0x17c6
0x17c7		0x17c7
0x17c8		0x17c8
0x17c9		0x17c9
0x17ca		0x17ca
0x17cb		0x17cb
0x17cc		0x17cc
0x17cd		0x17cd
0x17cf		0x17cf
0x17d0		0x17d0
0x17d1		0x17d1
0x17d3		0x17d3
0x17d4		0x17d4
0x17d7		0x17d7
0x17d8		0x17d8
0x17d9		0x17d9
0x17db		0x17db
0x17dc		0x17dc
0x17dd		0x17dd
0x17df		0x17df
0x17e1		0x17e1
0x17e2		0x17e2
0x17e3		0x17e3
0x17e4		0x17e4
0x17e5		0x17e5
0x17e6		0x17e6
0x17e7		0x17e7
0x17eb		0x17eb
0x17ec		0x17ec
0x17ed		0x17ed
0x17ee		0x17ee
0x17ef		0x17ef
0x17f0		0x17f0
0x17f1		0x17f1
0x17f2		0x17f2
0x17f3		0x17f3
0x17f4		0x17f4
0x17f5		0x17f5
0x17f6		0x17f6
0x17f7		0x17f7
0x17f8		0x17f8
0x17f9		0x17f9
0x17fa		0x17fa
0x17fb		0x17fb
0x17fc		0x17fc
0x17fd		0x17fd
0x17fe		0x17fe
0x17ff		0x17ff
0x1800		0x1800
0x1801		0x1801
0x1802		0x1802
0x1803		0x1803
0x1804		0x1804
0x1805		0x1805
0x1806		0x1806
0x1807		0x1807
0x1809		0x1809
0x180a		0x180a
0x180b		0x180b
0x180d		0x180d
0x180e		0x180e
0x180f		0x180f
0x1810		0x1810
0x1811		0x1811
0x1812		0x1812
0x1813		0x1813
0x1814		0x1814
0x1815		0x1815
0x1816		0x1816
0x1817		0x1817
0x181b		0x181b
0x181c		0x181c
0x181d		0x181d
0x181e		0x181e
0x181f		0x181f
0x1820		0x1820
0x1821		0x1821
0x1822		0x1822
0x1823		0x1823
0x1824		0x1824
0x1825		0x1825
0x1826		0x1826
0x1827		0x1827
0x1828		0x1828
0x1829		0x1829
0x182a		0x182a
0x182b		0x182b
0x182c		0x182c
0x182d		0x182d
0x182e		0x182e
0x182f		0x182f
0x1830		0x1830
0x1831		0x1831
0x1832		0x1832
0x1833		0x1833
0x1834		0x1834
0x1835		0x1835
0x1836		0x1836
0x1837		0x1837
0x1838		0x1838
0x1839		0x1839
0x183a		0x183a
0x183b		0x183b
0x183c		0x183c
0x183d		0x183d
0x183f		0x183f
0x1840		0x1840
0x1841		0x1841
0x1842		0x1842
0x1843		0x1843
0x1844		0x1844
0x1845		0x1845
0x1846		0x1846
0x1847		0x1847
0x184f		0x184f
0x1851		0x1851
0x1852		0x1852
0x1853		0x1853
0x1854		0x1854
0x1855		0x1855
0x1856		0x1856
0x1857		0x1857
0x1858		0x1858
0x1859		0x1859
0x185a		0x185a
0x185b		0x185b
0x185c		0x185c
0x185d		0x185d
0x185e		0x185e
0x185f		0x185f
0x1860		0x1860
0x1861		0x1861
0x1863		0x1863
0x1864		0x1864
0x1865		0x1865
0x1866		0x1866
0x1867		0x1867
0x1868		0x1868
0x1869		0x1869
0x186a		0x186a
0x186b		0x186b
0x186c		0x186c
0x186d		0x186d
0x186e		0x186e
0x186f		0x186f
0x1871		0x1871
0x1873		0x1873
0x1875		0x1875
0x1876		0x1876
0x1877		0x1877
0x1878		0x1878
0x1879		0x1879
0x187a		0x187a
0x187b		0x187b
0x187c		0x187c
0x187d		0x187d
0x187e		0x187e
0x187f		0x187f
0x1880		0x1880
0x1881		0x1881
0x1882		0x1882
0x1883		0x1883
0x1884		0x1884
0x1885		0x1885
0x1886		0x1886
0x1887		0x1887
0x1888		0x1888
0x1889		0x1889
0x188a		0x188a
0x188b		0x188b
0x188c		0x188c
0x188d		0x188d
0x188e		0x188e
0x188f		0x188f
0x1890		0x1890
0x1891		0x1891
0x1892		0x1892
0x1893		0x1893
0x1894		0x1894
0x1895		0x1895
0x1896		0x1896
0x1897		0x1897
0x1898		0x1898
0x1899		0x1899
0x189a		0x189a
0x189b		0x189b
0x189c		0x189c
0x189d		0x189d
0x189e		0x189e
0x189f		0x189f
0x18a0		0x18a0
0x18a1		0x18a1
0x18a2		0x18a2
0x18a3		0x18a3
0x18a4		0x18a4
0x18a5		0x18a5
0x18a7		0x18a7
0x18a8		0x18a8
0x18a9		0x18a9
0x18aa		0x18aa
0x18ab		0x18ab
0x18ac		0x18ac
0x18ad		0x18ad
0x18ae		0x18ae
0x18af		0x18af
0x18b0		0x18b0
0x18b1		0x18b1
0x18b6		0x18b6
0x18b7		0x18b7
0x18b8		0x18b8
0x18b9		0x18b9
0x18ba		0x18ba
0x18bb		0x18bb
0x18c3		0x18c3
0x18c4		0x18c4
0x18c6		0x18c6
0x18c7		0x18c7
0x18c8		0x18c8
0x18c9		0x18c9
0x18ca		0x18ca
0x18cb		0x18cb
0x18cc		0x18cc
0x18cd		0x18cd
0x18ce		0x18ce
0x18cf		0x18cf
0x18d0		0x18d0
0x18d1		0x18d1
0x18d2		0x18d2
0x18d3		0x18d3
0x18d4		0x18d4
0x18d5		0x18d5
0x18d6		0x18d6
0x18d7		0x18d7
0x18d8		0x18d8
0x18d9		0x18d9
0x18db		0x18db
0x18dc		0x18dc
0x18dd		0x18dd
0x18de		0x18de
0x18df		0x18df
0x18e0		0x18e0
0x18e1		0x18e1
0x18e3		0x18e3
0x18e4		0x18e4
0x18e5		0x18e5
0x18e6		0x18e6
0x18e7		0x18e7
0x18ec		0x18ec
0x18ed		0x18ed
0x18f1		0x18f1
0x18f3		0x18f3
0x18f5		0x18f5
0x18f6		0x18f6
0x18f7		0x18f7
0x18f8		0x18f8
0x18f9		0x18f9
0x18fa		0x18fa
0x18fb		0x18fb
0x18fc		0x18fc
0x18fd		0x18fd
0x18fe		0x18fe
0x18ff		0x18ff
0x1900		0x1900
0x1901		0x1901
0x1902		0x1902
0x1903		0x1903
0x1904		0x1904
0x1905		0x1905
0x1907		0x1907
0x1908		0x1908
0x1909		0x1909
0x190d		0x190d
0x190e		0x190e
0x190f		0x190f
0x1910		0x1910
0x1911		0x1911
0x1913		0x1913
0x1914		0x1914
0x1915		0x1915
0x1916		0x1916
0x1917		0x1917
0x1918		0x1918
0x1919		0x1919
0x191b		0x191b
0x191c		0x191c
0x191d		0x191d
0x191e		0x191e
0x191f		0x191f
0x1920		0x1920
0x1921		0x1921
0x1922		0x1922
0x1923		0x1923
0x1924		0x1924
0x1925		0x1925
0x1926		0x1926
0x1927		0x1927
0x1928		0x1928
0x1929		0x1929
0x192a		0x192a
0x192b		0x192b
0x1930		0x1930
0x1931		0x1931
0x1933		0x1933
0x1934		0x1934
0x1935		0x1935
0x1936		0x1936
0x1937		0x1937
0x1938		0x1938
0x1939		0x1939
0x1941		0x1941
0x1942		0x1942
0x1943		0x1943
0x1947		0x1947
0x1948		0x1948
0x1949		0x1949
0x194a		0x194a
0x194b		0x194b
0x194c		0x194c
0x194d		0x194d
0x194e		0x194e
0x194f		0x194f
0x1950		0x1950
0x1951		0x1951
0x1952		0x1952
0x1953		0x1953
0x1957		0x1957
0x195c		0x195c
0x195d		0x195d
0x195e		0x195e
0x195f		0x195f
0x1960		0x1960
0x1961		0x1961
0x1962		0x1962
0x1963		0x1963
0x196b		0x196b
0x196d		0x196d
0x196e		0x196e
0x1976		0x1976
0x197e		0x197e
0x1986		0x1986
0x198e		0x198e
0x1996		0x1996
0x1997		0x1997
0x1998		0x1998
0x1999		0x1999
0x199b		0x199b
0x199c		0x199c
0x19a4		0x19a4
0x19ac		0x19ac
0x19b4		0x19b4
0x19bc		0x19bc
0x19c4		0x19c4
0x19c5		0x19c5
0x19c7		0x19c7
0x19cf		0x19cf
0x19d5		0x19d5
0x19d7		0x19d7
0x19db		0x19db
0x19dc		0x19dc
0x19e0		0x19e0
0x19e9		0x19e9
0x19ea		0x19ea
0x19eb		0x19eb
0x19ef		0x19ef
0x19f0		0x19f0
0x19f1		0x19f1
0x19f2		0x19f2
0x19f7		0x19f7
0x19f8		0x19f8
0x19f9		0x19f9
0x19fa		0x19fa
0x1a02		0x1a02
0x1a03		0x1a03
0x1a04		0x1a04
0x1a08		0x1a08
0x1a09		0x1a09
0x1a0a		0x1a0a
0x1a0b		0x1a0b
0x1a0c		0x1a0c
0x1a0d		0x1a0d
0x1a0e		0x1a0e
0x1a0f		0x1a0f
0x1a10		0x1a10
0x1a11		0x1a11
0x1a12		0x1a12
0x1a13		0x1a13
0x1a14		0x1a14
0x1a15		0x1a15
0x1a16		0x1a16
0x1a17		0x1a17
0x1a18		0x1a18
0x1a19		0x1a19
0x1a1a		0x1a1a
0x1a1b		0x1a1b
0x1a1c		0x1a1c
0x1a1d		0x1a1d
0x1a1f		0x1a1f
0x1a20		0x1a20
0x1a21		0x1a21
0x1a22		0x1a22
0x1a23		0x1a23
0x1a24		0x1a24
0x1a25		0x1a25
0x1a26		0x1a26
0x1a27		0x1a27
0x1a28		0x1a28
0x1a29		0x1a29
0x1a2a		0x1a2a
0x1a2b		0x1a2b
0x1a2d		0x1a2d
0x1a2e		0x1a2e
0x1a2f		0x1a2f
0x1a31		0x1a31
0x1a32		0x1a32
0x1a35		0x1a35
0x1a36		0x1a36
0x1a37		0x1a37
0x1a38		0x1a38
0x1a39		0x1a39
0x1a3a		0x1a3a
0x1a3b		0x1a3b
0x1a3f		0x1a3f
0x1a40		0x1a40
0x1a41		0x1a41
0x1a42		0x1a42
0x1a43		0x1a43
0x1a44		0x1a44
0x1a45		0x1a45
0x1a46		0x1a46
0x1a47		0x1a47
0x1a48		0x1a48
0x1a49		0x1a49
0x1a4a		0x1a4a
0x1a4b		0x1a4b
0x1a4c		0x1a4c
0x1a4d		0x1a4d
0x1a4e		0x1a4e
0x1a4f		0x1a4f
0x1a50		0x1a50
0x1a51		0x1a51
0x1a52		0x1a52
0x1a53		0x1a53
0x1a54		0x1a54
0x1a55		0x1a55
0x1a56		0x1a56
0x1a57		0x1a57
0x1a58		0x1a58
0x1a59		0x1a59
0x1a5a		0x1a5a
0x1a5b		0x1a5b
0x1a5d		0x1a5d
0x1a5e		0x1a5e
0x1a5f		0x1a5f
0x1a61		0x1a61
0x1a62		0x1a62
0x1a63		0x1a63
0x1a64		0x1a64
0x1a65		0x1a65
0x1a66		0x1a66
0x1a67		0x1a67
0x1a68		0x1a68
0x1a69		0x1a69
0x1a6a		0x1a6a
0x1a6b		0x1a6b
0x1a6f		0x1a6f
0x1a70		0x1a70
0x1a71		0x1a71
0x1a72		0x1a72
0x1a73		0x1a73
0x1a74		0x1a74
0x1a75		0x1a75
0x1a76		0x1a76
0x1a77		0x1a77
0x1a78		0x1a78
0x1a79		0x1a79
0x1a7a		0x1a7a
0x1a7b		0x1a7b
0x1a7d		0x1a7d
0x1a7e		0x1a7e
0x1a86		0x1a86
0x1a8e		0x1a8e
0x1a96		0x1a96
0x1a9e		0x1a9e
0x1aa6		0x1aa6
0x1aa7		0x1aa7
0x1aa9		0x1aa9
0x1aaa		0x1aaa
0x1ab2		0x1ab2
0x1aba		0x1aba
0x1ac2		0x1ac2
0x1aca		0x1aca
0x1ad2		0x1ad2
0x1ad3		0x1ad3
0x1ad4		0x1ad4
0x1ad5		0x1ad5
0x1ad6		0x1ad6
0x1ad7		0x1ad7
0x1ad8		0x1ad8
0x1ad9		0x1ad9
0x1ada		0x1ada
0x1adb		0x1adb
0x1adc		0x1adc
0x1add		0x1add
0x1adf		0x1adf
0x1ae0		0x1ae0
0x1ae1		0x1ae1
0x1ae2		0x1ae2
0x1ae3		0x1ae3
0x1ae4		0x1ae4
0x1ae5		0x1ae5
0x1ae6		0x1ae6
0x1ae7		0x1ae7
0x1ae8		0x1ae8
0x1ae9		0x1ae9
0x1aea		0x1aea
0x1aeb		0x1aeb
0x1aec		0x1aec
0x1aed		0x1aed
0x1aee		0x1aee
0x1aef		0x1aef
0x1af0		0x1af0
0x1af1		0x1af1
0x1af2		0x1af2
0x1af3		0x1af3
0x1af4		0x1af4
0x1af5		0x1af5
0x1af6		0x1af6
0x1af7		0x1af7
0x1af8		0x1af8
0x1af9		0x1af9
0x1afa		0x1afa
0x1afb		0x1afb
0x1afc		0x1afc
0x1afd		0x1afd
0x1b03		0x1b03
0x1b04		0x1b04
0x1b05		0x1b05
0x1b06		0x1b06
0x1b07		0x1b07
0x1b08		0x1b08
0x1b10		0x1b10
0x1b11		0x1b11
0x1b12		0x1b12
0x1b13		0x1b13
0x1b14		0x1b14
0x1b15		0x1b15
0x1b16		0x1b16
0x1b17		0x1b17
0x1b18		0x1b18
0x1b19		0x1b19
0x1b1a		0x1b1a
0x1b1b		0x1b1b
0x1b21		0x1b21
0x1b22		0x1b22
0x1b23		0x1b23
0x1b24		0x1b24
0x1b25		0x1b25
0x1b26		0x1b26
0x1b2e		0x1b2e
0x1b34		0x1b34
0x1b35		0x1b35
0x1b36		0x1b36
0x1b37		0x1b37
0x1b38		0x1b38
0x1b39		0x1b39
0x1b3b		0x1b3b
0x1b3c		0x1b3c
0x1b44		0x1b44
0x1b4c		0x1b4c
0x1b54		0x1b54
0x1b5c		0x1b5c
0x1b64		0x1b64
0x1b65		0x1b65
0x1b67		0x1b67
0x1b68		0x1b68
0x1b70		0x1b70
0x1b78		0x1b78
0x1b80		0x1b80
0x1b88		0x1b88
0x1b90		0x1b90
0x1b91		0x1b91
0x1b92		0x1b92
0x1b93		0x1b93
0x1b94		0x1b94
0x1b95		0x1b95
0x1b96		0x1b96
0x1b97		0x1b97
0x1b98		0x1b98
0x1b99		0x1b99
0x1b9a		0x1b9a
0x1b9b		0x1b9b
0x1b9d		0x1b9d
0x1b9e		0x1b9e
0x1b9f		0x1b9f
0x1ba0		0x1ba0
0x1ba1		0x1ba1
0x1ba2		0x1ba2
0x1ba3		0x1ba3
0x1ba4		0x1ba4
0x1ba5		0x1ba5
0x1ba6		0x1ba6
0x1ba7		0x1ba7
0x1ba8		0x1ba8
0x1ba9		0x1ba9
0x1baa		0x1baa
0x1bab		0x1bab
0x1bac		0x1bac
0x1bad		0x1bad
0x1bae		0x1bae
0x1baf		0x1baf
0x1bb0		0x1bb0
0x1bb1		0x1bb1
0x1bb2		0x1bb2
0x1bb3		0x1bb3
0x1bb4		0x1bb4
0x1bb5		0x1bb5
0x1bbd		0x1bbd
0x1bbe		0x1bbe
0x1bbf		0x1bbf
0x1bc0		0x1bc0
0x1bc1		0x1bc1
0x1bc2		0x1bc2
0x1bc3		0x1bc3
0x1bc4		0x1bc4
0x1bc5		0x1bc5
0x1bc7		0x1bc7
0x1bc8		0x1bc8
0x1bd0		0x1bd0
0x1bd8		0x1bd8
0x1be0		0x1be0
0x1be8		0x1be8
0x1bf0		0x1bf0
0x1bf1		0x1bf1
0x1bf3		0x1bf3
0x1bf4		0x1bf4
0x1bfc		0x1bfc
0x1c04		0x1c04
0x1c0c		0x1c0c
0x1c14		0x1c14
0x1c1c		0x1c1c
0x1c1d		0x1c1d
0x1c1e		0x1c1e
0x1c1f		0x1c1f
0x1c20		0x1c20
0x1c21		0x1c21
0x1c22		0x1c22
0x1c23		0x1c23
0x1c24		0x1c24
0x1c25		0x1c25
0x1c26		0x1c26
0x1c27		0x1c27
0x1c29		0x1c29
0x1c2a		0x1c2a
0x1c2b		0x1c2b
0x1c2c		0x1c2c
0x1c2d		0x1c2d
0x1c2e		0x1c2e
0x1c2f		0x1c2f
0x1c30		0x1c30
0x1c31		0x1c31
0x1c32		0x1c32
0x1c33		0x1c33
0x1c34		0x1c34
0x1c35		0x1c35
0x1c36		0x1c36
0x1c37		0x1c37
0x1c38		0x1c38
0x1c39		0x1c39
0x1c3a		0x1c3a
0x1c3b		0x1c3b
0x1c3d		0x1c3d
0x1c3e		0x1c3e
0x1c3f		0x1c3f
0x1c40		0x1c40
0x1c41		0x1c41
0x1c42		0x1c42
0x1c43		0x1c43
0x1c44		0x1c44
0x1c45		0x1c45
0x1c4c		0x1c4c
0x1c4d		0x1c4d
0x1c4e		0x1c4e
0x1c4f		0x1c4f
0x1c50		0x1c50
0x1c51		0x1c51
0x1c53		0x1c53
0x1c54		0x1c54
0x1c5c		0x1c5c
0x1c64		0x1c64
0x1c6c		0x1c6c
0x1c74		0x1c74
0x1c7c		0x1c7c
0x1c7d		0x1c7d
0x1c7f		0x1c7f
0x1c80		0x1c80
0x1c88		0x1c88
0x1c90		0x1c90
0x1c98		0x1c98
0x1ca0		0x1ca0
0x1ca8		0x1ca8
0x1ca9		0x1ca9
0x1caa		0x1caa
0x1cab		0x1cab
0x1cac		0x1cac
0x1cad		0x1cad
0x1cae		0x1cae
0x1caf		0x1caf
0x1cb0		0x1cb0
0x1cb1		0x1cb1
0x1cb2		0x1cb2
0x1cb3		0x1cb3
0x1cb5		0x1cb5
0x1cb6		0x1cb6
0x1cb7		0x1cb7
0x1cb8		0x1cb8
0x1cb9		0x1cb9
0x1cba		0x1cba
0x1cbb		0x1cbb
0x1cbc		0x1cbc
0x1cbd		0x1cbd
0x1cbe		0x1cbe
0x1cbf		0x1cbf
0x1cc0		0x1cc0
0x1cc1		0x1cc1
0x1cc2		0x1cc2
0x1cc3		0x1cc3
0x1cc4		0x1cc4
0x1cc5		0x1cc5
0x1cc6		0x1cc6
0x1cc7		0x1cc7
0x1cc8		0x1cc8
0x1cc9		0x1cc9
0x1cca		0x1cca
0x1ccb		0x1ccb
0x1ccc		0x1ccc
0x1ccd		0x1ccd
0x1cce		0x1cce
0x1cd6		0x1cd6
0x1cd7		0x1cd7
0x1cd8		0x1cd8
0x1cd9		0x1cd9
0x1cda		0x1cda
0x1cdb		0x1cdb
0x1cdc		0x1cdc
0x1cdd		0x1cdd
0x1cdf		0x1cdf
0x1ce0		0x1ce0
0x1ce8		0x1ce8
0x1cf0		0x1cf0
0x1cf8		0x1cf8
0x1d00		0x1d00
0x1d08		0x1d08
0x1d09		0x1d09
0x1d0b		0x1d0b
0x1d0c		0x1d0c
0x1d14		0x1d14
0x1d1c		0x1d1c
0x1d24		0x1d24
0x1d2c		0x1d2c
0x1d34		0x1d34
0x1d35		0x1d35
0x1d36		0x1d36
0x1d37		0x1d37
0x1d38		0x1d38
0x1d39		0x1d39
0x1d3a		0x1d3a
0x1d3b		0x1d3b
0x1d3c		0x1d3c
0x1d3d		0x1d3d
0x1d3e		0x1d3e
0x1d3f		0x1d3f
0x1d41		0x1d41
0x1d42		0x1d42
0x1d43		0x1d43
0x1d44		0x1d44
0x1d45		0x1d45
0x1d46		0x1d46
0x1d47		0x1d47
0x1d48		0x1d48
0x1d49		0x1d49
0x1d4a		0x1d4a
0x1d4b		0x1d4b
0x1d4c		0x1d4c
0x1d4d		0x1d4d
0x1d4e		0x1d4e
0x1d4f		0x1d4f
0x1d50		0x1d50
0x1d51		0x1d51
0x1d52		0x1d52
0x1d53		0x1d53
0x1d55		0x1d55
0x1d56		0x1d56
0x1d57		0x1d57
0x1d58		0x1d58
0x1d59		0x1d59
0x1d5a		0x1d5a
0x1d5b		0x1d5b
0x1d5d		0x1d5d
0x1d5e		0x1d5e
0x1d66		0x1d66
0x1d6e		0x1d6e
0x1d76		0x1d76
0x1d7e		0x1d7e
0x1d86		0x1d86
0x1d87		0x1d87
0x1d89		0x1d89
0x1d91		0x1d91
0x1d99		0x1d99
0x1d9b		0x1d9b
0x1d9c		0x1d9c
0x1d9d		0x1d9d
0x1d9e		0x1d9e
0x1da2		0x1da2
0x1da3		0x1da3
0x1da7		0x1da7
0x1dab		0x1dab
0x1dac		0x1dac
0x1dad		0x1dad
0x1db1		0x1db1
0x1db2		0x1db2
0x1db3		0x1db3
0x1dba		0x1dba
0x1dbb		0x1dbb
0x1dbd		0x1dbd
0x1dbe		0x1dbe
0x1dc1		0x1dc1
0x1dc4		0x1dc4
0x1dcc		0x1dcc
0x1dcd		0x1dcd
0x1dce		0x1dce
0x1dcf		0x1dcf
0x1dd0		0x1dd0
0x1dd1		0x1dd1
0x1dd2		0x1dd2
0x1dd3		0x1dd3
0x1dd4		0x1dd4
0x1dd5		0x1dd5
0x1dd6		0x1dd6
0x1dd7		0x1dd7
0x1dd8		0x1dd8
0x1dd9		0x1dd9
0x1dda		0x1dda
0x1ddb		0x1ddb
0x1ddc		0x1ddc
0x1ddd		0x1ddd
0x1dde		0x1dde
0x1ddf		0x1ddf
0x1de1		0x1de1
0x1de2		0x1de2
0x1de3		0x1de3
0x1de4		0x1de4
0x1de5		0x1de5
0x1de6		0x1de6
0x1de7		0x1de7
0x1de8		0x1de8
0x1de9		0x1de9
0x1dea		0x1dea
0x1deb		0x1deb
0x1dec		0x1dec
0x1ded		0x1ded
0x1def		0x1def
0x1df0		0x1df0
0x1df1		0x1df1
0x1df3		0x1df3
0x1df4		0x1df4
0x1df7		0x1df7
0x1df8		0x1df8
0x1df9		0x1df9
0x1dfb		0x1dfb
0x1dfc		0x1dfc
0x1dfd		0x1dfd
0x1dff		0x1dff
0x1e01		0x1e01
0x1e02		0x1e02
0x1e03		0x1e03
0x1e04		0x1e04
0x1e05		0x1e05
0x1e06		0x1e06
0x1e07		0x1e07
0x1e0b		0x1e0b
0x1e0c		0x1e0c
0x1e0d		0x1e0d
0x1e0e		0x1e0e
0x1e0f		0x1e0f
0x1e10		0x1e10
0x1e11		0x1e11
0x1e12		0x1e12
0x1e13		0x1e13
0x1e14		0x1e14
0x1e15		0x1e15
0x1e16		0x1e16
0x1e17		0x1e17
0x1e18		0x1e18
0x1e19		0x1e19
0x1e1a		0x1e1a
0x1e1b		0x1e1b
0x1e1c		0x1e1c
0x1e1d		0x1e1d
0x1e1e		0x1e1e
0x1e1f		0x1e1f
0x1e20		0x1e20
0x1e21		0x1e21
0x1e22		0x1e22
0x1e23		0x1e23
0x1e24		0x1e24
0x1e25		0x1e25
0x1e26		0x1e26
0x1e27		0x1e27
0x1e28		0x1e28
0x1e29		0x1e29
0x1e2a		0x1e2a
0x1e2b		0x1e2b
0x1e2c		0x1e2c
0x1e2d		0x1e2d
0x1e2e		0x1e2e
0x1e2f		0x1e2f
0x1e30		0x1e30
0x1e31		0x1e31
0x1e32		0x1e32
0x1e33		0x1e33
0x1e34		0x1e34
0x1e35		0x1e35
0x1e36		0x1e36
0x1e37		0x1e37
0x1e38		0x1e38
0x1e39		0x1e39
0x1e3a		0x1e3a
0x1e3b		0x1e3b
0x1e3c		0x1e3c
0x1e3d		0x1e3d
0x1e3e		0x1e3e
0x1e3f		0x1e3f
0x1e41		0x1e41
0x1e42		0x1e42
0x1e43		0x1e43
0x1e45		0x1e45
0x1e46		0x1e46
0x1e47		0x1e47
0x1e48		0x1e48
0x1e49		0x1e49
0x1e4a		0x1e4a
0x1e4b		0x1e4b
0x1e4c		0x1e4c
0x1e4d		0x1e4d
0x1e4e		0x1e4e
0x1e4f		0x1e4f
0x1e50		0x1e50
0x1e51		0x1e51
0x1e55		0x1e55
0x1e56		0x1e56
0x1e57		0x1e57
0x1e58		0x1e58
0x1e59		0x1e59
0x1e5a		0x1e5a
0x1e5b		0x1e5b
0x1e5c		0x1e5c
0x1e5d		0x1e5d
0x1e5e		0x1e5e
0x1e5f		0x1e5f
0x1e60		0x1e60
0x1e61		0x1e61
0x1e62		0x1e62
0x1e63		0x1e63
0x1e64		0x1e64
0x1e65		0x1e65
0x1e6d		0x1e6d
0x1e6e		0x1e6e
0x1e6f		0x1e6f
0x1e70		0x1e70
0x1e78		0x1e78
0x1e79		0x1e79
0x1e7b		0x1e7b
0x1e7c		0x1e7c
0x1e7d		0x1e7d
0x1e7f		0x1e7f
0x1e81		0x1e81
0x1e82		0x1e82
0x1e83		0x1e83
0x1e84		0x1e84
0x1e85		0x1e85
0x1e86		0x1e86
0x1e87		0x1e87
0x1e88		0x1e88
0x1e89		0x1e89
0x1e8d		0x1e8d
0x1e8e		0x1e8e
0x1e8f		0x1e8f
0x1e90		0x1e90
0x1e91		0x1e91
0x1e93		0x1e93
0x1e94		0x1e94
0x1e9c		0x1e9c
0x1ea4		0x1ea4
0x1eac		0x1eac
0x1eb4		0x1eb4
0x1ebc		0x1ebc
0x1ebd		0x1ebd
0x1ebe		0x1ebe
0x1ebf		0x1ebf
0x1ec0		0x1ec0
0x1ec1		0x1ec1
0x1ec2		0x1ec2
0x1ec3		0x1ec3
0x1ec4		0x1ec4
0x1ec5		0x1ec5
0x1ec6		0x1ec6
0x1ec7		0x1ec7
0x1ec8		0x1ec8
0x1ec9		0x1ec9
0x1ed1		0x1ed1
0x1ed2		0x1ed2
0x1ed3		0x1ed3
0x1ed4		0x1ed4
0x1edc		0x1edc
0x1edd		0x1edd
0x1ede		0x1ede
0x1edf		0x1edf
0x1ee0		0x1ee0
0x1ee1		0x1ee1
0x1ee2		0x1ee2
0x1ee3		0x1ee3
0x1ee5		0x1ee5
0x1ee6		0x1ee6
0x1eee		0x1eee
0x1ef6		0x1ef6
0x1efe		0x1efe
0x1f06		0x1f06
0x1f0e		0x1f0e
0x1f0f		0x1f0f
0x1f11		0x1f11
0x1f12		0x1f12
0x1f1a		0x1f1a
0x1f22		0x1f22
0x1f2a		0x1f2a
0x1f32		0x1f32
0x1f3a		0x1f3a
0x1f3b		0x1f3b
0x1f3c		0x1f3c
0x1f3d		0x1f3d
0x1f3e		0x1f3e
0x1f3f		0x1f3f
0x1f40		0x1f40
0x1f41		0x1f41
0x1f42		0x1f42
0x1f43		0x1f43
0x1f44		0x1f44
0x1f45		0x1f45
0x1f47		0x1f47
0x1f48		0x1f48
0x1f49		0x1f49
0x1f4a		0x1f4a
0x1f4b		0x1f4b
0x1f4c		0x1f4c
0x1f4d		0x1f4d
0x1f4e		0x1f4e
0x1f4f		0x1f4f
0x1f50		0x1f50
0x1f51		0x1f51
0x1f52		0x1f52
0x1f53		0x1f53
0x1f54		0x1f54
0x1f55		0x1f55
0x1f56		0x1f56
0x1f57		0x1f57
0x1f58		0x1f58
0x1f59		0x1f59
0x1f5a		0x1f5a
0x1f5b		0x1f5b
0x1f5c		0x1f5c
0x1f5d		0x1f5d
0x1f5e		0x1f5e
0x1f5f		0x1f5f
0x1f60		0x1f60
0x1f61		0x1f61
0x1f62		0x1f62
0x1f63		0x1f63
0x1f64		0x1f64
0x1f65		0x1f65
0x1f6d		0x1f6d
0x1f6e		0x1f6e
0x1f6f		0x1f6f
0x1f70		0x1f70
0x1f78		0x1f78
0x1f79		0x1f79
0x1f7a		0x1f7a
0x1f7b		0x1f7b
0x1f7c		0x1f7c
0x1f7d		0x1f7d
0x1f7f		0x1f7f
0x1f80		0x1f80
0x1f88		0x1f88
0x1f90		0x1f90
0x1f98		0x1f98
0x1fa0		0x1fa0
0x1fa8		0x1fa8
0x1fa9		0x1fa9
0x1fab		0x1fab
0x1fac		0x1fac
0x1fb4		0x1fb4
0x1fbc		0x1fbc
0x1fc4		0x1fc4
0x1fcc		0x1fcc
0x1fd4		0x1fd4
0x1fd5		0x1fd5
0x1fd6		0x1fd6
0x1fd7		0x1fd7
0x1fd8		0x1fd8
0x1fd9		0x1fd9
0x1fda		0x1fda
0x1fdb		0x1fdb
0x1fdc		0x1fdc
0x1fdd		0x1fdd
0x1fde		0x1fde
0x1fdf		0x1fdf
0x1fe1		0x1fe1
0x1fe2		0x1fe2
0x1fe3		0x1fe3
0x1fe4		0x1fe4
0x1fe5		0x1fe5
0x1fe6		0x1fe6
0x1fe7		0x1fe7
0x1fe8		0x1fe8
0x1fe9		0x1fe9
0x1fea		0x1fea
0x1feb		0x1feb
0x1fec		0x1fec
0x1fed		0x1fed
0x1fee		0x1fee
0x1fef		0x1fef
0x1ff0		0x1ff0
0x1ff1		0x1ff1
0x1ff2		0x1ff2
0x1ff3		0x1ff3
0x1ff4		0x1ff4
0x1ff5		0x1ff5
0x1ff6		0x1ff6
0x1ff7		0x1ff7
0x1ff8		0x1ff8
0x1ff9		0x1ff9
0x1ffa		0x1ffa
0x1ffb		0x1ffb
0x1ffc		0x1ffc
0x1ffd		0x1ffd
0x1ffe		0x1ffe
0x1fff		0x1fff
0x2001		0x2001
0x2002		0x2002
0x200a		0x200a
0x2012		0x2012
0x201a		0x201a
0x2022		0x2022
0x202a		0x202a
0x202b		0x202b
0x202d		0x202d
0x202e		0x202e
0x2036		0x2036
0x203e		0x203e
0x2046		0x2046
0x204e		0x204e
0x2056		0x2056
0x2057		0x2057
0x2058		0x2058
0x2059		0x2059
0x205a		0x205a
0x205b		0x205b
0x205c		0x205c
0x205d		0x205d
0x205e		0x205e
0x205f		0x205f
0x2060		0x2060
0x2061		0x2061
0x2063		0x2063
0x2064		0x2064
0x2065		0x2065
0x2066		0x2066
0x2067		0x2067
0x2068		0x2068
0x2069		0x2069
0x206a		0x206a
0x206b		0x206b
0x206c		0x206c
0x206d		0x206d
0x206e		0x206e
0x206f		0x206f
0x2070		0x2070
0x2071		0x2071
0x2072		0x2072
0x2073		0x2073
0x2074		0x2074
0x2075		0x2075
0x2076		0x2076
0x2077		0x2077
0x2078		0x2078
0x2079		0x2079
0x207a		0x207a
0x207b		0x207b
0x207c		0x207c
0x207d		0x207d
0x207e		0x207e
0x207f		0x207f
0x2080		0x2080
0x2081		0x2081
0x2082		0x2082
0x2084		0x2084
0x2086		0x2086
0x2087		0x2087
0x2088		0x2088
0x2089		0x2089
0x208a		0x208a
0x208b		0x208b
0x208c		0x208c
0x2094		0x2094
0x2095		0x2095
0x2096		0x2096
0x2097		0x2097
0x2098		0x2098
0x2099		0x2099
0x209b		0x209b
0x209c		0x209c
0x20a4		0x20a4
0x20ac		0x20ac
0x20b4		0x20b4
0x20bc		0x20bc
0x20c4		0x20c4
0x20c5		0x20c5
0x20c7		0x20c7
0x20c8		0x20c8
0x20d0		0x20d0
0x20d8		0x20d8
0x20e0		0x20e0
0x20e8		0x20e8
0x20f0		0x20f0
0x20f1		0x20f1
0x20f2		0x20f2
0x20f3		0x20f3
0x20f4		0x20f4
0x20f5		0x20f5
0x20f6		0x20f6
0x20f7		0x20f7
0x20f8		0x20f8
0x20f9		0x20f9
0x20fa		0x20fa
0x20fb		0x20fb
0x20fd		0x20fd
0x20fe		0x20fe
0x20ff		0x20ff
0x2100		0x2100
0x2101		0x2101
0x2102		0x2102
0x2103		0x2103
0x2104		0x2104
0x2105		0x2105
0x2106		0x2106
0x2107		0x2107
0x2108		0x2108
0x2109		0x2109
0x210a		0x210a
0x210b		0x210b
0x210c		0x210c
0x210d		0x210d
0x210e		0x210e
0x210f		0x210f
0x2110		0x2110
0x2111		0x2111
0x2112		0x2112
0x2113		0x2113
0x2114		0x2114
0x2115		0x2115
0x2116		0x2116
0x2117		0x2117
0x2118		0x2118
0x2119		0x2119
0x211b		0x211b
0x211c		0x211c
0x2124		0x2124
0x212c		0x212c
0x2134		0x2134
0x213c		0x213c
0x2144		0x2144
0x2145		0x2145
0x2147		0x2147
0x2148		0x2148
0x2150		0x2150
0x2158		0x2158
0x2160		0x2160
0x2168		0x2168
0x2170		0x2170
0x2171		0x2171
0x2172		0x2172
0x2173		0x2173
0x2174		0x2174
0x2175		0x2175
0x2176		0x2176
0x2177		0x2177
0x2178		0x2178
0x2179		0x2179
0x217a		0x217a
0x217b		0x217b
0x217d		0x217d
0x217e		0x217e
0x217f		0x217f
0x2180		0x2180
0x2181		0x2181
0x2182		0x2182
0x2183		0x2183
0x2184		0x2184
0x2185		0x2185
0x2186		0x2186
0x2187		0x2187
0x2188		0x2188
0x2189		0x2189
0x218a		0x218a
0x218b		0x218b
0x218c		0x218c
0x218d		0x218d
0x218e		0x218e
0x218f		0x218f
0x2190		0x2190
0x2191		0x2191
0x2193		0x2193
0x2194		0x2194
0x2195		0x2195
0x2196		0x2196
0x2197		0x2197
0x2198		0x2198
0x2199		0x2199
0x219a		0x219a
0x219b		0x219b
0x219c		0x219c
0x219d		0x219d
0x219e		0x219e
0x219f		0x219f
0x21a0		0x21a0
0x21a1		0x21a1
0x21a3		0x21a3
0x21a4		0x21a4
0x21ac		0x21ac
0x21b4		0x21b4
0x21bc		0x21bc
0x21c4		0x21c4
0x21cc		0x21cc
0x21cd		0x21cd
0x21cf		0x21cf
0x21d0		0x21d0
0x21d8		0x21d8
0x21e0		0x21e0
0x21e8		0x21e8
0x21f0		0x21f0
0x21f8		0x21f8
0x21f9		0x21f9
0x21fa		0x21fa
0x21fb		0x21fb
0x21fc		0x21fc
0x21fd		0x21fd
0x21fe		0x21fe
0x21ff		0x21ff
0x2200		0x2200
0x2201		0x2201
0x2202		0x2202
0x2203		0x2203
0x2205		0x2205
0x2206		0x2206
0x2207		0x2207
0x2208		0x2208
0x2209		0x2209
0x220a		0x220a
0x220b		0x220b
0x220c		0x220c
0x220d		0x220d
0x220e		0x220e
0x220f		0x220f
0x2210		0x2210
0x2211		0x2211
0x2212		0x2212
0x2213		0x2213
0x2214		0x2214
0x2215		0x2215
0x2216		0x2216
0x2217		0x2217
0x2218		0x2218
0x2219		0x2219
0x221a		0x221a
0x221b		0x221b
0x221c		0x221c
0x221d		0x221d
0x221e		0x221e
0x221f		0x221f
0x2220		0x2220
0x2221		0x2221
0x2223		0x2223
0x2224		0x2224
0x2225		0x2225
0x2226		0x2226
0x2227		0x2227
0x2228		0x2228
0x2229		0x2229
0x222b		0x222b
0x222c		0x222c
0x222d		0x222d
0x222e		0x222e
0x222f		0x222f
0x2230		0x2230
0x2231		0x2231
0x2232		0x2232
0x2233		0x2233
0x2234		0x2234
0x2235		0x2235
0x2236		0x2236
0x2237		0x2237
0x2238		0x2238
0x2239		0x2239
0x223a		0x223a
0x223b		0x223b
0x223d		0x223d
0x223e		0x223e
0x2246		0x2246
0x224e		0x224e
0x2256		0x2256
0x225e		0x225e
0x2266		0x2266
0x2267		0x2267
0x2269		0x2269
0x226a		0x226a
0x2272		0x2272
0x227a		0x227a
0x2282		0x2282
0x228a		0x228a
0x2292		0x2292
0x2293		0x2293
0x2294		0x2294
0x2295		0x2295
0x2296		0x2296
0x2297		0x2297
0x2298		0x2298
0x2299		0x2299
0x229a		0x229a
0x229b		0x229b
0x229c		0x229c
0x229d		0x229d
0x229f		0x229f
0x22a0		0x22a0
0x22a1		0x22a1
0x22a2		0x22a2
0x22a3		0x22a3
0x22a4		0x22a4
0x22a5		0x22a5
0x22a6		0x22a6
0x22a7		0x22a7
0x22a8		0x22a8
0x22a9		0x22a9
0x22aa		0x22aa
0x22ab		0x22ab
0x22ac		0x22ac
0x22ad		0x22ad
0x22ae		0x22ae
0x22af		0x22af
0x22b0		0x22b0
0x22b1		0x22b1
0x22b2		0x22b2
0x22b3		0x22b3
0x22b4		0x22b4
0x22b5		0x22b5
0x22b6		0x22b6
0x22b7		0x22b7
0x22b8		0x22b8
0x22b9		0x22b9
0x22ba		0x22ba
0x22bb		0x22bb
0x22bd		0x22bd
0x22be		0x22be
0x22bf		0x22bf
0x22c0		0x22c0
0x22c1		0x22c1
0x22c2		0x22c2
0x22c3		0x22c3
0x22c5		0x22c5
0x22c6		0x22c6
0x22c7		0x22c7
0x22c8		0x22c8
0x22c9		0x22c9
0x22ca		0x22ca
0x22cb		0x22cb
0x22cc		0x22cc
0x22cd		0x22cd
0x22ce		0x22ce
0x22cf		0x22cf
0x22d0		0x22d0
0x22d1		0x22d1
0x22d2		0x22d2
0x22d3		0x22d3
0x22d4		0x22d4
0x22d5		0x22d5
0x22d7		0x22d7
0x22d8		0x22d8
0x22e0		0x22e0
0x22e8		0x22e8
0x22f0		0x22f0
0x22f8		0x22f8
0x2300		0x2300
0x2301		0x2301
0x2303		0x2303
0x2304		0x2304
0x230c		0x230c
0x2314		0x2314
0x231c		0x231c
0x2324		0x2324
0x232c		0x232c
0x232d		0x232d
0x232e		0x232e
0x232f		0x232f
0x2330		0x2330
0x2331		0x2331
0x2332		0x2332
0x2333		0x2333
0x2334		0x2334
0x2335		0x2335
0x2336		0x2336
0x2337		0x2337
0x2339		0x2339
0x233a		0x233a
0x233b		0x233b
0x233c		0x233c
0x233d		0x233d
0x233e		0x233e
0x233f		0x233f
0x2340		0x2340
0x2341		0x2341
0x2342		0x2342
0x2343		0x2343
0x2344		0x2344
0x2345		0x2345
0x2346		0x2346
0x2347		0x2347
0x2348		0x2348
0x2349		0x2349
0x234a		0x234a
0x234b		0x234b
0x234c		0x234c
0x234d		0x234d
0x234e		0x234e
0x234f		0x234f
0x2350		0x2350
0x2351		0x2351
0x2352		0x2352
0x2353		0x2353
0x2354		0x2354
0x2357		0x2357
0x2358		0x2358
0x2360		0x2360
0x2368		0x2368
0x2370		0x2370
0x2378		0x2378
0x2380		0x2380
0x2381		0x2381
0x2383		0x2383
0x2384		0x2384
0x238c		0x238c
0x2394		0x2394
0x239c		0x239c
0x23a4		0x23a4
0x23ac		0x23ac
0x23ad		0x23ad
0x23ae		0x23ae
0x23af		0x23af
0x23b0		0x23b0
0x23b1		0x23b1
0x23b2		0x23b2
0x23b3		0x23b3
0x23b4		0x23b4
0x23b5		0x23b5
0x23b6		0x23b6
0x23b7		0x23b7
0x23b9		0x23b9
0x23ba		0x23ba
0x23bb		0x23bb
0x23bc		0x23bc
0x23bd		0x23bd
0x23be		0x23be
0x23bf		0x23bf
0x23c0		0x23c0
0x23c1		0x23c1
0x23c2		0x23c2
0x23c3		0x23c3
0x23c4		0x23c4
0x23c5		0x23c5
0x23c6		0x23c6
0x23c7		0x23c7
0x23c8		0x23c8
0x23c9		0x23c9
0x23ca		0x23ca
0x23cb		0x23cb
0x23cc		0x23cc
0x23cd		0x23cd
0x23ce		0x23ce
0x23cf		0x23cf
0x23d0		0x23d0
0x23d1		0x23d1
0x23d2		0x23d2
0x23d3		0x23d3
0x23d4		0x23d4
0x23d5		0x23d5
0x23d6		0x23d6
0x23d7		0x23d7
0x23d8		0x23d8
0x23df		0x23df
0x23e3		0x23e3
0x23e4		0x23e4
0x23e5		0x23e5
0x23e6		0x23e6
0x23e7		0x23e7
0x23e8		0x23e8
0x23e9		0x23e9
0x23ea		0x23ea
0x23eb		0x23eb
0x23ef		0x23ef
0x23f0		0x23f0
0x23f1		0x23f1
0x23f2		0x23f2
0x23f3		0x23f3
0x23f4		0x23f4
0x23f5		0x23f5
0x23f6		0x23f6
0x23f7		0x23f7
0x23f9		0x23f9
0x23fa		0x23fa
0x23fb		0x23fb
0x23fc		0x23fc
0x23fd		0x23fd
0x23fe		0x23fe
0x23ff		0x23ff
0x2400		0x2400
0x2401		0x2401
0x2402		0x2402
0x2403		0x2403
0x2404		0x2404
0x2405		0x2405
0x2406		0x2406
0x2407		0x2407
0x2408		0x2408
0x2409		0x2409
0x240a		0x240a
0x240b		0x240b
0x240c		0x240c
0x240d		0x240d
0x2413		0x2413
0x2414		0x2414
0x2415		0x2415
0x2416		0x2416
0x2417		0x2417
0x2418		0x2418
0x2419		0x2419
0x241a		0x241a
0x241b		0x241b
0x241f		0x241f
0x2420		0x2420
0x2421		0x2421
0x2422		0x2422
0x2423		0x2423
0x2424		0x2424
0x2425		0x2425
0x2426		0x2426
0x2428		0x2428
0x2429		0x2429
0x242a		0x242a
0x242b		0x242b
0x242c		0x242c
0x242d		0x242d
0x242e		0x242e
0x2436		0x2436
0x2437		0x2437
0x2438		0x2438
0x2439		0x2439
0x243b		0x243b
0x243d		0x243d
0x243e		0x243e
0x243f		0x243f
0x2440		0x2440
0x2441		0x2441
0x2442		0x2442
0x2443		0x2443
0x2444		0x2444
0x2445		0x2445
0x2446		0x2446
0x2449		0x2449
0x244a		0x244a
0x244b		0x244b
0x244d		0x244d
0x2451		0x2451
0x2452		0x2452
0x2453		0x2453
0x2454		0x2454
0x2455		0x2455
0x2456		0x2456
0x2457		0x2457
0x2459		0x2459
0x2461		0x2461
0x2464		0x2464
0x2465		0x2465
0x2466		0x2466
0x246c		0x246c
0x246d		0x246d
0x2471		0x2471
0x2477		0x2477
0x247a		0x247a
0x247b		0x247b
0x247c		0x247c
0x2480		0x2480
0x2486		0x2486
0x248a		0x248a
0x248b		0x248b
0x248f		0x248f
0x2493		0x2493
0x2496		0x2496
0x2497		0x2497
