0x53a	0x376136353730	320
0x53a	0x37383739326536	320
0x53a	0x64356236303030	320
0x53a	0x3832363130	320
0x53a	0x36653635373734	320
0x60c	0x376136353730	320
0x60c	0x37383739326536	320
0x60c	0x64356236303030	320
0x60c	0x3832363130	320
0x60c	0x36653635373734	320
0x93f	0x3435	320
0x94e	0x376136353730	320
0x94e	0x37383739326536	320
0x94e	0x64356236303030	320
0x94e	0x3832363130	320
0x94e	0x36653635373734	320
0x9f7	0x3639	320
0x9f7	0x3761	24
0xc62	0x376136353730	320
0xc62	0x37383739326536	320
0xc62	0x64356236303030	320
0xc62	0x3832363130	320
0xc62	0x36653635373734	320
0xcd5	0x376136353730	320
0xcd5	0x37383739326536	320
0xcd5	0x64356236303030	320
0xcd5	0x3832363130	320
0xcd5	0x36653635373734	320
0xe2a	0x376136353730	320
0xe2a	0x37383739326536	320
0xe2a	0x64356236303030	320
0xe2a	0x3832363130	320
0xe2a	0x36653635373734	320
0xf0a	0x3761	320
0xf0	0x35363562	320
0x557	0x376136353730	320
0x557	0x37383739326536	320
0x557	0x64356236303030	320
0x557	0x3832363130	320
0x557	0x36653635373734	320
0x64a	0x3031	320
0x8a4	0x6634	320
0xb2a	0x35363562	320
0xca0	0x3031	320
0xd67	0x376136353730	320
0xd67	0x37383739326536	320
0xd67	0x64356236303030	320
0xd67	0x3832363130	320
0xd67	0x36653635373734	320
0xe47	0x376136353730	320
0xe47	0x37383739326536	320
0xe47	0x64356236303030	320
0xe47	0x3832363130	320
0xe47	0x36653635373734	320
