0x0	0x1
0x40	0x41
0x20	0x21
0x1	0x2
0x3f	0x40
0x60	0x61
0x1f	0x20
0x4	0x5
0x2	0x3
0x3	0x4
0x5	0x6
0x6	0x7
0x7	0x8
0x8	0x9
0x9	0xa
0xa	0xb
0xb	0xc
0xc	0xd
0xd	0xe
0xe	0xf
0xf	0x10
0x10	0x11
0x11	0x12
0x12	0x13
0x13	0x14
0x14	0x15
0x15	0x16
0x16	0x1a
0x1a	0x1b
0x1b	0x1c
0x1c	0x1d
0x1d	0x1e
0x1e	0x1f
0x21	0x26
0x26	0x27
0x27	0x28
0x28	0x29
0x29	0x2a
0x2a	0x2b
0x2b	0x2c
0x2c	0x2d
0x2d	0x2e
0x2e	0x2f
0x2f	0x30
0x30	0x31
0x31	0x32
0x32	0x33
0x33	0x34
0x34	0x35
0x35	0x36
0x36	0x37
0x37	0x38
0x38	0x39
0x39	0x3a
0x3a	0x3b
0x3b	0x3c
0x3c	0x3d
0x3d	0x3e
0x3e	0x3f
0x41	0x42
0x42	0x43
0x43	0x44
0x44	0x45
0x45	0x46
0x46	0x47
0x47	0x48
0x48	0x49
0x49	0x4a
0x4a	0x4b
0x4b	0x4c
0x4c	0x4d
0x4d	0x4e
0x4e	0x4f
0x4f	0x50
0x50	0x51
0x51	0x52
0x52	0x53
0x53	0x54
0x54	0x55
0x55	0x56
0x56	0x57
0x57	0x58
0x58	0x59
0x59	0x5a
0x5a	0x5b
0x5b	0x5c
0x5d	0x5e
0x5e	0x5f
0x5f	0x60
0x61	0x62
0x62	0x6a
0x6a	0x6b
0x6b	0x6c
0x6c	0x6d
0x6d	0x6e
0x6e	0x6f
0x6f	0x70
0x70	0x71
0x71	0x72
0x72	0x7a
0x7a	0x7b
0x7b	0x7c
0x7c	0x7d
0x7d	0x7e
0x7e	0x82
0x82	0x83
0x83	0x84
0x84	0x85
0x85	0x86
0x86	0x87
0x88	0x89
0x89	0x90
0x90	0x91
0x91	0x92
0x92	0x93
0x93	0x94
0x94	0x95
0x95	0x9d
0x9d	0x9e
0x9e	0x9f
0x9f	0xa0
0xa0	0xa1
0xa1	0xa7
0xa7	0xa8
0xa8	0xa9
0xa9	0xaa
0xaa	0xae
0xae	0xaf
0xaf	0xb0
0xb0	0xb1
0xb1	0xb2
0xb2	0xb3
0xb3	0xb4
0xb4	0xb8
0xb8	0xbe
0xbe	0xbf
0xbf	0xc0
0xc0	0xc6
0xc6	0xc7
0xc7	0xc8
0xc8	0xc9
0xc9	0xd1
0xd1	0xd2
0xd2	0xd3
0xd3	0xd4
0xd4	0xd5
0xd5	0xd6
0xd6	0xd7
0xd7	0xd8
0xd8	0xd9
0xda	0xdb
0xdb	0xdc
0xdc	0xdd
0xdd	0xde
0xde	0xdf
0xdf	0xe0
0xe0	0xe1
0xe1	0xe6
0xe6	0xe7
0xe7	0xe8
0xe8	0xe9
0xe9	0xea
0xea	0xeb
0xeb	0xec
0xec	0xed
0xed	0xf5
0xf5	0xf6
0xf6	0xf7
0xf7	0xf8
0xf8	0xf9
0xf9	0xfa
0xfa	0xfb
0xfb	0xfc
0xfc	0xfd
0xfd	0xfe
0xfe	0xff
0xff	0x100
0x100	0x101
0x101	0x102
0x102	0x107
0x107	0x108
0x108	0x109
0x109	0x10a
0x10b	0x10c
0x10c	0x10f
0x10f	0x110
0x110	0x111
0x111	0x112
0x112	0x113
0x113	0x114
0x114	0x115
0x115	0x116
0x116	0x117
0x117	0x118
0x118	0x119
0x119	0x11a
0x11a	0x11b
0x11c	0x11d
0x11d	0x11e
0x11e	0x11f
0x11f	0x120
0x121	0x122
0x122	0x128
0x128	0x129
0x129	0x12a
0x12a	0x12b
0x12b	0x12c
0x12c	0x12d
0x12d	0x12e
0x12f	0x134
0x134	0x135
0x135	0x136
0x136	0x139
0x139	0x13a
0x13b	0x140
0x140	0x141
0x141	0x142
0x142	0x143
0x143	0x144
0x144	0x145
0x145	0x14a
0x14a	0x14b
0x14b	0x14c
0x14c	0x152
0x152	0x153
0x153	0x154
0x154	0x155
0x155	0x156
0x156	0x157
0x157	0x158
0x158	0x159
0x159	0x15a
0x15b	0x15c
0x15c	0x15d
0x15e	0x15f
0x15f	0x160
0x160	0x161
0x161	0x162
0x162	0x168
0x168	0x169
0x169	0x170
0x170	0x176
0x176	0x177
0x177	0x178
0x178	0x179
0x179	0x17a
0x17a	0x17b
0x17b	0x17c
0x17c	0x184
0x184	0x185
0x185	0x186
0x186	0x187
0x187	0x188
0x188	0x189
0x189	0x18a
0x18a	0x18f
0x18f	0x190
0x190	0x191
0x191	0x192
0x192	0x193
0x193	0x194
0x194	0x19c
0x19c	0x19d
0x19d	0x19e
0x19e	0x1a4
0x1a4	0x1a5
0x1a5	0x1ab
0x1ab	0x1ac
0x1ac	0x1ad
0x1ad	0x1ae
0x1ae	0x1af
0x1af	0x1b0
0x1b0	0x1b1
0x1b1	0x1b2
0x1b2	0x1b3
0x1b3	0x1b4
0x1b4	0x1b5
0x1b5	0x1b6
0x1b6	0x1b7
0x1b7	0x1b8
0x1b8	0x1b9
0x1b9	0x1ba
0x1ba	0x1bb
0x1bb	0x1bc
0x1bc	0x1bd
0x1bd	0x1be
0x1be	0x1bf
0x1bf	0x1c0
0x1c0	0x1c1
0x1c1	0x1c2
0x1c2	0x1c3
0x1c3	0x1c4
0x1c4	0x1c5
0x1c5	0x1c6
0x1c6	0x1c7
0x1c7	0x1c8
0x1c8	0x1c9
0x1c9	0x1ca
0x1ca	0x1cb
0x1cb	0x1cc
0x1cc	0x1cd
0x1cd	0x1ce
0x1ce	0x1cf
0x1cf	0x1d0
0x1d0	0x1d1
0x1d1	0x1d2
0x1d2	0x1d3
0x1d3	0x1d4
0x1d4	0x1d5
0x1d5	0x1d6
0x1d7	0x1d8
0x1d8	0x1d9
0x1d9	0x1da
0x1da	0x1db
0x1db	0x1dc
0x1dc	0x1dd
0x1dd	0x1de
0x1df	0x1e0
0x1e0	0x1e1
0x1e1	0x1e2
0x1e2	0x1e3
0x1e3	0x1e4
0x1e4	0x1e5
0x1e5	0x1e6
0x1e7	0x1e8
0x1e8	0x1e9
0x1e9	0x1ea
0x1ea	0x1eb
0x1eb	0x1ec
0x1ec	0x1ed
0x1ed	0x1ee
0x1ee	0x1ef
0x1ef	0x1f0
0x1f0	0x1f1
0x1f1	0x1f2
0x1f2	0x1f3
0x1f3	0x1f7
0x1f7	0x1f8
0x1f8	0x1f9
0x1f9	0x1fa
0x1fa	0x1fb
0x1fb	0x1fc
0x1fc	0x1fd
0x1fd	0x1fe
0x1fe	0x1ff
0x1ff	0x200
0x200	0x201
0x201	0x202
0x202	0x203
0x204	0x205
0x205	0x206
0x206	0x207
0x207	0x208
0x208	0x209
0x209	0x20a
0x20a	0x20b
0x20b	0x20c
0x20c	0x20d
0x20d	0x20e
0x20e	0x20f
0x20f	0x210
0x210	0x211
0x211	0x212
0x212	0x213
0x213	0x214
0x214	0x215
0x215	0x216
0x216	0x217
0x217	0x218
0x218	0x219
0x219	0x21a
0x21a	0x21b
0x21b	0x21c
0x21d	0x21e
0x21e	0x21f
0x21f	0x220
0x220	0x221
0x221	0x222
0x222	0x223
0x223	0x224
0x224	0x22c
0x22c	0x22d
0x22d	0x22e
0x22e	0x22f
0x22f	0x230
0x230	0x231
0x231	0x232
0x233	0x234
0x234	0x235
0x235	0x236
0x237	0x238
0x238	0x239
0x239	0x23a
0x23a	0x23b
0x23b	0x23c
0x23d	0x23e
0x23e	0x23f
0x23f	0x240
0x240	0x241
0x241	0x249
0x249	0x24a
0x24a	0x24b
0x24b	0x24c
0x24c	0x24d
0x24d	0x24e
0x24e	0x24f
0x250	0x251
0x251	0x252
0x252	0x253
0x253	0x254
0x254	0x255
0x255	0x256
0x256	0x257
0x257	0x258
0x258	0x259
0x259	0x25a
0x25a	0x25b
0x25b	0x25c
0x25c	0x25d
0x25d	0x25e
0x25e	0x25f
0x25f	0x260
0x260	0x261
0x261	0x262
0x262	0x263
0x263	0x264
0x264	0x265
0x265	0x266
0x266	0x267
0x267	0x268
0x268	0x269
0x269	0x26a
0x26a	0x26b
0x26b	0x26c
0x26c	0x26d
0x26d	0x270
0x270	0x271
0x272	0x273
0x273	0x274
0x274	0x275
0x275	0x276
0x276	0x277
0x277	0x278
0x278	0x279
0x279	0x27a
0x27a	0x27b
0x27b	0x27c
0x27c	0x27d
0x27d	0x27e
0x27f	0x280
0x280	0x281
0x281	0x282
0x282	0x283
0x283	0x287
0x287	0x288
0x288	0x289
0x289	0x28a
0x28a	0x28b
0x28b	0x28c
0x28c	0x28d
0x28d	0x28e
0x28e	0x28f
0x28f	0x290
0x290	0x291
0x291	0x292
0x292	0x293
0x293	0x294
0x294	0x295
0x295	0x296
0x297	0x298
0x298	0x299
0x299	0x29a
0x29b	0x29c
0x29c	0x2a4
0x2a4	0x2a5
0x2a5	0x2a6
0x2a6	0x2a7
0x2a7	0x2a8
0x2a8	0x2a9
0x2a9	0x2aa
0x2aa	0x2ab
0x2ab	0x2af
0x2af	0x2b0
0x2b0	0x2b1
0x2b1	0x2b2
0x2b2	0x2b3
0x2b3	0x2b4
0x2b4	0x2bc
0x2bc	0x2bd
0x2bd	0x2be
0x2bf	0x2c2
0x2c2	0x2c3
0x2c3	0x2c4
0x2c4	0x2c5
0x2c5	0x2c6
0x2c6	0x2c7
0x2c7	0x2c8
0x2c8	0x2c9
0x2c9	0x2ca
0x2ca	0x2cb
0x2cb	0x2cc
0x2cc	0x2cd
0x2cd	0x2ce
0x2cf	0x2d0
0x2d0	0x2d1
0x2d1	0x2d2
0x2d2	0x2d3
0x2d3	0x2d4
0x2d4	0x2d5
0x2d5	0x2d6
0x2d7	0x2d8
0x2d8	0x2e0
0x2e0	0x2e8
0x2e8	0x2f0
0x2f0	0x2f8
0x2f8	0x300
0x300	0x301
0x301	0x302
0x303	0x304
0x304	0x305
0x305	0x306
0x306	0x307
0x307	0x308
0x308	0x309
0x309	0x30a
0x30b	0x30c
0x30d	0x30e
0x30f	0x310
0x311	0x312
0x312	0x313
0x313	0x314
0x314	0x315
0x315	0x316
0x317	0x318
0x318	0x319
0x319	0x31a
0x31a	0x31b
0x31b	0x31c
0x31c	0x31d
0x31d	0x31e
0x31f	0x320
0x321	0x322
0x323	0x324
0x325	0x326
0x326	0x327
0x327	0x328
0x328	0x329
0x329	0x32a
0x32a	0x32b
0x32b	0x32c
0x32c	0x32d
0x32d	0x32e
0x32e	0x32f
0x32f	0x330
0x330	0x331
0x331	0x332
0x332	0x333
0x333	0x334
0x334	0x335
0x335	0x339
0x339	0x33a
0x33a	0x33b
0x33b	0x33c
0x33c	0x33d
0x33d	0x33e
0x33e	0x33f
0x33f	0x340
0x340	0x341
0x341	0x342
0x342	0x343
0x343	0x344
0x344	0x345
0x345	0x346
0x346	0x347
0x347	0x348
0x348	0x349
0x349	0x34a
0x34a	0x34b
0x34b	0x34c
0x34c	0x34d
0x34d	0x34e
0x34e	0x34f
0x34f	0x350
0x350	0x351
0x351	0x352
0x353	0x354
0x354	0x355
0x355	0x356
0x356	0x357
0x357	0x358
0x358	0x359
0x359	0x35a
0x35a	0x35b
0x35b	0x35c
0x35c	0x35d
0x35d	0x35e
0x35e	0x35f
0x35f	0x360
0x361	0x362
0x362	0x363
0x363	0x364
0x365	0x366
0x366	0x36e
0x36e	0x36f
0x36f	0x370
0x370	0x371
0x371	0x372
0x372	0x373
0x373	0x374
0x374	0x379
0x379	0x37a
0x37a	0x37b
0x37b	0x37c
0x37c	0x37d
0x37d	0x37e
0x37e	0x386
0x386	0x387
0x387	0x388
0x388	0x38d
0x38d	0x38e
0x38f	0x390
0x390	0x391
0x391	0x392
0x392	0x393
0x393	0x397
0x397	0x398
0x398	0x399
0x399	0x39a
0x39a	0x39b
0x39b	0x39c
0x39c	0x39d
0x39d	0x39e
0x39e	0x39f
0x39f	0x3a0
0x3a0	0x3a1
0x3a1	0x3a2
0x3a2	0x3a3
0x3a3	0x3a4
0x3a4	0x3a5
0x3a5	0x3a6
0x3a6	0x3a7
0x3a7	0x3a8
0x3a9	0x3aa
0x3aa	0x3ab
0x3ab	0x3ac
0x3ac	0x3ad
0x3ad	0x3ae
0x3ae	0x3af
0x3af	0x3b0
0x3b0	0x3b1
0x3b1	0x3b2
0x3b2	0x3b3
0x3b3	0x3b4
0x3b4	0x3b5
0x3b5	0x3b6
0x3b7	0x3b8
0x3b8	0x3b9
0x3b9	0x3ba
0x3bb	0x3bc
0x3bc	0x3c4
0x3c4	0x3c5
0x3c5	0x3c6
0x3c6	0x3c7
0x3c7	0x3c8
0x3c8	0x3c9
0x3c9	0x3ca
0x3ca	0x3d1
0x3d1	0x3d2
0x3d2	0x3d3
0x3d3	0x3d4
0x3d4	0x3dc
0x3dc	0x3dd
0x3dd	0x3de
0x3de	0x3df
0x3df	0x3e2
0x3e2	0x3e3
0x3e3	0x3e4
0x3e4	0x3e5
0x3e5	0x3e6
0x3e6	0x3e7
0x3e7	0x3e8
0x3e8	0x3e9
0x3e9	0x3ea
0x3ea	0x3eb
0x3eb	0x3ec
0x3ec	0x3ed
0x3ed	0x3ee
0x3ef	0x3f0
0x3f0	0x3f1
0x3f1	0x3f2
0x3f2	0x3f3
0x3f3	0x3f4
0x3f4	0x3f5
0x3f5	0x3f6
0x3f7	0x3f8
0x3f8	0x400
0x400	0x408
0x408	0x410
0x410	0x418
0x418	0x420
0x420	0x421
0x421	0x422
0x423	0x424
0x424	0x425
0x425	0x426
0x426	0x427
0x427	0x428
0x428	0x429
0x429	0x42a
0x42b	0x42c
0x42d	0x42e
0x42f	0x430
0x431	0x432
0x432	0x433
0x433	0x434
0x434	0x435
0x435	0x436
0x437	0x438
0x438	0x440
0x440	0x448
0x448	0x450
0x450	0x458
0x458	0x460
0x460	0x461
0x461	0x462
0x463	0x464
0x464	0x465
0x465	0x466
0x466	0x467
0x467	0x468
0x468	0x469
0x469	0x46a
0x46b	0x46c
0x46d	0x46e
0x46f	0x470
0x471	0x472
0x472	0x473
0x473	0x474
0x474	0x475
0x475	0x476
0x477	0x478
0x478	0x479
0x479	0x47a
0x47a	0x47b
0x47b	0x47c
0x47c	0x47d
0x47d	0x47e
0x47f	0x480
0x481	0x482
0x483	0x484
0x485	0x486
0x486	0x487
0x487	0x488
0x488	0x489
0x489	0x48a
0x48a	0x48b
0x48b	0x48c
0x48c	0x48d
0x48d	0x48e
0x48e	0x48f
0x48f	0x490
0x490	0x491
0x491	0x492
0x492	0x493
0x493	0x494
0x494	0x495
0x495	0x499
0x499	0x49a
0x49a	0x49b
0x49b	0x49c
0x49c	0x49d
0x49d	0x49e
0x49e	0x49f
0x49f	0x4a0
0x4a0	0x4a1
0x4a1	0x4a2
0x4a2	0x4a3
0x4a3	0x4a4
0x4a4	0x4a5
0x4a5	0x4a6
0x4a6	0x4a7
0x4a7	0x4a8
0x4a8	0x4a9
0x4a9	0x4aa
0x4aa	0x4ab
0x4ab	0x4ac
0x4ac	0x4ad
0x4ad	0x4ae
0x4ae	0x4af
0x4af	0x4b0
0x4b0	0x4b1
0x4b1	0x4b2
0x4b3	0x4b4
0x4b4	0x4b5
0x4b5	0x4b6
0x4b6	0x4b7
0x4b7	0x4b8
0x4b8	0x4b9
0x4b9	0x4ba
0x4ba	0x4bb
0x4bb	0x4bc
0x4bc	0x4bd
0x4bd	0x4be
0x4be	0x4bf
0x4bf	0x4c0
0x4c1	0x4c2
0x4c2	0x4c3
0x4c3	0x4c4
0x4c5	0x4c6
0x4c6	0x4ce
0x4ce	0x4cf
0x4cf	0x4d0
0x4d0	0x4d1
0x4d1	0x4d2
0x4d2	0x4d3
0x4d3	0x4d4
0x4d5	0x4d6
0x4d6	0x4d7
0x4d8	0x4d9
0x4d9	0x4da
0x4da	0x4db
0x4db	0x4dc
0x4dc	0x4dd
0x4dd	0x4de
0x4de	0x4e6
0x4e6	0x4e7
0x4e7	0x4e8
0x4ea	0x4eb
0x4eb	0x4ec
0x4ec	0x4ed
0x4ed	0x4f0
0x4f0	0x4f1
0x4f1	0x4f2
0x4f2	0x4f3
0x4f3	0x4f7
0x4f7	0x4f8
0x4f8	0x4f9
0x4f9	0x4fa
0x4fa	0x4fb
0x4fb	0x4fc
0x4fc	0x4fd
0x4fd	0x4fe
0x4fe	0x4ff
0x4ff	0x500
0x500	0x501
0x501	0x502
0x502	0x503
0x503	0x504
0x504	0x505
0x505	0x506
0x506	0x507
0x507	0x508
0x509	0x50a
0x50a	0x50b
0x50b	0x50c
0x50c	0x50d
0x50d	0x50e
0x50e	0x50f
0x50f	0x510
0x510	0x511
0x511	0x512
0x512	0x513
0x513	0x514
0x514	0x515
0x515	0x516
0x517	0x518
0x518	0x519
0x519	0x51a
0x51b	0x51c
0x51c	0x524
0x524	0x525
0x525	0x526
0x526	0x527
0x527	0x528
0x528	0x529
0x529	0x52a
0x52b	0x52f
0x52f	0x530
0x530	0x531
0x531	0x532
0x532	0x533
0x533	0x534
0x534	0x53c
0x53c	0x53d
0x53d	0x53e
0x53e	0x541
0x541	0x542
0x542	0x543
0x543	0x546
0x546	0x547
0x547	0x548
0x548	0x549
0x549	0x54d
0x54d	0x54e
0x54e	0x54f
0x54f	0x550
0x550	0x551
0x551	0x552
0x552	0x553
0x553	0x554
0x554	0x555
0x555	0x556
0x556	0x55e
0x55e	0x55f
0x55f	0x560
0x560	0x561
0x561	0x562
0x562	0x563
0x563	0x564
0x564	0x565
0x565	0x566
0x566	0x567
0x567	0x568
0x568	0x569
0x569	0x56a
0x56b	0x56c
0x56c	0x56d
0x56d	0x56e
0x56e	0x56f
0x56f	0x570
0x570	0x571
0x571	0x572
0x572	0x573
0x573	0x574
0x574	0x575
0x575	0x576
0x576	0x577
0x577	0x578
0x579	0x57a
0x57a	0x57b
0x57b	0x57c
0x57d	0x57e
0x57e	0x586
0x586	0x587
0x587	0x588
0x588	0x589
0x589	0x58a
0x58a	0x58b
0x58b	0x58c
0x58c	0x591
0x591	0x592
0x592	0x593
0x593	0x594
0x594	0x595
0x595	0x596
0x596	0x59e
0x59e	0x59f
0x59f	0x5a0
0x5a0	0x5a1
0x5a1	0x5a5
0x5a5	0x5a6
0x5a6	0x5a7
0x5a7	0x5a8
0x5a8	0x5a9
0x5a9	0x5aa
0x5aa	0x5ab
0x5ab	0x5ac
0x5ac	0x5ad
0x5ad	0x5ae
0x5ae	0x5af
0x5af	0x5b0
0x5b1	0x5b2
0x5b2	0x5b3
0x5b3	0x5b4
0x5b4	0x5b5
0x5b5	0x5b6
0x5b6	0x5b7
0x5b7	0x5b8
0x5b9	0x5ba
0x5ba	0x5c2
0x5c2	0x5ca
0x5ca	0x5d2
0x5d2	0x5da
0x5da	0x5e2
0x5e2	0x5e3
0x5e3	0x5e4
0x5e5	0x5e6
0x5e6	0x5e7
0x5e7	0x5e8
0x5e8	0x5e9
0x5e9	0x5ea
0x5ea	0x5eb
0x5eb	0x5ec
0x5ed	0x5ee
0x5ef	0x5f0
0x5f1	0x5f2
0x5f3	0x5f4
0x5f4	0x5f5
0x5f5	0x5f6
0x5f6	0x5f7
0x5f7	0x5f8
0x5f9	0x5fa
0x5fa	0x5fb
0x5fb	0x5fc
0x5fc	0x5fd
0x5fd	0x5fe
0x5fe	0x5ff
0x5ff	0x600
0x601	0x602
0x603	0x604
0x605	0x606
0x607	0x608
0x608	0x609
0x609	0x60a
0x60a	0x60b
0x60b	0x60c
0x60c	0x60d
0x60d	0x60e
0x60e	0x60f
0x60f	0x610
0x610	0x611
0x611	0x614
0x614	0x615
0x615	0x616
0x616	0x617
0x617	0x61b
0x61b	0x61c
0x61c	0x61d
0x61d	0x61e
0x61e	0x61f
0x61f	0x620
0x620	0x621
0x621	0x622
0x622	0x623
0x623	0x624
0x624	0x625
0x625	0x626
0x626	0x627
0x627	0x628
0x628	0x629
0x629	0x62a
0x62a	0x62b
0x62b	0x62c
0x62c	0x62d
0x62d	0x62e
0x62e	0x62f
0x62f	0x630
0x630	0x631
0x631	0x632
0x632	0x633
0x633	0x634
0x635	0x636
0x636	0x637
0x637	0x638
0x638	0x639
0x639	0x63a
0x63a	0x63b
0x63b	0x63c
0x63c	0x63d
0x63d	0x63e
0x63e	0x63f
0x63f	0x640
0x640	0x641
0x641	0x642
0x643	0x644
0x644	0x645
0x645	0x646
0x647	0x648
0x648	0x650
0x650	0x651
0x651	0x652
0x652	0x653
0x653	0x654
0x654	0x655
0x655	0x656
0x656	0x657
0x657	0x658
0x658	0x659
0x65a	0x65b
0x65b	0x65c
0x65c	0x65d
0x65d	0x65e
0x65e	0x65f
0x65f	0x660
0x660	0x668
0x668	0x669
0x669	0x66a
0x66a	0x66b
0x66b	0x66c
0x66c	0x66d
0x66d	0x66e
0x66e	0x66f
0x66f	0x670
0x670	0x671
0x671	0x672
0x672	0x673
0x673	0x674
0x674	0x675
0x675	0x676
0x676	0x677
0x677	0x678
0x678	0x679
0x679	0x67a
0x67b	0x67c
0x67c	0x67d
0x67d	0x67e
0x67e	0x67f
0x67f	0x680
0x680	0x681
0x681	0x682
0x683	0x684
0x684	0x68c
0x68c	0x694
0x694	0x69c
0x69c	0x6a4
0x6a4	0x6ac
0x6ac	0x6ad
0x6ad	0x6ae
0x6af	0x6b0
0x6b0	0x6b1
0x6b1	0x6b2
0x6b2	0x6b3
0x6b3	0x6b4
0x6b4	0x6b5
0x6b5	0x6b6
0x6b7	0x6b8
0x6b9	0x6ba
0x6bb	0x6bc
0x6bd	0x6be
0x6be	0x6bf
0x6bf	0x6c0
0x6c0	0x6c1
0x6c1	0x6c2
0x6c2	0x6c3
0x6c3	0x6c4
0x6c4	0x6c5
0x6c5	0x6c6
0x6c6	0x6c7
0x6c7	0x6cc
0x6cc	0x6cd
0x6cd	0x6d1
0x6d1	0x6d2
0x6d2	0x6d3
0x6d3	0x6d4
0x6d4	0x6d5
0x6d5	0x6d6
0x6d6	0x6d7
0x6d7	0x6d8
0x6d8	0x6d9
0x6d9	0x6da
0x6da	0x6db
0x6db	0x6dc
0x6dc	0x6dd
0x6dd	0x6de
0x6de	0x6df
0x6df	0x6e0
0x6e0	0x6e1
0x6e1	0x6e2
0x6e3	0x6e4
0x6e4	0x6e5
0x6e5	0x6e6
0x6e6	0x6e7
0x6e7	0x6e8
0x6e8	0x6e9
0x6e9	0x6ea
0x6ea	0x6eb
0x6eb	0x6ec
0x6ec	0x6ed
0x6ed	0x6ee
0x6ee	0x6ef
0x6ef	0x6f0
0x6f1	0x6f2
0x6f2	0x6f3
0x6f3	0x6f4
0x6f5	0x6f6
0x6f6	0x6fe
0x6fe	0x6ff
0x6ff	0x700
0x700	0x701
0x701	0x702
0x702	0x703
0x703	0x704
0x704	0x705
0x705	0x706
0x706	0x707
0x708	0x709
0x709	0x70a
0x70a	0x70b
0x70b	0x70c
0x70c	0x70d
0x70d	0x70e
0x70e	0x716
0x716	0x717
0x717	0x718
0x719	0x71a
0x71a	0x71b
0x71b	0x71c
0x71c	0x71d
0x71d	0x723
0x723	0x727
0x727	0x728
0x728	0x729
0x729	0x72a
0x72a	0x72b
0x72b	0x72c
0x72c	0x72d
0x72d	0x72e
0x72e	0x72f
0x72f	0x730
0x730	0x731
0x731	0x732
0x732	0x733
0x733	0x734
0x734	0x735
0x735	0x736
0x736	0x737
0x737	0x738
0x738	0x739
0x739	0x73a
0x73a	0x73b
0x73b	0x73c
0x73c	0x73d
0x73d	0x73e
0x73e	0x73f
0x73f	0x740
0x740	0x741
0x741	0x742
0x742	0x743
0x743	0x744
0x744	0x745
0x745	0x746
0x746	0x747
0x747	0x748
0x748	0x749
0x749	0x74a
0x74a	0x74b
0x74b	0x74c
0x74c	0x74d
0x74d	0x74e
0x74e	0x74f
0x74f	0x750
0x751	0x752
0x752	0x753
0x753	0x754
0x754	0x755
0x755	0x756
0x756	0x757
0x757	0x758
0x759	0x75a
0x75a	0x75b
0x75b	0x75c
0x75c	0x75d
0x75d	0x75e
0x75e	0x75f
0x75f	0x760
0x761	0x762
0x762	0x763
0x763	0x764
0x764	0x765
0x765	0x766
0x766	0x767
0x767	0x768
0x768	0x769
0x769	0x76a
0x76a	0x76b
0x76b	0x76c
0x76c	0x76d
0x76d	0x771
0x771	0x772
0x772	0x773
0x773	0x774
0x774	0x775
0x775	0x776
0x776	0x777
0x777	0x778
0x778	0x779
0x779	0x77a
0x77a	0x780
0x780	0x781
0x781	0x782
0x782	0x783
0x783	0x784
0x784	0x785
0x785	0x786
0x786	0x787
0x787	0x788
0x788	0x789
0x789	0x78a
0x78a	0x78b
0x78b	0x78c
0x78c	0x78d
0x78d	0x78e
0x78e	0x78f
0x78f	0x790
0x790	0x791
0x791	0x792
0x792	0x793
0x793	0x794
0x794	0x795
0x795	0x796
0x797	0x798
0x798	0x799
0x799	0x79a
0x79a	0x79b
0x79b	0x79c
0x79c	0x79d
0x79d	0x79e
0x79e	0x7a2
0x7a2	0x7a3
0x7a3	0x7a7
0x7a7	0x7a8
0x7a8	0x7a9
0x7a9	0x7aa
0x7aa	0x7ab
0x7ab	0x7ac
0x7ad	0x7ae
0x7ae	0x7af
0x7af	0x7b0
0x7b1	0x7b2
0x7b2	0x7b3
0x7b3	0x7b4
0x7b4	0x7b5
0x7b5	0x7b6
0x7b7	0x7b8
0x7b8	0x7b9
0x7b9	0x7ba
0x7ba	0x7bb
0x7bb	0x7c3
0x7c3	0x7c4
0x7c4	0x7c5
0x7c5	0x7c6
0x7c6	0x7ce
0x7ce	0x7cf
0x7cf	0x7d0
0x7d0	0x7d1
0x7d1	0x7d2
0x7d2	0x7d3
0x7d3	0x7d4
0x7d4	0x7d5
0x7d5	0x7d6
0x7d6	0x7d7
0x7d7	0x7d8
0x7d8	0x7d9
0x7d9	0x7da
0x7da	0x7db
0x7db	0x7dc
0x7dc	0x7dd
0x7dd	0x7de
0x7de	0x7df
0x7df	0x7e0
0x7e0	0x7e1
0x7e1	0x7e2
0x7e2	0x7e3
0x7e3	0x7e4
0x7e4	0x7e5
0x7e5	0x7e6
0x7e6	0x7e7
0x7e7	0x7ea
0x7ea	0x7eb
0x7ec	0x7ed
0x7ed	0x7ee
0x7ee	0x7ef
0x7ef	0x7f0
0x7f0	0x7f1
0x7f1	0x7f2
0x7f2	0x7f3
0x7f3	0x7f4
0x7f4	0x7f5
0x7f5	0x7f6
0x7f6	0x7f7
0x7f7	0x7f8
0x7f9	0x7fa
0x7fa	0x7fb
0x7fb	0x7fc
0x7fc	0x7fd
0x7fd	0x801
0x801	0x802
0x802	0x803
0x803	0x804
0x804	0x805
0x805	0x806
0x806	0x807
0x807	0x808
0x808	0x809
0x809	0x80a
0x80a	0x80b
0x80b	0x80c
0x80c	0x80d
0x80d	0x80e
0x80e	0x80f
0x80f	0x810
0x811	0x812
0x812	0x813
0x813	0x814
0x815	0x816
0x816	0x81e
0x81e	0x81f
0x81f	0x820
0x820	0x821
0x821	0x822
0x822	0x823
0x823	0x824
0x824	0x825
0x825	0x826
0x826	0x827
0x828	0x829
0x829	0x82a
0x82a	0x82b
0x82b	0x82c
0x82c	0x82d
0x82d	0x82e
0x82e	0x836
0x836	0x837
0x837	0x838
0x838	0x839
0x83a	0x83b
0x83b	0x83c
0x83c	0x83d
0x83d	0x83e
0x83e	0x83f
0x83f	0x840
0x840	0x841
0x841	0x842
0x842	0x843
0x843	0x844
0x844	0x845
0x845	0x846
0x846	0x847
0x847	0x848
0x849	0x84a
0x84a	0x84b
0x84b	0x84c
0x84c	0x84d
0x84d	0x84e
0x84e	0x84f
0x84f	0x850
0x851	0x852
0x852	0x85a
0x85a	0x862
0x862	0x86a
0x86a	0x872
0x872	0x87a
0x87a	0x87b
0x87b	0x87c
0x87d	0x87e
0x87e	0x87f
0x87f	0x880
0x880	0x881
0x881	0x882
0x882	0x883
0x883	0x884
0x885	0x886
0x887	0x888
0x889	0x88a
0x88b	0x88c
0x88c	0x88d
0x88d	0x88e
0x88e	0x88f
0x88f	0x890
0x891	0x892
0x892	0x893
0x893	0x894
0x894	0x895
0x895	0x896
0x896	0x897
0x897	0x898
0x899	0x89a
0x89b	0x89c
0x89d	0x89e
0x89f	0x8a0
0x8a0	0x8a1
0x8a1	0x8a2
0x8a2	0x8a3
0x8a3	0x8a4
0x8a4	0x8a5
0x8a5	0x8a6
0x8a6	0x8a7
0x8a7	0x8a8
0x8a8	0x8a9
0x8a9	0x8af
0x8af	0x8b3
0x8b3	0x8b4
0x8b4	0x8b5
0x8b5	0x8b6
0x8b6	0x8b7
0x8b7	0x8b8
0x8b8	0x8b9
0x8b9	0x8ba
0x8ba	0x8bb
0x8bb	0x8bc
0x8bc	0x8bd
0x8bd	0x8be
0x8be	0x8bf
0x8bf	0x8c0
0x8c0	0x8c1
0x8c1	0x8c2
0x8c2	0x8c3
0x8c3	0x8c4
0x8c4	0x8c5
0x8c5	0x8c6
0x8c6	0x8c7
0x8c7	0x8c8
0x8c8	0x8c9
0x8c9	0x8ca
0x8ca	0x8cb
0x8cb	0x8cc
0x8cd	0x8ce
0x8ce	0x8cf
0x8cf	0x8d0
0x8d0	0x8d1
0x8d1	0x8d2
0x8d2	0x8d3
0x8d3	0x8d4
0x8d4	0x8d5
0x8d5	0x8d6
0x8d6	0x8d7
0x8d7	0x8d8
0x8d8	0x8d9
0x8d9	0x8da
0x8db	0x8dc
0x8dc	0x8dd
0x8dd	0x8de
0x8df	0x8e0
0x8e0	0x8e8
0x8e8	0x8e9
0x8e9	0x8ea
0x8ea	0x8eb
0x8eb	0x8ec
0x8ec	0x8ed
0x8ed	0x8ee
0x8ef	0x8f5
0x8f5	0x8f6
0x8f6	0x8f7
0x8f7	0x8f8
0x8f8	0x900
0x900	0x901
0x901	0x902
0x902	0x906
0x906	0x907
0x907	0x908
0x908	0x909
0x909	0x90a
0x90a	0x90b
0x90b	0x90c
0x90c	0x90d
0x90d	0x90e
0x90e	0x90f
0x90f	0x910
0x910	0x911
0x911	0x912
0x913	0x914
0x914	0x915
0x915	0x916
0x916	0x917
0x917	0x918
0x918	0x919
0x919	0x91a
0x91b	0x91c
0x91c	0x924
0x924	0x92c
0x92c	0x934
0x934	0x93c
0x93c	0x944
0x944	0x945
0x945	0x946
0x947	0x948
0x948	0x949
0x949	0x94a
0x94a	0x94b
0x94b	0x94c
0x94c	0x94d
0x94d	0x94e
0x94f	0x950
0x951	0x952
0x953	0x954
0x955	0x956
0x956	0x957
0x957	0x958
0x958	0x959
0x959	0x95a
0x95b	0x95c
0x95c	0x95d
0x95d	0x95e
0x95e	0x95f
0x95f	0x960
0x960	0x961
0x961	0x962
0x963	0x964
0x965	0x966
0x967	0x968
0x969	0x96a
0x96a	0x96b
0x96b	0x96c
0x96c	0x96d
0x96d	0x96e
0x96e	0x96f
0x96f	0x970
0x970	0x971
0x971	0x972
0x972	0x973
0x973	0x97b
0x97b	0x97c
0x97c	0x97d
0x97d	0x97e
0x97e	0x97f
0x97f	0x980
0x980	0x981
0x981	0x982
0x982	0x983
0x983	0x984
0x984	0x985
0x985	0x986
0x986	0x987
0x987	0x988
0x988	0x989
0x989	0x98a
0x98a	0x98b
0x98b	0x98c
0x98c	0x98d
0x98d	0x98e
0x98e	0x98f
0x98f	0x990
0x990	0x991
0x991	0x992
0x992	0x993
0x993	0x994
0x994	0x995
0x995	0x996
0x997	0x998
0x998	0x999
0x999	0x99a
0x99a	0x99b
0x99b	0x99c
0x99c	0x99d
0x99d	0x99e
0x99e	0x99f
0x99f	0x9a0
0x9a0	0x9a1
0x9a1	0x9a2
0x9a2	0x9a3
0x9a3	0x9a4
0x9a5	0x9a6
0x9a6	0x9a7
0x9a7	0x9a8
0x9a9	0x9aa
0x9aa	0x9b2
0x9b2	0x9b3
0x9b3	0x9b4
0x9b4	0x9b5
0x9b5	0x9b6
0x9b6	0x9b7
0x9b7	0x9b8
0x9b8	0x9bf
0x9bf	0x9c0
0x9c0	0x9c1
0x9c1	0x9c2
0x9c2	0x9ca
0x9ca	0x9cb
0x9cb	0x9cc
0x9cc	0x9cd
0x9ce	0x9cf
0x9cf	0x9d0
0x9d0	0x9d1
0x9d1	0x9d2
0x9d2	0x9d3
0x9d3	0x9d4
0x9d4	0x9d5
0x9d5	0x9d6
0x9d6	0x9d7
0x9d7	0x9d8
0x9d8	0x9d9
0x9d9	0x9da
0x9da	0x9db
0x9db	0x9dc
0x9dd	0x9de
0x9de	0x9df
0x9df	0x9e0
0x9e0	0x9e1
0x9e1	0x9e2
0x9e2	0x9e3
0x9e3	0x9e4
0x9e5	0x9e6
0x9e6	0x9ee
0x9ee	0x9f6
0x9f6	0x9fe
0x9fe	0xa06
0xa06	0xa0e
0xa0e	0xa0f
0xa0f	0xa10
0xa11	0xa12
0xa12	0xa13
0xa13	0xa14
0xa14	0xa15
0xa15	0xa16
0xa16	0xa17
0xa17	0xa18
0xa19	0xa1a
0xa1b	0xa1c
0xa1d	0xa1e
0xa1f	0xa20
0xa20	0xa21
0xa21	0xa22
0xa22	0xa23
0xa23	0xa24
0xa25	0xa26
0xa26	0xa2e
0xa2e	0xa36
0xa36	0xa3e
0xa3e	0xa46
0xa46	0xa4e
0xa4e	0xa4f
0xa4f	0xa50
0xa51	0xa52
0xa52	0xa53
0xa53	0xa54
0xa54	0xa55
0xa55	0xa56
0xa56	0xa57
0xa57	0xa58
0xa59	0xa5a
0xa5b	0xa5c
0xa5d	0xa5e
0xa5f	0xa60
0xa60	0xa61
0xa61	0xa62
0xa62	0xa63
0xa63	0xa64
0xa64	0xa65
0xa65	0xa66
0xa66	0xa67
0xa67	0xa68
0xa68	0xa69
0xa69	0xa6a
0xa6a	0xa6b
0xa6b	0xa6c
0xa6c	0xa6d
0xa6d	0xa6e
0xa6e	0xa6f
0xa6f	0xa73
0xa73	0xa74
0xa74	0xa75
0xa75	0xa76
0xa76	0xa77
0xa77	0xa78
0xa78	0xa79
0xa79	0xa7a
0xa7a	0xa7b
0xa7b	0xa7c
0xa7c	0xa7d
0xa7d	0xa7e
0xa7e	0xa7f
0xa7f	0xa80
0xa80	0xa81
0xa81	0xa82
0xa82	0xa83
0xa83	0xa84
0xa85	0xa86
0xa86	0xa87
0xa87	0xa88
0xa88	0xa89
0xa89	0xa8a
0xa8a	0xa8b
0xa8b	0xa8c
0xa8c	0xa8d
0xa8d	0xa8e
0xa8e	0xa8f
0xa8f	0xa90
0xa90	0xa91
0xa91	0xa92
0xa93	0xa94
0xa94	0xa95
0xa95	0xa96
0xa97	0xa98
0xa98	0xaa0
0xaa0	0xaa1
0xaa1	0xaa2
0xaa2	0xaa3
0xaa3	0xaa4
0xaa5	0xaa6
0xaa6	0xaa7
0xaa7	0xaa8
0xaa8	0xaa9
0xaa9	0xaaa
0xaaa	0xaab
0xaab	0xaac
0xaac	0xaad
0xaad	0xaae
0xaae	0xaaf
0xaaf	0xab0
0xab0	0xab1
0xab1	0xab2
0xab2	0xab3
0xab3	0xab4
0xab4	0xab5
0xab5	0xabc
0xabc	0xabd
0xabd	0xabe
0xabe	0xabf
0xabf	0xac0
0xac1	0xac9
0xac9	0xaca
0xacb	0xacc
0xacc	0xacd
0xace	0xacf
0xacf	0xad7
0xad7	0xadf
0xadf	0xae0
0xae0	0xae1
0xae1	0xae2
0xae2	0xae3
0xae3	0xae4
0xae4	0xae5
0xae5	0xae6
0xae6	0xae7
0xae7	0xae8
0xae8	0xae9
0xae9	0xaea
0xaea	0xaeb
0xaeb	0xaec
0xaec	0xaed
0xaed	0xaee
0xaee	0xaef
0xaef	0xaf0
0xaf0	0xaf1
0xaf1	0xaf2
0xaf2	0xaf3
0xaf3	0xaf4
0xaf4	0xaf5
0xaf5	0xaf6
0xaf6	0xaf7
0xaf7	0xaf8
0xaf8	0xaf9
0xaf9	0xafa
0xafa	0xafb
0xafb	0xafc
0xafc	0xafd
0xafd	0xafe
0xafe	0xaff
0xaff	0xb00
0xb00	0xb01
0xb01	0xb02
0xb02	0xb03
0xb03	0xb04
0xb04	0xb05
0xb05	0xb06
0xb06	0xb07
0xb07	0xb08
0xb08	0xb09
0xb09	0xb0a
0xb0a	0xb0b
0xb0b	0xb0c
0xb0c	0xb0d
0xb0d	0xb11
0xb11	0xb12
0xb12	0xb13
0xb13	0xb14
0xb14	0xb15
0xb15	0xb16
0xb16	0xb17
0xb17	0xb18
0xb18	0xb19
0xb19	0xb1a
0xb1a	0xb1b
0xb1b	0xb1c
0xb1c	0xb1d
0xb1d	0xb1e
0xb1f	0xb20
0xb20	0xb28
0xb28	0xb30
0xb30	0xb38
0xb38	0xb40
0xb40	0xb48
0xb48	0xb49
0xb49	0xb4a
0xb4b	0xb4c
0xb4c	0xb54
0xb54	0xb5c
0xb5c	0xb64
0xb64	0xb6c
0xb6c	0xb74
0xb74	0xb75
0xb75	0xb76
0xb76	0xb77
0xb77	0xb78
0xb78	0xb79
0xb79	0xb7a
0xb7a	0xb7b
0xb7b	0xb7c
0xb7c	0xb7d
0xb7d	0xb7e
0xb7e	0xb7f
0xb7f	0xb80
0xb81	0xb82
0xb82	0xb83
0xb83	0xb84
0xb84	0xb85
0xb85	0xb86
0xb86	0xb87
0xb87	0xb88
0xb88	0xb89
0xb89	0xb8a
0xb8a	0xb8b
0xb8b	0xb8c
0xb8c	0xb8d
0xb8d	0xb8e
0xb8e	0xb8f
0xb8f	0xb90
0xb90	0xb91
0xb91	0xb92
0xb92	0xb93
0xb93	0xb94
0xb94	0xb95
0xb95	0xb96
0xb96	0xb97
0xb97	0xb98
0xb99	0xb9a
0xb9a	0xba2
0xba2	0xbaa
0xbaa	0xbb2
0xbb2	0xbba
0xbba	0xbc2
0xbc2	0xbc3
0xbc3	0xbc4
0xbc5	0xbc6
0xbc6	0xbce
0xbce	0xbd6
0xbd6	0xbde
0xbde	0xbe6
0xbe6	0xbee
0xbee	0xbef
0xbef	0xbf0
0xbf0	0xbf1
0xbf1	0xbf2
0xbf2	0xbf3
0xbf3	0xbf4
0xbf4	0xbf5
0xbf5	0xbf6
0xbf6	0xbf7
0xbf7	0xbf8
0xbf8	0xbf9
0xbf9	0xbfa
0xbfb	0xbfc
0xbfc	0xbfd
0xbfd	0xbfe
0xbfe	0xbff
0xbff	0xc00
0xc00	0xc01
0xc01	0xc02
0xc02	0xc03
0xc03	0xc04
0xc04	0xc05
0xc05	0xc06
0xc06	0xc07
0xc07	0xc08
0xc08	0xc09
0xc09	0xc0a
0xc0a	0xc0b
0xc0b	0xc0c
0xc0c	0xc0d
0xc0d	0xc0e
0xc0f	0xc10
0xc10	0xc11
0xc11	0xc12
0xc12	0xc13
0xc13	0xc14
0xc14	0xc15
0xc15	0xc16
0xc17	0xc18
0xc18	0xc20
0xc20	0xc28
0xc28	0xc30
0xc30	0xc38
0xc38	0xc40
0xc40	0xc41
0xc41	0xc42
0xc42	0xc43
0xc43	0xc44
0xc45	0xc46
0xc46	0xc4e
0xc4e	0xc56
0xc56	0xc5e
0xc5e	0xc66
0xc66	0xc6e
0xc6e	0xc6f
0xc6f	0xc70
0xc71	0xc79
0xc79	0xc7a
0xc7a	0xc81
0xc81	0xc85
0xc85	0xc8d
0xc8d	0xc94
0xc94	0xc95
0xc95	0xc96
0xc96	0xc97
0xc97	0xc98
0xc98	0xc9d
0xc9d	0xc9e
0xc9e	0xc9f
0xca0	0xca1
0xca1	0xca8
0xca8	0xcad
0xcad	0xcae
0xcae	0xcb2
0xcb2	0xcb3
0xcb3	0xcb4
0xcb4	0xcb5
0xcb5	0xcb6
0xcb6	0xcb7
0xcb7	0xcb8
0xcb8	0xcb9
0xcb9	0xcba
0xcba	0xcbb
0xcbb	0xcbc
0xcbc	0xcbd
0xcbd	0xcbe
0xcbe	0xcbf
0xcbf	0xcc0
0xcc0	0xcc1
0xcc1	0xcc2
0xcc2	0xcc3
0xcc3	0xcc4
0xcc4	0xcc5
0xcc5	0xcc6
0xcc6	0xcc7
0xcc7	0xcc8
0xcc9	0xcca
0xcca	0xccb
0xccb	0xccc
0xccc	0xccd
0xccd	0xcce
0xcce	0xccf
0xccf	0xcd0
0xcd0	0xcd1
0xcd1	0xcd2
0xcd2	0xcd3
0xcd3	0xcd4
0xcd4	0xcd5
0xcd5	0xcd6
0xcd7	0xcd8
0xcd8	0xcd9
0xcd9	0xcda
0xcdb	0xcdc
0xcdc	0xcdf
0xcdf	0xce0
0xce0	0xce1
0xce1	0xce2
0xce3	0xce4
0xce4	0xce5
0xce5	0xce6
0xce7	0xce8
0xce9	0xcea
0xcea	0xceb
0xceb	0xcec
0xcec	0xced
0xced	0xcee
0xcee	0xcef
0xcef	0xcf0
0xcf0	0xcf1
0xcf1	0xcf5
0xcf5	0xcf6
0xcf6	0xcf7
0xcf7	0xcf8
0xcf8	0xcf9
0xcf9	0xcfa
0xcfa	0xcfb
0xcfb	0xcfc
0xcfd	0xcfe
0xcfe	0xcff
0xcff	0xd00
0xd01	0xd02
0xd02	0xd03
0xd03	0xd04
0xd04	0xd05
0xd05	0xd09
0xd09	0xd0a
0xd0a	0xd0b
0xd0b	0xd0c
0xd0c	0xd0d
0xd0d	0xd0e
0xd0e	0xd0f
0xd0f	0xd10
0xd10	0xd11
0xd11	0xd12
0xd13	0xd14
0xd14	0xd1c
0xd1c	0xd24
0xd24	0xd2c
0xd2c	0xd34
0xd34	0xd3c
0xd3c	0xd3d
0xd3d	0xd3e
0xd3f	0xd40
0xd40	0xd48
0xd48	0xd50
0xd50	0xd58
0xd58	0xd60
0xd60	0xd68
0xd68	0xd69
0xd69	0xd6a
0xd6a	0xd6b
0xd6b	0xd6c
0xd6c	0xd6d
0xd6d	0xd6e
0xd6e	0xd6f
0xd6f	0xd70
0xd70	0xd71
0xd71	0xd72
0xd72	0xd73
0xd73	0xd74
0xd75	0xd76
0xd76	0xd77
0xd77	0xd78
0xd78	0xd79
0xd79	0xd7a
0xd7a	0xd7b
0xd7b	0xd7c
0xd7c	0xd7d
0xd7d	0xd7e
0xd7e	0xd7f
0xd7f	0xd80
0xd80	0xd81
0xd81	0xd82
0xd82	0xd83
0xd83	0xd84
0xd84	0xd85
0xd85	0xd86
0xd86	0xd87
0xd87	0xd88
0xd88	0xd89
0xd89	0xd8a
0xd8a	0xd8b
0xd8b	0xd8c
0xd8c	0xd8d
0xd8d	0xd8e
0xd8e	0xd8f
0xd8f	0xd90
0xd90	0xd91
0xd91	0xd92
0xd92	0xd93
0xd93	0xd94
0xd94	0xd95
0xd95	0xd96
0xd96	0xd9c
0xd9c	0xd9d
0xd9d	0xd9e
0xd9e	0xd9f
0xd9f	0xda0
0xda0	0xda8
0xda8	0xda9
0xda9	0xdaa
0xdaa	0xdab
0xdab	0xdac
0xdac	0xdad
0xdad	0xdae
0xdaf	0xdb0
0xdb0	0xdb8
0xdb8	0xdc0
0xdc0	0xdc8
0xdc8	0xdd0
0xdd0	0xdd8
0xdd8	0xdd9
0xdd9	0xdda
0xddb	0xddc
0xddc	0xde4
0xde4	0xdec
0xdec	0xdf4
0xdf4	0xdfc
0xdfc	0xe04
0xe04	0xe05
0xe05	0xe06
0xe06	0xe07
0xe07	0xe08
0xe08	0xe09
0xe09	0xe0a
0xe0a	0xe0b
0xe0b	0xe0c
0xe0c	0xe0d
0xe0d	0xe0e
0xe0e	0xe0f
0xe0f	0xe10
0xe11	0xe12
0xe12	0xe13
0xe13	0xe14
0xe14	0xe15
0xe15	0xe16
0xe16	0xe17
0xe17	0xe18
0xe18	0xe19
0xe19	0xe1a
0xe1a	0xe1b
0xe1b	0xe1c
0xe1c	0xe1d
0xe1d	0xe1e
0xe1e	0xe1f
0xe1f	0xe20
0xe20	0xe21
0xe21	0xe22
0xe22	0xe23
0xe23	0xe24
0xe24	0xe25
0xe25	0xe26
0xe26	0xe27
0xe27	0xe28
0xe29	0xe2a
0xe2a	0xe32
0xe32	0xe3a
0xe3a	0xe42
0xe42	0xe4a
0xe4a	0xe52
0xe52	0xe53
0xe53	0xe54
0xe55	0xe56
0xe56	0xe5e
0xe5e	0xe66
0xe66	0xe6e
0xe6e	0xe76
0xe76	0xe7e
0xe7e	0xe7f
0xe7f	0xe80
0xe80	0xe81
0xe81	0xe82
0xe82	0xe83
0xe83	0xe84
0xe84	0xe85
0xe85	0xe86
0xe86	0xe87
0xe87	0xe88
0xe88	0xe89
0xe89	0xe8a
0xe8b	0xe8c
0xe8c	0xe8d
0xe8d	0xe8e
0xe8e	0xe8f
0xe8f	0xe90
0xe90	0xe91
0xe91	0xe92
0xe92	0xe93
0xe93	0xe94
0xe94	0xe95
0xe95	0xe96
0xe96	0xe97
0xe97	0xe98
0xe98	0xe99
0xe99	0xe9a
0xe9a	0xe9b
0xe9b	0xe9c
0xe9c	0xe9d
0xe9d	0xe9e
0xe9e	0xe9f
0xe9f	0xea0
0xea0	0xea1
0xea1	0xea2
0xea2	0xea3
0xea3	0xea4
0xea4	0xea5
0xea5	0xea6
0xea6	0xea7
0xea7	0xea8
0xea8	0xea9
0xea9	0xeaa
0xeaa	0xeab
0xeac	0xead
0xead	0xeb2
0xeb2	0xeb3
0xeb3	0xeb4
0xeb4	0xeb5
0xeb5	0xeb6
0xeb6	0xebe
0xebf	0xec0
0xec0	0xec8
0xec8	0xed0
0xed0	0xed8
0xed8	0xee0
0xee0	0xee8
0xee8	0xee9
0xee9	0xeea
0xeea	0xeeb
0xeeb	0xeec
0xeed	0xeee
0xeee	0xef6
0xef6	0xefe
0xefe	0xf06
0xf06	0xf0e
0xf0e	0xf16
0xf16	0xf17
0xf17	0xf18
0xf18	0xf19
0xf19	0xf1a
0xf1a	0xf1b
0xf1b	0xf1c
0xf1c	0xf1d
0xf1d	0xf1e
0xf1e	0xf1f
0xf1f	0xf20
0xf20	0xf21
0xf21	0xf22
0xf22	0xf23
0xf25	0xf26
0xf26	0xf27
0xf28	0xf29
0xf29	0xf2a
0xf2a	0xf2b
0xf2b	0xf2c
0xf2c	0xf2d
0xf2d	0xf2e
0xf2e	0xf36
0xf36	0xf3d
0xf3d	0xf3e
0xf3e	0xf3f
0xf3f	0xf40
0xf40	0xf41
0xf43	0xf44
0xf44	0xf4c
0xf4c	0xf54
0xf54	0xf5c
0xf5c	0xf64
0xf64	0xf6c
0xf6c	0xf6d
0xf6d	0xf6e
0xf6f	0xf70
0xf70	0xf78
0xf78	0xf80
0xf80	0xf88
0xf88	0xf90
0xf90	0xf98
0xf98	0xf99
0xf99	0xf9a
0xf9a	0xf9b
0xf9b	0xf9c
0xf9c	0xf9d
0xf9d	0xf9e
0xf9e	0xf9f
0xf9f	0xfa0
0xfa0	0xfa1
0xfa1	0xfa2
0xfa2	0xfa3
0xfa3	0xfa4
0xfa5	0xfa6
0xfa6	0xfa7
0xfa7	0xfa8
0xfa8	0xfa9
0xfa9	0xfaa
0xfaa	0xfab
0xfab	0xfac
0xfac	0xfad
0xfad	0xfae
0xfae	0xfaf
0xfaf	0xfb0
0xfb0	0xfb1
0xfb1	0xfb2
0xfb2	0xfb3
0xfb3	0xfb4
0xfb4	0xfb5
0xfb5	0xfb6
0xfb6	0xfb7
0xfb7	0xfb8
0xfb8	0xfb9
0xfb9	0xfba
0xfba	0xfbb
0xfbb	0xfbc
0xfbc	0xfbd
0xfbd	0xfc0
0xfc1	0xfc2
0xfc3	0xfc4
0xfc4	0xfc5
0xfc5	0xfc6
0xfc6	0xfce
0xfce	0xfcf
0xfcf	0xfd0
0xfd0	0xfd1
0xfd1	0xfd2
0xfd2	0xfd3
0xfd3	0xfd7
0xfd7	0xfd8
0xfd8	0xfd9
0xfd9	0xfda
0xfda	0xfdb
0xfdb	0xfdc
0xfdd	0xfde
0xfde	0xfe6
0xfe6	0xfee
0xfee	0xff6
0xff6	0xffe
0xffe	0x1006
0x1006	0x1007
0x1007	0x1008
0x1009	0x100a
0x100a	0x1012
0x1012	0x101a
0x101a	0x1022
0x1022	0x102a
0x102a	0x1032
0x1032	0x1033
0x1033	0x1034
0x1034	0x1035
0x1035	0x1036
0x1036	0x1037
0x1037	0x1038
0x1038	0x1039
0x1039	0x103a
0x103a	0x103b
0x103b	0x103c
0x103c	0x103d
0x103d	0x103e
0x103f	0x1040
0x1040	0x1041
0x1041	0x1042
0x1042	0x1043
0x1043	0x1044
0x1044	0x1045
0x1045	0x1046
0x1046	0x1047
0x1047	0x1048
0x1048	0x1049
0x1049	0x104a
0x104a	0x104b
0x104b	0x104c
0x104c	0x104d
0x104d	0x104e
0x104e	0x104f
0x104f	0x1050
0x1050	0x1051
0x1051	0x1052
0x1053	0x1054
0x1054	0x1055
0x1055	0x1056
0x1056	0x1057
0x1057	0x1058
0x1058	0x1059
0x1059	0x105a
0x105a	0x105b
0x105b	0x105c
0x105d	0x1062
0x1062	0x1063
0x1063	0x1064
0x1064	0x1065
0x1065	0x1066
0x1066	0x1067
0x1067	0x1068
0x1069	0x106a
0x106a	0x1072
0x1072	0x107a
0x107a	0x1082
0x1082	0x108a
0x108a	0x1092
0x1092	0x1093
0x1093	0x1094
0x1095	0x1096
0x1096	0x109e
0x109e	0x10a6
0x10a6	0x10ae
0x10ae	0x10b6
0x10b6	0x10be
0x10be	0x10bf
0x10bf	0x10c0
0x10c0	0x10c1
0x10c1	0x10c2
0x10c2	0x10c3
0x10c3	0x10c4
0x10c4	0x10c5
0x10c5	0x10c6
0x10c6	0x10c7
0x10c7	0x10c8
0x10c8	0x10c9
0x10c9	0x10ca
0x10cb	0x10cc
0x10cc	0x10cd
0x10cd	0x10ce
0x10ce	0x10cf
0x10cf	0x10d0
0x10d0	0x10d1
0x10d1	0x10d2
0x10d2	0x10d3
0x10d3	0x10d4
0x10d4	0x10d5
0x10d5	0x10d6
0x10d6	0x10d7
0x10d7	0x10d8
0x10d8	0x10d9
0x10d9	0x10da
0x10da	0x10db
0x10db	0x10dc
0x10dc	0x10dd
0x10dd	0x10de
0x10de	0x10df
0x10df	0x10e0
0x10e0	0x10e1
0x10e1	0x10e2
0x10e2	0x10e3
0x10e3	0x10e4
0x10e5	0x10e6
0x10e7	0x10e8
0x10e9	0x10ea
0x10ea	0x10eb
0x10eb	0x10ec
0x10ec	0x10f4
0x10f4	0x10f5
0x10f5	0x10f6
0x10f6	0x10f7
0x10f7	0x10f8
0x10f8	0x10f9
0x10f9	0x10fd
0x10fd	0x10fe
0x10fe	0x10ff
0x10ff	0x1100
0x1100	0x1101
0x1101	0x1102
0x1103	0x1104
0x1104	0x110c
0x110c	0x1114
0x1114	0x111c
0x111c	0x1124
0x1124	0x112c
0x112c	0x112d
0x112d	0x112e
0x112f	0x1130
0x1130	0x1138
0x1138	0x1140
0x1140	0x1148
0x1148	0x1150
0x1150	0x1158
0x1158	0x1159
0x1159	0x115a
0x115a	0x115b
0x115b	0x115c
0x115c	0x115d
0x115d	0x115e
0x115e	0x115f
0x115f	0x1160
0x1160	0x1161
0x1161	0x1162
0x1162	0x1163
0x1163	0x1164
0x1165	0x1166
0x1166	0x1167
0x1167	0x1168
0x1168	0x1169
0x1169	0x116a
0x116a	0x116b
0x116b	0x116c
0x116c	0x116d
0x116d	0x116e
0x116e	0x116f
0x116f	0x1170
0x1170	0x1171
0x1171	0x1172
0x1172	0x1173
0x1173	0x1174
0x1174	0x1175
0x1175	0x1176
0x1176	0x1177
0x1177	0x1178
0x1179	0x117a
0x117a	0x117b
0x117b	0x117c
0x117c	0x117d
0x117d	0x117e
0x117e	0x117f
0x117f	0x1180
0x1180	0x1181
0x1182	0x1183
0x1183	0x1189
0x1189	0x118a
0x118a	0x118b
0x118b	0x118c
0x118c	0x118d
0x118d	0x118e
0x118e	0x118f
0x1191	0x1192
0x1192	0x119a
0x119a	0x11a2
0x11a2	0x11aa
0x11aa	0x11b2
0x11b2	0x11ba
0x11ba	0x11bb
0x11bb	0x11bc
0x11bd	0x11be
0x11be	0x11c6
0x11c6	0x11ce
0x11ce	0x11d6
0x11d6	0x11de
0x11de	0x11e6
0x11e6	0x11e7
0x11e7	0x11e8
0x11e8	0x11e9
0x11e9	0x11ea
0x11ea	0x11eb
0x11eb	0x11ec
0x11ec	0x11ed
0x11ed	0x11ee
0x11ee	0x11ef
0x11ef	0x11f0
0x11f0	0x11f1
0x11f1	0x11f2
0x11f3	0x11f4
0x11f4	0x11f5
0x11f5	0x11f6
0x11f6	0x11f7
0x11f7	0x11f8
0x11f8	0x11f9
0x11f9	0x11fa
0x11fa	0x11fb
0x11fb	0x11fc
0x11fc	0x11fd
0x11fd	0x11fe
0x11fe	0x11ff
0x11ff	0x1200
0x1200	0x1201
0x1201	0x1202
0x1202	0x1203
0x1203	0x1204
0x1204	0x1205
0x1205	0x1206
0x1206	0x1207
0x1207	0x1208
0x1208	0x1209
0x1209	0x120a
0x120b	0x120c
0x120c	0x1214
0x1214	0x121c
0x121c	0x1224
0x1224	0x122c
0x122c	0x1234
0x1234	0x1235
0x1235	0x1236
0x1237	0x1238
0x1238	0x1240
0x1240	0x1248
0x1248	0x1250
0x1250	0x1258
0x1258	0x1260
0x1260	0x1261
0x1261	0x1262
0x1262	0x1263
0x1263	0x1264
0x1264	0x1265
0x1265	0x1266
0x1266	0x1267
0x1267	0x1268
0x1268	0x1269
0x1269	0x126a
0x126a	0x126b
0x126b	0x126c
0x126d	0x126e
0x126e	0x126f
0x126f	0x1270
0x1270	0x1271
0x1271	0x1272
0x1272	0x1273
0x1273	0x1274
0x1274	0x1275
0x1275	0x1276
0x1276	0x1277
0x1277	0x1278
0x1278	0x1279
0x1279	0x127a
0x127a	0x127b
0x127b	0x127c
0x127c	0x127d
0x127d	0x127e
0x127e	0x127f
0x127f	0x1280
0x1280	0x1281
0x1281	0x1282
0x1282	0x1283
0x1283	0x1284
0x1284	0x1285
0x1285	0x1288
0x1289	0x128a
0x128b	0x128c
0x128c	0x128d
0x128d	0x128e
0x128e	0x1296
0x1296	0x1297
0x1297	0x1298
0x1298	0x1299
0x1299	0x129a
0x129a	0x129b
0x129b	0x129f
0x129f	0x12a0
0x12a0	0x12a1
0x12a1	0x12a2
0x12a2	0x12a3
0x12a3	0x12a4
0x12a4	0x12a5
0x12a5	0x12a6
0x12a7	0x12a8
0x12a8	0x12b0
0x12b0	0x12b8
0x12b8	0x12c0
0x12c0	0x12c8
0x12c8	0x12d0
0x12d0	0x12d1
0x12d1	0x12d2
0x12d3	0x12d4
0x12d4	0x12dc
0x12dc	0x12e4
0x12e4	0x12ec
0x12ec	0x12f4
0x12f4	0x12fc
0x12fc	0x12fd
0x12fd	0x12fe
0x12fe	0x12ff
0x12ff	0x1300
0x1300	0x1301
0x1301	0x1302
0x1302	0x1303
0x1303	0x1304
0x1304	0x1305
0x1305	0x1306
0x1306	0x1307
0x1307	0x1308
0x1309	0x130a
0x130a	0x130b
0x130b	0x130c
0x130c	0x130d
0x130d	0x130e
0x130e	0x130f
0x130f	0x1310
0x1310	0x1311
0x1311	0x1312
0x1312	0x1313
0x1313	0x1314
0x1314	0x1315
0x1315	0x1316
0x1316	0x1317
0x1317	0x1318
0x1318	0x1319
0x1319	0x131a
0x131a	0x131b
0x131b	0x131c
0x131c	0x131d
0x131d	0x131e
0x131e	0x131f
0x131f	0x1320
0x1321	0x1322
0x1322	0x132a
0x132a	0x1332
0x1332	0x133a
0x133a	0x1342
0x1342	0x134a
0x134a	0x134b
0x134b	0x134c
0x134d	0x134e
0x134e	0x1356
0x1356	0x135e
0x135e	0x1366
0x1366	0x136e
0x136e	0x1376
0x1376	0x1377
0x1377	0x1378
0x1378	0x1379
0x1379	0x137a
0x137a	0x137b
0x137b	0x137c
0x137c	0x137d
0x137d	0x137e
0x137e	0x137f
0x137f	0x1380
0x1380	0x1381
0x1381	0x1382
0x1383	0x1384
0x1384	0x1385
0x1385	0x1386
0x1386	0x1387
0x1387	0x1388
0x1388	0x1389
0x1389	0x138a
0x138a	0x138b
0x138b	0x138c
0x138c	0x138d
0x138d	0x138e
0x138e	0x138f
0x138f	0x1390
0x1390	0x1391
0x1391	0x1392
0x1392	0x1393
0x1393	0x1394
0x1394	0x1395
0x1395	0x1396
0x1397	0x1398
0x1398	0x1399
0x1399	0x139a
0x139a	0x139b
0x139b	0x139c
0x139c	0x139d
0x139d	0x139e
0x139f	0x13a0
0x13a0	0x13a8
0x13a8	0x13b0
0x13b0	0x13b8
0x13b8	0x13c0
0x13c0	0x13c8
0x13c8	0x13c9
0x13c9	0x13ca
0x13ca	0x13cb
0x13cb	0x13cc
0x13cd	0x13ce
0x13ce	0x13d6
0x13d6	0x13de
0x13de	0x13e6
0x13e6	0x13ee
0x13ee	0x13f6
0x13f6	0x13f7
0x13f7	0x13f8
0x13f9	0x1401
0x1401	0x1407
0x1407	0x1408
0x1409	0x140d
0x140d	0x140e
0x140e	0x1412
0x1412	0x141a
0x141b	0x141c
0x141c	0x141d
0x141d	0x1421
0x1421	0x1422
0x1422	0x1423
0x1423	0x1424
0x1424	0x1429
0x1429	0x142a
0x142a	0x142b
0x142b	0x142c
0x142c	0x1434
0x1434	0x1435
0x1435	0x1436
0x1436	0x143a
0x143a	0x143b
0x143b	0x143c
0x143c	0x143d
0x143d	0x143e
0x143e	0x143f
0x143f	0x1440
0x1440	0x1441
0x1441	0x1442
0x1442	0x1443
0x1443	0x1444
0x1444	0x1445
0x1445	0x1446
0x1446	0x1447
0x1447	0x1448
0x1448	0x1449
0x1449	0x144a
0x144a	0x144b
0x144b	0x144c
0x144c	0x144d
0x144d	0x144e
0x144e	0x144f
0x144f	0x1450
0x1451	0x1452
0x1452	0x1453
0x1453	0x1454
0x1454	0x1455
0x1455	0x1456
0x1456	0x1457
0x1457	0x1458
0x1458	0x1459
0x1459	0x145a
0x145a	0x145b
0x145b	0x145c
0x145c	0x145d
0x145d	0x145e
0x145f	0x1460
0x1460	0x1461
0x1461	0x1462
0x1463	0x1464
0x1464	0x1467
0x1467	0x1468
0x1468	0x1469
0x1469	0x146a
0x146b	0x146c
0x146c	0x146d
0x146d	0x146e
0x146f	0x1470
0x1471	0x1472
0x1472	0x1473
0x1473	0x1474
0x1474	0x1475
0x1475	0x1476
0x1476	0x1477
0x1477	0x1478
0x1478	0x1479
0x1479	0x147a
0x147a	0x147b
0x147b	0x147f
0x147f	0x1480
0x1480	0x1481
0x1481	0x1482
0x1482	0x148a
0x148a	0x148b
0x148b	0x148e
0x148e	0x148f
0x148f	0x1490
0x1490	0x1491
0x1491	0x1492
0x1492	0x1493
0x1493	0x1497
0x1497	0x1498
0x1498	0x1499
0x1499	0x149a
0x149a	0x149b
0x149b	0x149c
0x149c	0x149d
0x149d	0x149e
0x149e	0x149f
0x149f	0x14a3
0x14a3	0x14a4
0x14a4	0x14a5
0x14a5	0x14a6
0x14a6	0x14a7
0x14a7	0x14a8
0x14a8	0x14a9
0x14a9	0x14ad
0x14ad	0x14ae
0x14ae	0x14af
0x14af	0x14b0
0x14b0	0x14b1
0x14b1	0x14b2
0x14b2	0x14b3
0x14b3	0x14b4
0x14b4	0x14b5
0x14b5	0x14b6
0x14b6	0x14b7
0x14b7	0x14b8
0x14b8	0x14b9
0x14b9	0x14ba
0x14bb	0x14bc
0x14bc	0x14c4
0x14c4	0x14cc
0x14cc	0x14d4
0x14d4	0x14dc
0x14dc	0x14e4
0x14e4	0x14e5
0x14e5	0x14e6
0x14e7	0x14e8
0x14e8	0x14f0
0x14f0	0x14f8
0x14f8	0x1500
0x1500	0x1508
0x1508	0x1510
0x1510	0x1511
0x1511	0x1512
0x1512	0x1513
0x1513	0x1514
0x1514	0x1515
0x1515	0x1516
0x1516	0x1517
0x1517	0x1518
0x1518	0x1519
0x1519	0x151a
0x151a	0x151b
0x151b	0x151c
0x151d	0x151e
0x151e	0x151f
0x151f	0x1520
0x1520	0x1521
0x1521	0x1522
0x1522	0x1523
0x1523	0x1524
0x1524	0x1525
0x1525	0x1526
0x1526	0x1527
0x1527	0x1528
0x1528	0x1529
0x1529	0x152a
0x152a	0x152b
0x152b	0x152c
0x152c	0x152d
0x152d	0x152e
0x152e	0x152f
0x152f	0x1530
0x1530	0x1531
0x1531	0x1532
0x1532	0x1533
0x1533	0x1534
0x1535	0x1536
0x1536	0x153e
0x153e	0x1546
0x1546	0x154e
0x154e	0x1556
0x1556	0x155e
0x155e	0x155f
0x155f	0x1560
0x1561	0x1562
0x1562	0x156a
0x156a	0x1572
0x1572	0x157a
0x157a	0x1582
0x1582	0x158a
0x158a	0x158b
0x158b	0x158c
0x158c	0x158d
0x158d	0x158e
0x158e	0x158f
0x158f	0x1590
0x1590	0x1591
0x1591	0x1592
0x1592	0x1593
0x1593	0x1594
0x1594	0x1595
0x1595	0x1596
0x1597	0x1598
0x1598	0x1599
0x1599	0x159a
0x159a	0x159b
0x159b	0x159c
0x159c	0x159d
0x159d	0x159e
0x159e	0x159f
0x159f	0x15a0
0x15a0	0x15a1
0x15a1	0x15a2
0x15a2	0x15a3
0x15a3	0x15a4
0x15a4	0x15a5
0x15a5	0x15a6
0x15a6	0x15a7
0x15a7	0x15a8
0x15a8	0x15a9
0x15a9	0x15aa
0x15ab	0x15ac
0x15ac	0x15ad
0x15ad	0x15ae
0x15ae	0x15af
0x15af	0x15b0
0x15b0	0x15b1
0x15b1	0x15b2
0x15b2	0x15b3
0x15b3	0x15b4
0x15b4	0x15b5
0x15b5	0x15b6
0x15b6	0x15b7
0x15b7	0x15b8
0x15b8	0x15b9
0x15b9	0x15ba
0x15ba	0x15bb
0x15bb	0x15bf
0x15c0	0x15c1
0x15c1	0x15c2
0x15c2	0x15c3
0x15c3	0x15c4
0x15c4	0x15c5
0x15c5	0x15c6
0x15c6	0x15c7
0x15c7	0x15c8
0x15c8	0x15c9
0x15c9	0x15ca
0x15ca	0x15cb
0x15cb	0x15cc
0x15cc	0x15cd
0x15cd	0x15ce
0x15cf	0x15d0
0x15d0	0x15d8
0x15d8	0x15e0
0x15e0	0x15e8
0x15e8	0x15f0
0x15f0	0x15f8
0x15f8	0x15f9
0x15f9	0x15fa
0x15fb	0x15fc
0x15fc	0x1604
0x1604	0x160c
0x160c	0x1614
0x1614	0x161c
0x161c	0x1624
0x1624	0x1625
0x1625	0x1626
0x1626	0x1627
0x1627	0x1628
0x1628	0x1629
0x1629	0x162a
0x162a	0x162b
0x162b	0x162c
0x162c	0x162d
0x162d	0x162e
0x162e	0x162f
0x162f	0x1630
0x1631	0x1632
0x1632	0x1633
0x1633	0x1634
0x1634	0x1635
0x1635	0x1636
0x1636	0x1637
0x1637	0x1638
0x1638	0x1639
0x1639	0x163a
0x163a	0x163b
0x163b	0x163c
0x163c	0x163d
0x163d	0x163e
0x163e	0x163f
0x163f	0x1640
0x1640	0x1641
0x1641	0x1642
0x1642	0x1643
0x1643	0x1644
0x1644	0x1645
0x1645	0x1646
0x1646	0x1647
0x1647	0x1648
0x1649	0x164a
0x164a	0x1652
0x1652	0x165a
0x165a	0x1662
0x1662	0x166a
0x166a	0x1672
0x1672	0x1673
0x1673	0x1674
0x1675	0x1676
0x1676	0x167e
0x167e	0x1686
0x1686	0x168e
0x168e	0x1696
0x1696	0x169e
0x169e	0x169f
0x169f	0x16a0
0x16a0	0x16a1
0x16a1	0x16a2
0x16a2	0x16a3
0x16a3	0x16a4
0x16a4	0x16a5
0x16a5	0x16a6
0x16a6	0x16a7
0x16a7	0x16a8
0x16a8	0x16a9
0x16a9	0x16aa
0x16ab	0x16ac
0x16ac	0x16ad
0x16ad	0x16ae
0x16ae	0x16af
0x16af	0x16b0
0x16b0	0x16b1
0x16b1	0x16b2
0x16b2	0x16b3
0x16b3	0x16b4
0x16b4	0x16b5
0x16b5	0x16b6
0x16b6	0x16b7
0x16b7	0x16b8
0x16b8	0x16b9
0x16b9	0x16ba
0x16ba	0x16bb
0x16bb	0x16bc
0x16bc	0x16bd
0x16bd	0x16be
0x16bf	0x16c0
0x16c0	0x16c1
0x16c1	0x16c2
0x16c2	0x16c3
0x16c3	0x16c4
0x16c4	0x16c5
0x16c5	0x16c6
0x16c6	0x16c7
0x16c7	0x16cb
0x16cb	0x16cc
0x16cc	0x16cd
0x16cd	0x16d1
0x16d1	0x16d5
0x16d5	0x16d6
0x16d6	0x16d7
0x16d7	0x16d8
0x16d8	0x16d9
0x16d9	0x16da
0x16da	0x16db
0x16db	0x16dc
0x16dc	0x16dd
0x16dd	0x16e0
0x16e1	0x16e2
0x16e3	0x16e4
0x16e4	0x16e5
0x16e5	0x16e6
0x16e6	0x16ee
0x16ee	0x16ef
0x16ef	0x16f0
0x16f0	0x16f1
0x16f1	0x16f2
0x16f2	0x16f3
0x16f3	0x16f7
0x16f7	0x16f8
0x16f8	0x16f9
0x16f9	0x16fa
0x16fa	0x16fb
0x16fb	0x16fc
0x16fc	0x16fd
0x16fd	0x16fe
0x16ff	0x1700
0x1700	0x1708
0x1708	0x1710
0x1710	0x1718
0x1718	0x1720
0x1720	0x1728
0x1728	0x1729
0x1729	0x172a
0x172b	0x172c
0x172c	0x1734
0x1734	0x173c
0x173c	0x1744
0x1744	0x174c
0x174c	0x1754
0x1754	0x1755
0x1755	0x1756
0x1756	0x1757
0x1757	0x1758
0x1758	0x1759
0x1759	0x175a
0x175a	0x175b
0x175b	0x175c
0x175c	0x175d
0x175d	0x175e
0x175e	0x175f
0x175f	0x1760
0x1761	0x1762
0x1762	0x1763
0x1763	0x1764
0x1764	0x1765
0x1765	0x1766
0x1766	0x1767
0x1767	0x1768
0x1768	0x1769
0x1769	0x176a
0x176a	0x176b
0x176b	0x176c
0x176c	0x176d
0x176d	0x176e
0x176e	0x176f
0x176f	0x1770
0x1770	0x1771
0x1771	0x1772
0x1772	0x1773
0x1773	0x1774
0x1774	0x1775
0x1775	0x1776
0x1776	0x1777
0x1777	0x1778
0x1779	0x177a
0x177a	0x1782
0x1782	0x178a
0x178a	0x1792
0x1792	0x179a
0x179a	0x17a2
0x17a2	0x17a3
0x17a3	0x17a4
0x17a5	0x17a6
0x17a6	0x17ae
0x17ae	0x17b6
0x17b6	0x17be
0x17be	0x17c6
0x17c6	0x17ce
0x17ce	0x17cf
0x17cf	0x17d0
0x17d0	0x17d1
0x17d1	0x17d2
0x17d2	0x17d3
0x17d3	0x17d4
0x17d4	0x17d5
0x17d5	0x17d6
0x17d6	0x17d7
0x17d7	0x17d8
0x17d8	0x17d9
0x17d9	0x17da
0x17db	0x17dc
0x17dc	0x17dd
0x17dd	0x17de
0x17de	0x17df
0x17df	0x17e0
0x17e0	0x17e1
0x17e1	0x17e2
0x17e2	0x17e3
0x17e3	0x17e4
0x17e4	0x17e5
0x17e5	0x17e6
0x17e6	0x17e7
0x17e7	0x17e8
0x17e8	0x17e9
0x17e9	0x17ea
0x17ea	0x17eb
0x17eb	0x17ec
0x17ec	0x17ed
0x17ed	0x17ee
0x17ef	0x17f0
0x17f0	0x17f1
0x17f1	0x17f2
0x17f2	0x17f3
0x17f3	0x17f4
0x17f4	0x17f5
0x17f5	0x17f9
0x17f9	0x17fa
0x17fa	0x1802
0x1802	0x180a
0x180a	0x1812
0x1812	0x181a
0x181a	0x1822
0x1822	0x1823
0x1823	0x1824
0x1824	0x1825
0x1825	0x1826
0x1827	0x1828
0x1828	0x1830
0x1830	0x1838
0x1838	0x1840
0x1840	0x1848
0x1848	0x1850
0x1850	0x1851
0x1851	0x1852
0x1853	0x185b
0x185b	0x185c
0x185c	0x1863
0x1863	0x1867
0x1867	0x186f
0x186f	0x1876
0x1876	0x1877
0x1877	0x1878
0x1878	0x1879
0x1879	0x187a
0x187a	0x187f
0x187f	0x1880
0x1880	0x1881
0x1882	0x1883
0x1883	0x188a
0x188a	0x188f
0x188f	0x1890
0x1890	0x1894
0x1894	0x1895
0x1895	0x1896
0x1896	0x1897
0x1897	0x1898
0x1898	0x1899
0x1899	0x189a
0x189a	0x189b
0x189b	0x189c
0x189c	0x189d
0x189d	0x189e
0x189f	0x18a0
0x18a0	0x18a8
0x18a8	0x18b0
0x18b0	0x18b8
0x18b8	0x18c0
0x18c0	0x18c8
0x18c8	0x18c9
0x18c9	0x18ca
0x18cb	0x18cc
0x18cc	0x18d4
0x18d4	0x18dc
0x18dc	0x18e4
0x18e4	0x18ec
0x18ec	0x18f4
0x18f4	0x18f5
0x18f5	0x18f6
0x18f6	0x18f7
0x18f7	0x18f8
0x18f8	0x18f9
0x18f9	0x18fa
0x18fa	0x18fb
0x18fb	0x18fc
0x18fc	0x18fd
0x18fd	0x18fe
0x18fe	0x18ff
0x18ff	0x1900
0x1901	0x1902
0x1902	0x1903
0x1903	0x1904
0x1904	0x1905
0x1905	0x1906
0x1906	0x1907
0x1907	0x1908
0x1908	0x1909
0x1909	0x190a
0x190a	0x190b
0x190b	0x190c
0x190c	0x190d
0x190d	0x190e
0x190e	0x190f
0x190f	0x1910
0x1910	0x1911
0x1911	0x1912
0x1912	0x1913
0x1913	0x1914
0x1914	0x1915
0x1915	0x1916
0x1916	0x1917
0x1917	0x1918
0x1919	0x191a
0x191a	0x1922
0x1922	0x192a
0x192a	0x1932
0x1932	0x193a
0x193a	0x1942
0x1942	0x1943
0x1943	0x1944
0x1945	0x1946
0x1946	0x194e
0x194e	0x1956
0x1956	0x195e
0x195e	0x1966
0x1966	0x196e
0x196e	0x196f
0x196f	0x1970
0x1970	0x1971
0x1971	0x1972
0x1972	0x1973
0x1973	0x1974
0x1974	0x1975
0x1975	0x1976
0x1976	0x1977
0x1977	0x1978
0x1978	0x1979
0x1979	0x197a
0x197b	0x197c
0x197c	0x197d
0x197d	0x197e
0x197e	0x197f
0x197f	0x1980
0x1980	0x1981
0x1981	0x1982
0x1982	0x1983
0x1983	0x1984
0x1984	0x1985
0x1985	0x1986
0x1986	0x1987
0x1987	0x1988
0x1988	0x1989
0x1989	0x198a
0x198a	0x198b
0x198b	0x198c
0x198c	0x198d
0x198d	0x198e
0x198e	0x198f
0x198f	0x1990
0x1990	0x1991
0x1991	0x1992
0x1992	0x1993
0x1993	0x1994
0x1994	0x1995
0x1995	0x1996
0x1996	0x1997
0x1997	0x1998
0x1998	0x1999
0x1999	0x199a
0x199a	0x199b
0x199b	0x199c
0x199c	0x199d
0x199d	0x199e
0x199e	0x199f
0x199f	0x19a0
0x19a0	0x19a1
0x19a1	0x19a2
0x19a3	0x19a4
0x19a4	0x19a5
0x19a5	0x19a6
0x19a6	0x19a7
0x19a7	0x19a8
0x19a8	0x19a9
0x19a9	0x19aa
0x19aa	0x19ab
0x19ab	0x19ac
0x19ac	0x19ad
0x19ad	0x19ae
0x19ae	0x19af
0x19af	0x19b0
0x19b1	0x19b2
0x19b2	0x19b3
0x19b3	0x19b4
0x19b5	0x19b6
0x19b6	0x19b9
0x19b9	0x19ba
0x19ba	0x19bb
0x19bb	0x19bc
0x19bd	0x19be
0x19be	0x19bf
0x19bf	0x19c0
0x19c0	0x19c1
0x19c1	0x19c2
0x19c3	0x19c4
0x19c5	0x19c6
0x19c6	0x19c7
0x19c7	0x19c8
0x19c8	0x19c9
0x19c9	0x19ca
0x19ca	0x19cb
0x19cb	0x19cc
0x19cc	0x19cd
0x19cd	0x19d1
0x19d1	0x19d2
0x19d2	0x19d3
0x19d3	0x19d4
0x19d4	0x19d5
0x19d5	0x19d6
0x19d6	0x19d7
0x19d7	0x19d8
0x19d8	0x19d9
0x19d9	0x19da
0x19db	0x19dc
0x19dc	0x19e4
0x19e4	0x19ec
0x19ec	0x19f4
0x19f4	0x19fc
0x19fc	0x1a04
0x1a04	0x1a05
0x1a05	0x1a06
0x1a07	0x1a08
0x1a08	0x1a10
0x1a10	0x1a18
0x1a18	0x1a20
0x1a20	0x1a28
0x1a28	0x1a30
0x1a30	0x1a31
0x1a31	0x1a32
0x1a32	0x1a33
0x1a33	0x1a34
0x1a34	0x1a35
0x1a35	0x1a36
0x1a36	0x1a37
0x1a37	0x1a38
0x1a38	0x1a39
0x1a39	0x1a3a
0x1a3a	0x1a3b
0x1a3b	0x1a3c
0x1a3d	0x1a3e
0x1a3e	0x1a3f
0x1a3f	0x1a40
0x1a40	0x1a41
0x1a41	0x1a42
0x1a42	0x1a43
0x1a43	0x1a44
0x1a44	0x1a45
0x1a45	0x1a46
0x1a46	0x1a47
0x1a47	0x1a48
0x1a48	0x1a49
0x1a49	0x1a4a
0x1a4a	0x1a4b
0x1a4b	0x1a4c
0x1a4c	0x1a4d
0x1a4d	0x1a4e
0x1a4e	0x1a4f
0x1a4f	0x1a50
0x1a51	0x1a52
0x1a52	0x1a53
0x1a53	0x1a54
0x1a55	0x1a56
0x1a57	0x1a58
0x1a58	0x1a59
0x1a59	0x1a5a
0x1a5a	0x1a5b
0x1a5b	0x1a5c
0x1a5c	0x1a5d
0x1a5d	0x1a61
0x1a61	0x1a62
0x1a62	0x1a63
0x1a63	0x1a64
0x1a64	0x1a65
0x1a65	0x1a66
0x1a67	0x1a68
0x1a68	0x1a69
0x1a69	0x1a6a
0x1a6a	0x1a6b
0x1a6b	0x1a6c
0x1a6c	0x1a6d
0x1a6d	0x1a6e
0x1a6e	0x1a6f
0x1a6f	0x1a70
0x1a70	0x1a71
0x1a71	0x1a72
0x1a72	0x1a73
0x1a73	0x1a74
0x1a74	0x1a75
0x1a75	0x1a76
0x1a76	0x1a77
0x1a77	0x1a78
0x1a78	0x1a79
0x1a79	0x1a7a
0x1a7a	0x1a7b
0x1a7b	0x1a7c
0x1a7c	0x1a7d
0x1a7d	0x1a7e
0x1a7e	0x1a7f
0x1a7f	0x1a80
0x1a80	0x1a81
0x1a81	0x1a82
0x1a83	0x1a8b
0x1a8b	0x1a8c
0x1a8c	0x1a8d
0x1a8d	0x1a8e
0x1a8e	0x1a8f
0x1a8f	0x1a90
0x1a90	0x1a91
0x1a91	0x1a92
0x1a92	0x1a93
0x1a93	0x1a94
0x1a94	0x1a95
0x1a95	0x1a96
0x1a96	0x1a97
0x1a97	0x1a98
0x1a98	0x1a99
0x1a99	0x1a9a
0x1a9a	0x1a9b
0x1a9b	0x1a9c
0x1a9c	0x1a9d
0x1a9d	0x1a9e
0x1a9e	0x1a9f
0x1a9f	0x1aa0
0x1aa0	0x1aa1
0x1aa1	0x1aa2
0x1aa2	0x1aa3
0x1aa3	0x1aa4
0x1aa4	0x1aa5
0x1aa5	0x1aa6
0x1aa6	0x1aa7
0x1aa7	0x1aa8
0x1aa8	0x1aa9
0x1aa9	0x1aaa
0x1aaa	0x1aab
0x1aab	0x1aac
0x1aac	0x1aad
0x1aad	0x1aae
0x1aae	0x1aaf
0x1aaf	0x1ab0
0x1ab0	0x1ab1
0x1ab1	0x1ab2
0x1ab2	0x1ab3
0x1ab3	0x1ab4
0x1ab4	0x1ab5
0x1ab5	0x1ab6
0x1ab6	0x1ab7
0x1ab7	0x1ab8
0x1ab8	0x1ab9
0x1ab9	0x1aba
0x1aba	0x1abb
0x1abb	0x1abc
0x1abc	0x1abd
0x1abd	0x1abe
0x1abe	0x1abf
0x1abf	0x1ac0
0x1ac0	0x1ac1
0x1ac1	0x1ac2
0x1ac2	0x1ac3
0x1ac3	0x1ac4
0x1ac4	0x1ac5
0x1ac5	0x1ac6
0x1ac6	0x1ac7
0x1ac7	0x1ac8
0x1ac8	0x1ac9
0x1ac9	0x1aca
0x1aca	0x1acb
0x1acb	0x1acc
0x1acc	0x1acd
0x1acd	0x1ace
0x1ace	0x1acf
0x1acf	0x1ad3
0x1ad3	0x1ad4
0x1ad4	0x1ad5
0x1ad5	0x1ad6
0x1ad6	0x1ad7
0x1ad7	0x1ad8
0x1ad8	0x1ad9
0x1ad9	0x1ada
0x1ada	0x1adb
0x1adb	0x1adc
0x1add	0x1ade
0x1ade	0x1ae6
0x1ae6	0x1aee
0x1aee	0x1af6
0x1af6	0x1afe
0x1afe	0x1b06
0x1b06	0x1b07
0x1b07	0x1b08
0x1b09	0x1b0a
0x1b0a	0x1b12
0x1b12	0x1b1a
0x1b1a	0x1b22
0x1b22	0x1b2a
0x1b2a	0x1b32
0x1b32	0x1b33
0x1b33	0x1b34
0x1b34	0x1b35
0x1b35	0x1b36
0x1b36	0x1b37
0x1b37	0x1b38
0x1b38	0x1b39
0x1b39	0x1b3a
0x1b3a	0x1b3b
0x1b3b	0x1b3c
0x1b3c	0x1b3d
0x1b3d	0x1b3e
0x1b3f	0x1b40
0x1b40	0x1b41
0x1b41	0x1b42
0x1b42	0x1b43
0x1b43	0x1b44
0x1b44	0x1b45
0x1b45	0x1b46
0x1b46	0x1b47
0x1b47	0x1b48
0x1b48	0x1b49
0x1b49	0x1b4a
0x1b4a	0x1b4b
0x1b4b	0x1b4c
0x1b4c	0x1b4d
0x1b4d	0x1b4e
0x1b4e	0x1b4f
0x1b4f	0x1b50
0x1b50	0x1b51
0x1b51	0x1b52
0x1b52	0x1b53
0x1b53	0x1b54
0x1b54	0x1b55
0x1b55	0x1b56
0x1b56	0x1b57
0x1b57	0x1b58
0x1b58	0x1b59
0x1b59	0x1b5a
0x1b5a	0x1b5b
0x1b5b	0x1b5c
0x1b5c	0x1b5d
0x1b5d	0x1b5e
0x1b5e	0x1b5f
0x1b5f	0x1b65
0x1b65	0x1b66
0x1b66	0x1b67
0x1b67	0x1b68
0x1b68	0x1b69
0x1b69	0x1b6a
0x1b6a	0x1b72
0x1b73	0x1b74
0x1b74	0x1b7c
0x1b7c	0x1b84
0x1b84	0x1b8c
0x1b8c	0x1b94
0x1b94	0x1b9c
0x1b9c	0x1b9d
0x1b9d	0x1b9e
0x1b9e	0x1b9f
0x1b9f	0x1ba0
0x1ba1	0x1ba2
0x1ba2	0x1baa
0x1baa	0x1bb2
0x1bb2	0x1bba
0x1bba	0x1bc2
0x1bc2	0x1bca
0x1bca	0x1bcb
0x1bcb	0x1bcc
0x1bcc	0x1bcd
0x1bcd	0x1bce
0x1bce	0x1bcf
0x1bcf	0x1bd0
0x1bd0	0x1bd1
0x1bd1	0x1bd2
0x1bd2	0x1bd3
0x1bd3	0x1bd4
0x1bd4	0x1bd5
0x1bd5	0x1bd6
0x1bd6	0x1bd7
0x1bd7	0x1bdd
0x1bdd	0x1bde
0x1bde	0x1bdf
0x1bdf	0x1be0
0x1be0	0x1be1
0x1be1	0x1be2
0x1be2	0x1bea
0x1bea	0x1beb
0x1beb	0x1bec
0x1bec	0x1bed
0x1bed	0x1bee
0x1bee	0x1bef
0x1bef	0x1bf0
0x1bf0	0x1bf1
0x1bf1	0x1bf2
0x1bf2	0x1bf3
0x1bf3	0x1bf4
0x1bf4	0x1bf5
0x1bf5	0x1bf6
0x1bf7	0x1bf8
0x1bf8	0x1c00
0x1c00	0x1c08
0x1c08	0x1c10
0x1c10	0x1c18
0x1c18	0x1c20
0x1c20	0x1c21
0x1c21	0x1c22
0x1c23	0x1c24
0x1c24	0x1c2c
0x1c2c	0x1c34
0x1c34	0x1c3c
0x1c3c	0x1c44
0x1c44	0x1c4c
0x1c4c	0x1c4d
0x1c4d	0x1c4e
0x1c4e	0x1c4f
0x1c4f	0x1c50
0x1c50	0x1c51
0x1c51	0x1c52
0x1c52	0x1c53
0x1c53	0x1c54
0x1c54	0x1c55
0x1c55	0x1c56
0x1c56	0x1c57
0x1c57	0x1c58
0x1c59	0x1c5a
0x1c5a	0x1c5b
0x1c5b	0x1c5c
0x1c5c	0x1c5d
0x1c5d	0x1c5e
0x1c5e	0x1c5f
0x1c5f	0x1c60
0x1c60	0x1c61
0x1c61	0x1c62
0x1c62	0x1c63
0x1c63	0x1c64
0x1c64	0x1c65
0x1c65	0x1c66
0x1c66	0x1c67
0x1c67	0x1c68
0x1c68	0x1c69
0x1c69	0x1c6a
0x1c6a	0x1c6b
0x1c6b	0x1c6c
0x1c6c	0x1c6d
0x1c6d	0x1c6e
0x1c6e	0x1c6f
0x1c6f	0x1c70
0x1c70	0x1c71
0x1c71	0x1c74
0x1c75	0x1c76
0x1c77	0x1c78
0x1c78	0x1c79
0x1c79	0x1c7a
0x1c7a	0x1c82
0x1c82	0x1c83
0x1c83	0x1c84
0x1c84	0x1c85
0x1c85	0x1c86
0x1c86	0x1c87
0x1c87	0x1c8b
0x1c8b	0x1c8c
0x1c8c	0x1c8d
0x1c8d	0x1c8e
0x1c8e	0x1c8f
0x1c8f	0x1c90
0x1c91	0x1c92
0x1c92	0x1c9a
0x1c9a	0x1ca2
0x1ca2	0x1caa
0x1caa	0x1cb2
0x1cb2	0x1cba
0x1cba	0x1cbb
0x1cbb	0x1cbc
0x1cbd	0x1cbe
0x1cbe	0x1cc6
0x1cc6	0x1cce
0x1cce	0x1cd6
0x1cd6	0x1cde
0x1cde	0x1ce6
0x1ce6	0x1ce7
0x1ce7	0x1ce8
0x1ce8	0x1ce9
0x1ce9	0x1cea
0x1cea	0x1ceb
0x1ceb	0x1cec
0x1cec	0x1ced
0x1ced	0x1cee
0x1cee	0x1cef
0x1cef	0x1cf0
0x1cf0	0x1cf1
0x1cf1	0x1cf2
0x1cf3	0x1cf4
0x1cf4	0x1cf5
0x1cf5	0x1cf6
0x1cf6	0x1cf7
0x1cf7	0x1cf8
0x1cf8	0x1cf9
0x1cf9	0x1cfa
0x1cfa	0x1cfb
0x1cfb	0x1cfc
0x1cfc	0x1cfd
0x1cfd	0x1cfe
0x1cfe	0x1cff
0x1cff	0x1d00
0x1d00	0x1d01
0x1d01	0x1d02
0x1d02	0x1d03
0x1d03	0x1d04
0x1d04	0x1d05
0x1d05	0x1d06
0x1d07	0x1d08
0x1d08	0x1d09
0x1d09	0x1d0a
0x1d0a	0x1d0b
0x1d0b	0x1d0c
0x1d0c	0x1d0d
0x1d0d	0x1d0e
0x1d0e	0x1d0f
0x1d0f	0x1d16
0x1d16	0x1d17
0x1d17	0x1d18
0x1d18	0x1d19
0x1d19	0x1d1a
0x1d1a	0x1d1b
0x1d1b	0x1d1c
0x1d1d	0x1d1e
0x1d1e	0x1d26
0x1d26	0x1d2e
0x1d2e	0x1d36
0x1d36	0x1d3e
0x1d3e	0x1d46
0x1d46	0x1d47
0x1d47	0x1d48
0x1d49	0x1d4a
0x1d4a	0x1d52
0x1d52	0x1d5a
0x1d5a	0x1d62
0x1d62	0x1d6a
0x1d6a	0x1d72
0x1d72	0x1d73
0x1d73	0x1d74
0x1d74	0x1d75
0x1d75	0x1d76
0x1d76	0x1d77
0x1d77	0x1d78
0x1d78	0x1d79
0x1d79	0x1d7a
0x1d7a	0x1d7b
0x1d7b	0x1d7c
0x1d7c	0x1d7d
0x1d7d	0x1d7e
0x1d7f	0x1d80
0x1d80	0x1d81
0x1d81	0x1d82
0x1d82	0x1d83
0x1d83	0x1d84
0x1d84	0x1d85
0x1d85	0x1d86
0x1d86	0x1d87
0x1d87	0x1d88
0x1d88	0x1d89
0x1d89	0x1d8a
0x1d8a	0x1d8b
0x1d8b	0x1d8c
0x1d8c	0x1d8d
0x1d8d	0x1d8e
0x1d8e	0x1d8f
0x1d8f	0x1d90
0x1d90	0x1d91
0x1d91	0x1d92
0x1d92	0x1d93
0x1d93	0x1d94
0x1d94	0x1d95
0x1d95	0x1d96
0x1d96	0x1d97
0x1d97	0x1d98
0x1d99	0x1d9a
0x1d9b	0x1d9c
0x1d9d	0x1d9e
0x1d9e	0x1d9f
0x1d9f	0x1da0
0x1da0	0x1da8
0x1da8	0x1da9
0x1da9	0x1daa
0x1daa	0x1dab
0x1dab	0x1dac
0x1dac	0x1dad
0x1dad	0x1db1
0x1db1	0x1db2
0x1db2	0x1db3
0x1db3	0x1db4
0x1db4	0x1db5
0x1db5	0x1db6
0x1db7	0x1db8
0x1db8	0x1dc0
0x1dc0	0x1dc8
0x1dc8	0x1dd0
0x1dd0	0x1dd8
0x1dd8	0x1de0
0x1de0	0x1de1
0x1de1	0x1de2
0x1de3	0x1de4
0x1de4	0x1dec
0x1dec	0x1df4
0x1df4	0x1dfc
0x1dfc	0x1e04
0x1e04	0x1e0c
0x1e0c	0x1e0d
0x1e0d	0x1e0e
0x1e0e	0x1e0f
0x1e0f	0x1e10
0x1e10	0x1e11
0x1e11	0x1e12
0x1e12	0x1e13
0x1e13	0x1e14
0x1e14	0x1e15
0x1e15	0x1e16
0x1e16	0x1e17
0x1e17	0x1e18
0x1e19	0x1e1a
0x1e1a	0x1e1b
0x1e1b	0x1e1c
0x1e1c	0x1e1d
0x1e1d	0x1e1e
0x1e1e	0x1e1f
0x1e1f	0x1e20
0x1e20	0x1e21
0x1e21	0x1e22
0x1e22	0x1e23
0x1e23	0x1e24
0x1e24	0x1e25
0x1e25	0x1e26
0x1e26	0x1e27
0x1e27	0x1e28
0x1e28	0x1e29
0x1e29	0x1e2a
0x1e2a	0x1e2b
0x1e2b	0x1e2c
0x1e2d	0x1e2e
0x1e2e	0x1e2f
0x1e2f	0x1e30
0x1e30	0x1e31
0x1e31	0x1e32
0x1e32	0x1e33
0x1e33	0x1e34
0x1e35	0x1e36
0x1e36	0x1e3e
0x1e3e	0x1e46
0x1e46	0x1e4e
0x1e4e	0x1e56
0x1e56	0x1e5e
0x1e5e	0x1e5f
0x1e5f	0x1e60
0x1e60	0x1e61
0x1e61	0x1e62
0x1e63	0x1e64
0x1e64	0x1e6c
0x1e6c	0x1e74
0x1e74	0x1e7c
0x1e7c	0x1e84
0x1e84	0x1e8c
0x1e8c	0x1e8d
0x1e8d	0x1e8e
0x1e8f	0x1e97
0x1e97	0x1e9d
0x1e9d	0x1e9e
0x1e9f	0x1ea3
0x1ea3	0x1ea4
0x1ea4	0x1ea8
0x1ea8	0x1eb0
0x1eb1	0x1eb2
0x1eb2	0x1eb3
0x1eb3	0x1eb7
0x1eb7	0x1eb8
0x1eb8	0x1eb9
0x1eb9	0x1eba
0x1eba	0x1ebf
0x1ebf	0x1ec0
0x1ec0	0x1ec1
0x1ec1	0x1ec2
0x1ec2	0x1eca
0x1eca	0x1ecb
0x1ecb	0x1ecc
0x1ecc	0x1ed0
0x1ed0	0x1ed1
0x1ed1	0x1ed2
0x1ed2	0x1ed3
0x1ed3	0x1ed4
0x1ed4	0x1ed5
0x1ed5	0x1ed6
0x1ed6	0x1ed7
0x1ed7	0x1ed8
0x1ed8	0x1ed9
0x1ed9	0x1eda
0x1eda	0x1edb
0x1edb	0x1edc
0x1edc	0x1edd
0x1edd	0x1ede
0x1ede	0x1edf
0x1edf	0x1ee0
0x1ee0	0x1ee1
0x1ee1	0x1ee2
0x1ee2	0x1ee3
0x1ee3	0x1ee4
0x1ee4	0x1ee5
0x1ee5	0x1ee6
0x1ee7	0x1ee8
0x1ee8	0x1ee9
0x1ee9	0x1eea
0x1eea	0x1eeb
0x1eeb	0x1eec
0x1eec	0x1eed
0x1eed	0x1eee
0x1eee	0x1eef
0x1eef	0x1ef0
0x1ef0	0x1ef1
0x1ef1	0x1ef2
0x1ef2	0x1ef3
0x1ef3	0x1ef4
0x1ef5	0x1ef6
0x1ef6	0x1ef7
0x1ef7	0x1ef8
0x1ef9	0x1efa
0x1efa	0x1efd
0x1efd	0x1efe
0x1efe	0x1eff
0x1eff	0x1f00
0x1f01	0x1f02
0x1f02	0x1f03
0x1f03	0x1f04
0x1f05	0x1f06
0x1f07	0x1f08
0x1f08	0x1f09
0x1f09	0x1f0a
0x1f0a	0x1f0b
0x1f0b	0x1f0c
0x1f0c	0x1f0d
0x1f0d	0x1f0e
0x1f0e	0x1f0f
0x1f0f	0x1f13
0x1f13	0x1f14
0x1f14	0x1f15
0x1f15	0x1f16
0x1f16	0x1f17
0x1f17	0x1f18
0x1f18	0x1f19
0x1f19	0x1f1a
0x1f1a	0x1f1b
0x1f1b	0x1f1c
0x1f1c	0x1f1d
0x1f1d	0x1f1e
0x1f1e	0x1f1f
0x1f1f	0x1f20
0x1f20	0x1f21
0x1f21	0x1f22
0x1f22	0x1f23
0x1f23	0x1f24
0x1f24	0x1f25
0x1f25	0x1f26
0x1f27	0x1f28
0x1f28	0x1f30
0x1f30	0x1f38
0x1f38	0x1f40
0x1f40	0x1f48
0x1f48	0x1f50
0x1f50	0x1f51
0x1f51	0x1f52
0x1f53	0x1f54
0x1f54	0x1f5c
0x1f5c	0x1f64
0x1f64	0x1f6c
0x1f6c	0x1f74
0x1f74	0x1f7c
0x1f7c	0x1f7d
0x1f7d	0x1f7e
0x1f7e	0x1f7f
0x1f7f	0x1f80
0x1f80	0x1f81
0x1f81	0x1f82
0x1f82	0x1f83
0x1f83	0x1f84
0x1f84	0x1f85
0x1f85	0x1f86
0x1f86	0x1f87
0x1f87	0x1f88
0x1f89	0x1f8a
0x1f8a	0x1f8b
0x1f8b	0x1f8c
0x1f8c	0x1f8d
0x1f8d	0x1f8e
0x1f8e	0x1f8f
0x1f8f	0x1f90
0x1f90	0x1f91
0x1f91	0x1f92
0x1f92	0x1f93
0x1f93	0x1f94
0x1f94	0x1f95
0x1f95	0x1f96
0x1f96	0x1f97
0x1f97	0x1f98
0x1f98	0x1f99
0x1f99	0x1f9a
0x1f9a	0x1f9b
0x1f9b	0x1f9c
0x1f9c	0x1f9d
0x1f9d	0x1f9e
0x1f9e	0x1f9f
0x1f9f	0x1fa0
0x1fa1	0x1fa2
0x1fa2	0x1faa
0x1faa	0x1fb2
0x1fb2	0x1fba
0x1fba	0x1fc2
0x1fc2	0x1fca
0x1fca	0x1fcb
0x1fcb	0x1fcc
0x1fcd	0x1fce
0x1fce	0x1fd6
0x1fd6	0x1fde
0x1fde	0x1fe6
0x1fe6	0x1fee
0x1fee	0x1ff6
0x1ff6	0x1ff7
0x1ff7	0x1ff8
0x1ff8	0x1ff9
0x1ff9	0x1ffa
0x1ffa	0x1ffb
0x1ffb	0x1ffc
0x1ffc	0x1ffd
0x1ffd	0x1ffe
0x1ffe	0x1fff
0x1fff	0x2000
0x2000	0x2001
0x2001	0x2002
0x2003	0x2004
0x2004	0x2005
0x2005	0x2006
0x2006	0x2007
0x2007	0x2008
0x2008	0x2009
0x2009	0x200a
0x200a	0x200b
0x200b	0x200c
0x200c	0x200d
0x200d	0x200e
0x200e	0x200f
0x200f	0x2010
0x2010	0x2011
0x2011	0x2012
0x2012	0x2013
0x2013	0x2014
0x2014	0x2015
0x2015	0x2016
0x2016	0x2017
0x2017	0x2018
0x2018	0x2019
0x2019	0x201a
0x201a	0x201b
0x201b	0x201c
0x201d	0x201e
0x201f	0x2020
0x2021	0x2022
0x2022	0x2023
0x2023	0x2024
0x2024	0x202c
0x202c	0x202d
0x202d	0x202e
0x202e	0x202f
0x202f	0x2030
0x2030	0x2031
0x2031	0x2035
0x2035	0x2036
0x2036	0x2037
0x2037	0x2038
0x2038	0x2039
0x2039	0x203a
0x203a	0x203b
0x203b	0x203c
0x203d	0x203e
0x203e	0x2046
0x2046	0x204e
0x204e	0x2056
0x2056	0x205e
0x205e	0x2066
0x2066	0x2067
0x2067	0x2068
0x2069	0x206a
0x206a	0x2072
0x2072	0x207a
0x207a	0x2082
0x2082	0x208a
0x208a	0x2092
0x2092	0x2093
0x2093	0x2094
0x2094	0x2095
0x2095	0x2096
0x2096	0x2097
0x2097	0x2098
0x2098	0x2099
0x2099	0x209a
0x209a	0x209b
0x209b	0x209c
0x209c	0x209d
0x209d	0x209e
0x209f	0x20a0
0x20a0	0x20a1
0x20a1	0x20a2
0x20a2	0x20a3
0x20a3	0x20a4
0x20a4	0x20a5
0x20a5	0x20a6
0x20a6	0x20a7
0x20a7	0x20a8
0x20a8	0x20a9
0x20a9	0x20aa
0x20aa	0x20ab
0x20ab	0x20ac
0x20ac	0x20ad
0x20ad	0x20ae
0x20ae	0x20af
0x20af	0x20b0
0x20b0	0x20b1
0x20b1	0x20b2
0x20b2	0x20b3
0x20b3	0x20b4
0x20b4	0x20b5
0x20b5	0x20b6
0x20b7	0x20b8
0x20b8	0x20c0
0x20c0	0x20c8
0x20c8	0x20d0
0x20d0	0x20d8
0x20d8	0x20e0
0x20e0	0x20e1
0x20e1	0x20e2
0x20e3	0x20e4
0x20e4	0x20ec
0x20ec	0x20f4
0x20f4	0x20fc
0x20fc	0x2104
0x2104	0x210c
0x210c	0x210d
0x210d	0x210e
0x210e	0x210f
0x210f	0x2110
0x2110	0x2111
0x2111	0x2112
0x2112	0x2113
0x2113	0x2114
0x2114	0x2115
0x2115	0x2116
0x2116	0x2117
0x2117	0x2118
0x2119	0x211a
0x211a	0x211b
0x211b	0x211c
0x211c	0x211d
0x211d	0x211e
0x211e	0x211f
0x211f	0x2120
0x2120	0x2121
0x2121	0x2122
0x2122	0x2123
0x2123	0x2124
0x2124	0x2125
0x2125	0x2126
0x2126	0x2127
0x2127	0x2128
0x2128	0x2129
0x2129	0x212a
0x212a	0x212b
0x212b	0x212c
0x212d	0x212e
0x212e	0x212f
0x212f	0x2130
0x2130	0x2131
0x2131	0x2132
0x2132	0x2133
0x2133	0x2134
0x2135	0x2136
0x2136	0x213e
0x213e	0x2146
0x2146	0x214e
0x214e	0x2156
0x2156	0x215e
0x215e	0x215f
0x215f	0x2160
0x2160	0x2161
0x2161	0x2162
0x2163	0x2164
0x2164	0x216c
0x216c	0x2174
0x2174	0x217c
0x217c	0x2184
0x2184	0x218c
0x218c	0x218d
0x218d	0x218e
0x218f	0x2197
0x2197	0x2198
0x2198	0x219f
0x219f	0x21a3
0x21a3	0x21ab
0x21ab	0x21b2
0x21b2	0x21b3
0x21b3	0x21b4
0x21b4	0x21b5
0x21b5	0x21b6
0x21b6	0x21bb
0x21bb	0x21bc
0x21bc	0x21bd
0x21be	0x21bf
0x21bf	0x21c6
0x21c6	0x21cb
0x21cb	0x21cc
0x21cc	0x21d0
0x21d0	0x21d1
0x21d1	0x21d2
0x21d2	0x21d3
0x21d3	0x21d4
0x21d4	0x21d5
0x21d5	0x21d6
0x21d6	0x21d7
0x21d7	0x21d8
0x21d8	0x21d9
0x21d9	0x21da
0x21db	0x21dc
0x21dc	0x21e4
0x21e4	0x21ec
0x21ec	0x21f4
0x21f4	0x21fc
0x21fc	0x2204
0x2204	0x2205
0x2205	0x2206
0x2207	0x2208
0x2208	0x2210
0x2210	0x2218
0x2218	0x2220
0x2220	0x2228
0x2228	0x2230
0x2230	0x2231
0x2231	0x2232
0x2232	0x2233
0x2233	0x2234
0x2234	0x2235
0x2235	0x2236
0x2236	0x2237
0x2237	0x2238
0x2238	0x2239
0x2239	0x223a
0x223a	0x223b
0x223b	0x223c
0x223d	0x223e
0x223e	0x223f
0x223f	0x2240
0x2240	0x2241
0x2241	0x2242
0x2242	0x2243
0x2243	0x2244
0x2244	0x2245
0x2245	0x2246
0x2246	0x2247
0x2247	0x2248
0x2248	0x2249
0x2249	0x224a
0x224a	0x224b
0x224b	0x224c
0x224c	0x224d
0x224d	0x224e
0x224e	0x224f
0x224f	0x2250
0x2250	0x2251
0x2251	0x2252
0x2252	0x2253
0x2255	0x2256
0x2256	0x225e
0x225e	0x2266
0x2266	0x226e
0x226e	0x2276
0x2276	0x227e
0x227e	0x227f
0x227f	0x2280
0x2281	0x2282
0x2282	0x228a
0x228a	0x2292
0x2292	0x229a
0x229a	0x22a2
0x22a2	0x22aa
0x22aa	0x22ab
0x22ab	0x22ac
0x22ac	0x22ad
0x22ad	0x22ae
0x22ae	0x22af
0x22af	0x22b0
0x22b0	0x22b1
0x22b1	0x22b2
0x22b2	0x22b3
0x22b3	0x22b4
0x22b4	0x22b5
0x22b5	0x22b6
0x22b7	0x22b8
0x22b8	0x22b9
0x22b9	0x22ba
0x22ba	0x22bb
0x22bb	0x22bc
0x22bc	0x22bd
0x22bd	0x22be
0x22be	0x22bf
0x22bf	0x22c0
0x22c0	0x22c1
0x22c1	0x22c2
0x22c2	0x22c3
0x22c3	0x22c4
0x22c4	0x22c5
0x22c5	0x22c6
0x22c6	0x22c7
0x22c7	0x22c8
0x22c8	0x22c9
0x22c9	0x22ca
0x22ca	0x22cb
0x22cb	0x22cc
0x22cc	0x22cd
0x22cd	0x22ce
0x22ce	0x22cf
0x22cf	0x22d0
0x22d0	0x22d1
0x22d1	0x22d2
0x22d2	0x22d3
0x22d3	0x22d4
0x22d4	0x22d5
0x22d5	0x22d6
0x22d6	0x22d7
0x22d7	0x22d8
0x22d8	0x22d9
0x22d9	0x22da
0x22da	0x22db
0x22db	0x22dc
0x22dc	0x22dd
0x22dd	0x22de
0x22df	0x22e0
0x22e0	0x22e1
0x22e1	0x22e2
0x22e2	0x22e3
0x22e3	0x22e4
0x22e4	0x22e5
0x22e5	0x22e6
0x22e6	0x22e7
0x22e7	0x22e8
0x22e8	0x22e9
0x22e9	0x22ea
0x22ea	0x22eb
0x22eb	0x22ec
0x22ed	0x22ee
0x22ee	0x22ef
0x22ef	0x22f0
0x22f1	0x22f2
0x22f2	0x22f5
0x22f5	0x22f6
0x22f6	0x22f7
0x22f7	0x22f8
0x22f9	0x22fa
0x22fa	0x22fb
0x22fb	0x22fc
0x22fd	0x22fe
0x22ff	0x2300
0x2300	0x2301
0x2301	0x2302
0x2302	0x2303
0x2303	0x2304
0x2304	0x2305
0x2305	0x2306
0x2306	0x2307
0x2307	0x230b
0x230b	0x230c
0x230c	0x230d
0x230d	0x230e
0x230e	0x230f
0x230f	0x2310
0x2310	0x2311
0x2311	0x2312
0x2312	0x2313
0x2313	0x2314
0x2314	0x2315
0x2315	0x2316
0x2317	0x2318
0x2318	0x2320
0x2320	0x2328
0x2328	0x2330
0x2330	0x2338
0x2338	0x2340
0x2340	0x2341
0x2341	0x2342
0x2343	0x2344
0x2344	0x234c
0x234c	0x2354
0x2354	0x235c
0x235c	0x2364
0x2364	0x236c
0x236c	0x236d
0x236d	0x236e
0x236e	0x236f
0x236f	0x2370
0x2370	0x2371
0x2371	0x2372
0x2372	0x2373
0x2373	0x2374
0x2374	0x2375
0x2375	0x2376
0x2376	0x2377
0x2377	0x2378
0x2379	0x237a
0x237a	0x237b
0x237b	0x237c
0x237c	0x237d
0x237d	0x237e
0x237e	0x237f
0x237f	0x2380
0x2380	0x2381
0x2381	0x2382
0x2382	0x2383
0x2383	0x2384
0x2384	0x2385
0x2385	0x2386
0x2386	0x2387
0x2387	0x2388
0x2388	0x2389
0x2389	0x238a
0x238a	0x238b
0x238b	0x238c
0x238c	0x238d
0x238d	0x238e
0x238e	0x238f
0x238f	0x2390
0x2391	0x2392
0x2392	0x239a
0x239a	0x23a2
0x23a2	0x23aa
0x23aa	0x23b2
0x23b2	0x23ba
0x23ba	0x23bb
0x23bb	0x23bc
0x23bd	0x23be
0x23be	0x23c6
0x23c6	0x23ce
0x23ce	0x23d6
0x23d6	0x23de
0x23de	0x23e6
0x23e6	0x23e7
0x23e7	0x23e8
0x23e8	0x23e9
0x23e9	0x23ea
0x23ea	0x23eb
0x23eb	0x23ec
0x23ec	0x23ed
0x23ed	0x23ee
0x23ee	0x23ef
0x23ef	0x23f0
0x23f0	0x23f1
0x23f1	0x23f2
0x23f3	0x23f4
0x23f4	0x23f5
0x23f5	0x23f6
0x23f6	0x23f7
0x23f7	0x23f8
0x23f8	0x23f9
0x23f9	0x23fa
0x23fa	0x23fb
0x23fb	0x23fc
0x23fc	0x23fd
0x23fd	0x23fe
0x23fe	0x23ff
0x23ff	0x2400
0x2400	0x2401
0x2401	0x2402
0x2402	0x2403
0x2403	0x2404
0x2404	0x2405
0x2405	0x2406
0x2407	0x2408
0x2408	0x2409
0x2409	0x240a
0x240b	0x240c
0x240d	0x240e
0x240e	0x240f
0x240f	0x2410
0x2410	0x2411
0x2411	0x2412
0x2412	0x2413
0x2413	0x2414
0x2414	0x2415
0x2415	0x2419
0x2419	0x241a
0x241a	0x241b
0x241b	0x241c
0x241c	0x241d
0x241d	0x241e
0x241e	0x241f
0x241f	0x2420
0x2420	0x2421
0x2421	0x2422
0x2422	0x2423
0x2423	0x2424
0x2424	0x2425
0x2425	0x2426
0x2426	0x2427
0x2427	0x2428
0x2428	0x2429
0x2429	0x242a
0x242a	0x242b
0x242b	0x242c
0x242c	0x242d
0x242e	0x2436
0x2436	0x2437
0x2437	0x2438
0x2439	0x243a
0x243a	0x243b
0x243b	0x243c
0x243d	0x243e
0x243f	0x2440
0x2440	0x2441
0x2441	0x2442
0x2442	0x2443
0x2443	0x2444
0x2444	0x2445
0x2445	0x2446
0x2446	0x2447
0x2447	0x244b
0x244b	0x244c
0x244c	0x244d
0x244d	0x244e
0x244e	0x244f
0x244f	0x2450
0x2450	0x2451
0x2451	0x2452
0x2453	0x2454
0x2454	0x2455
0x2455	0x2456
0x2456	0x2457
0x2457	0x2458
0x2458	0x2459
0x2459	0x245a
0x245a	0x245b
0x245b	0x245c
0x245c	0x245d
0x245d	0x245e
0x245e	0x245f
0x245f	0x2460
0x2460	0x2461
0x2461	0x2462
0x2462	0x2463
0x2463	0x2464
0x2464	0x2465
0x2465	0x2466
0x2466	0x2467
0x2467	0x2468
0x2468	0x2469
0x246a	0x2472
0x2472	0x2473
0x2473	0x2474
0x2475	0x2476
0x2477	0x2478
0x2478	0x2479
0x2479	0x247a
0x247a	0x247b
0x247b	0x247c
0x247c	0x247d
0x247d	0x247e
0x247e	0x247f
0x247f	0x2480
0x2480	0x2483
0x2483	0x2484
0x2484	0x2485
0x2485	0x2486
0x2487	0x248a
0x248b	0x248c
0x248c	0x248d
0x248d	0x248e
0x248e	0x248f
0x248f	0x2490
0x2490	0x2491
0x2491	0x2492
0x2492	0x2499
0x2499	0x249a
0x249a	0x24a1
0x24a1	0x24a2
0x24a2	0x24a3
0x24a3	0x24a4
0x24a4	0x24a5
0x24a5	0x24aa
0x24aa	0x24ab
0x24ab	0x24b2
0x24b2	0x24b3
0x24b3	0x24bb
0x24bb	0x24c1
0x24c1	0x24c6
0x24c6	0x24c7
0x24c7	0x24c8
0x24c8	0x24d0
0x24d0	0x24d1
0x24d1	0x24d5
0xd9	0xda
0x10a	0x10b
0x11b	0x11c
0x12e	0x12f
0x15a	0x15b
0x15d	0x15e
0x203	0x204
0x24f	0x250
0x2d6	0x2d7
0x38e	0x38f
0x3f6	0x3f7
0x436	0x437
0x4d4	0x4d5
0x4d7	0x4d8
0x4e8	0x4e9
0x5b8	0x5b9
0x659	0x65a
0x682	0x683
0x707	0x708
0x827	0x828
0x839	0x83a
0x850	0x851
0x8ee	0x8ef
0x91a	0x91b
0x9cd	0x9ce
0x9e4	0x9e5
0xa24	0xa25
0xac0	0xac1
0xaca	0xacb
0xb1e	0xb1f
0xb4a	0xb4b
0xb98	0xb99
0xbc4	0xbc5
0xc16	0xc17
0xc44	0xc45
0xc70	0xc71
0xd12	0xd13
0xd3e	0xd3f
0xdae	0xdaf
0xdda	0xddb
0xe28	0xe29
0xe54	0xe55
0xeab	0xeac
0xebe	0xebf
0xeec	0xeed
0xf23	0xf24
0xf27	0xf28
0xf41	0xf42
0xf42	0xf43
0xf6e	0xf6f
0xfdc	0xfdd
0x1008	0x1009
0x105c	0x105d
0x1068	0x1069
0x1094	0x1095
0x1102	0x1103
0x112e	0x112f
0x118f	0x1190
0x1190	0x1191
0x11bc	0x11bd
0x120a	0x120b
0x1236	0x1237
0x12a6	0x12a7
0x12d2	0x12d3
0x1320	0x1321
0x134c	0x134d
0x139e	0x139f
0x13cc	0x13cd
0x13f8	0x13f9
0x14ba	0x14bb
0x14e6	0x14e7
0x1534	0x1535
0x1560	0x1561
0x15bf	0x15c0
0x15ce	0x15cf
0x15fa	0x15fb
0x1648	0x1649
0x1674	0x1675
0x16fe	0x16ff
0x172a	0x172b
0x1778	0x1779
0x17a4	0x17a5
0x1826	0x1827
0x1852	0x1853
0x189e	0x189f
0x18ca	0x18cb
0x1918	0x1919
0x1944	0x1945
0x19da	0x19db
0x1a06	0x1a07
0x1a82	0x1a83
0x1adc	0x1add
0x1b08	0x1b09
0x1b72	0x1b73
0x1ba0	0x1ba1
0x1bf6	0x1bf7
0x1c22	0x1c23
0x1c90	0x1c91
0x1cbc	0x1cbd
0x1d1c	0x1d1d
0x1d48	0x1d49
0x1db6	0x1db7
0x1de2	0x1de3
0x1e34	0x1e35
0x1e62	0x1e63
0x1e8e	0x1e8f
0x1f26	0x1f27
0x1f52	0x1f53
0x1fa0	0x1fa1
0x1fcc	0x1fcd
0x203c	0x203d
0x2068	0x2069
0x20b6	0x20b7
0x20e2	0x20e3
0x2134	0x2135
0x2162	0x2163
0x218e	0x218f
0x21da	0x21db
0x2206	0x2207
0x2253	0x2254
0x2254	0x2255
0x2280	0x2281
0x2316	0x2317
0x2342	0x2343
0x2390	0x2391
0x23bc	0x23bd
0x242d	0x242e
0x2469	0x246a
0x2486	0x2487
0x248a	0x248b
0x5c	0x5d
0x87	0x88
0x120	0x121
0x13a	0x13b
0x1d6	0x1d7
0x1de	0x1df
0x1e6	0x1e7
0x21c	0x21d
0x232	0x233
0x236	0x237
0x23c	0x23d
0x271	0x272
0x27e	0x27f
0x296	0x297
0x29a	0x29b
0x2be	0x2bf
0x2ce	0x2cf
0x302	0x303
0x30a	0x30b
0x30c	0x30d
0x30e	0x30f
0x310	0x311
0x316	0x317
0x31e	0x31f
0x320	0x321
0x322	0x323
0x324	0x325
0x352	0x353
0x360	0x361
0x364	0x365
0x3a8	0x3a9
0x3b6	0x3b7
0x3ba	0x3bb
0x3ee	0x3ef
0x422	0x423
0x42a	0x42b
0x42c	0x42d
0x42e	0x42f
0x430	0x431
0x462	0x463
0x46a	0x46b
0x46c	0x46d
0x46e	0x46f
0x470	0x471
0x476	0x477
0x47e	0x47f
0x480	0x481
0x482	0x483
0x484	0x485
0x4b2	0x4b3
0x4c0	0x4c1
0x4c4	0x4c5
0x4e9	0x4ea
0x508	0x509
0x516	0x517
0x51a	0x51b
0x52a	0x52b
0x56a	0x56b
0x578	0x579
0x57c	0x57d
0x5b0	0x5b1
0x5e4	0x5e5
0x5ec	0x5ed
0x5ee	0x5ef
0x5f0	0x5f1
0x5f2	0x5f3
0x5f8	0x5f9
0x600	0x601
0x602	0x603
0x604	0x605
0x606	0x607
0x634	0x635
0x642	0x643
0x646	0x647
0x67a	0x67b
0x6ae	0x6af
0x6b6	0x6b7
0x6b8	0x6b9
0x6ba	0x6bb
0x6bc	0x6bd
0x6e2	0x6e3
0x6f0	0x6f1
0x6f4	0x6f5
0x718	0x719
0x750	0x751
0x758	0x759
0x760	0x761
0x796	0x797
0x7ac	0x7ad
0x7b0	0x7b1
0x7b6	0x7b7
0x7eb	0x7ec
0x7f8	0x7f9
0x810	0x811
0x814	0x815
0x848	0x849
0x87c	0x87d
0x884	0x885
0x886	0x887
0x888	0x889
0x88a	0x88b
0x890	0x891
0x898	0x899
0x89a	0x89b
0x89c	0x89d
0x89e	0x89f
0x8cc	0x8cd
0x8da	0x8db
0x8de	0x8df
0x912	0x913
0x946	0x947
0x94e	0x94f
0x950	0x951
0x952	0x953
0x954	0x955
0x95a	0x95b
0x962	0x963
0x964	0x965
0x966	0x967
0x968	0x969
0x996	0x997
0x9a4	0x9a5
0x9a8	0x9a9
0x9dc	0x9dd
0xa10	0xa11
0xa18	0xa19
0xa1a	0xa1b
0xa1c	0xa1d
0xa1e	0xa1f
0xa50	0xa51
0xa58	0xa59
0xa5a	0xa5b
0xa5c	0xa5d
0xa5e	0xa5f
0xa84	0xa85
0xa92	0xa93
0xa96	0xa97
0xaa4	0xaa5
0xacd	0xace
0xb80	0xb81
0xbfa	0xbfb
0xc0e	0xc0f
0xc9f	0xca0
0xcc8	0xcc9
0xcd6	0xcd7
0xcda	0xcdb
0xce2	0xce3
0xce6	0xce7
0xce8	0xce9
0xcfc	0xcfd
0xd00	0xd01
0xd74	0xd75
0xe10	0xe11
0xe8a	0xe8b
0xf24	0xf25
0xfa4	0xfa5
0xfc0	0xfc1
0xfc2	0xfc3
0x103e	0x103f
0x1052	0x1053
0x10ca	0x10cb
0x10e4	0x10e5
0x10e6	0x10e7
0x10e8	0x10e9
0x1164	0x1165
0x1178	0x1179
0x1181	0x1182
0x11f2	0x11f3
0x126c	0x126d
0x1288	0x1289
0x128a	0x128b
0x1308	0x1309
0x1382	0x1383
0x1396	0x1397
0x1408	0x1409
0x141a	0x141b
0x1450	0x1451
0x145e	0x145f
0x1462	0x1463
0x146a	0x146b
0x146e	0x146f
0x1470	0x1471
0x151c	0x151d
0x1596	0x1597
0x15aa	0x15ab
0x1630	0x1631
0x16aa	0x16ab
0x16be	0x16bf
0x16e0	0x16e1
0x16e2	0x16e3
0x1760	0x1761
0x17da	0x17db
0x17ee	0x17ef
0x1881	0x1882
0x1900	0x1901
0x197a	0x197b
0x19a2	0x19a3
0x19b0	0x19b1
0x19b4	0x19b5
0x19bc	0x19bd
0x19c2	0x19c3
0x19c4	0x19c5
0x1a3c	0x1a3d
0x1a50	0x1a51
0x1a54	0x1a55
0x1a56	0x1a57
0x1a66	0x1a67
0x1b3e	0x1b3f
0x1c58	0x1c59
0x1c74	0x1c75
0x1c76	0x1c77
0x1cf2	0x1cf3
0x1d06	0x1d07
0x1d7e	0x1d7f
0x1d98	0x1d99
0x1d9a	0x1d9b
0x1d9c	0x1d9d
0x1e18	0x1e19
0x1e2c	0x1e2d
0x1e9e	0x1e9f
0x1eb0	0x1eb1
0x1ee6	0x1ee7
0x1ef4	0x1ef5
0x1ef8	0x1ef9
0x1f00	0x1f01
0x1f04	0x1f05
0x1f06	0x1f07
0x1f88	0x1f89
0x2002	0x2003
0x201c	0x201d
0x201e	0x201f
0x2020	0x2021
0x209e	0x209f
0x2118	0x2119
0x212c	0x212d
0x21bd	0x21be
0x223c	0x223d
0x22b6	0x22b7
0x22de	0x22df
0x22ec	0x22ed
0x22f0	0x22f1
0x22f8	0x22f9
0x22fc	0x22fd
0x22fe	0x22ff
0x2378	0x2379
0x23f2	0x23f3
0x2406	0x2407
0x240a	0x240b
0x240c	0x240d
0x2438	0x2439
0x243c	0x243d
0x243e	0x243f
0x2452	0x2453
0x2474	0x2475
0x2476	0x2477
