0x16	0x343537
0x21	0x30313030
0x66	0x64646530333134
0x72	0x393537
0x7d	0x613762333134
0x95	0x6464313436
0x9e	0x633537
0xa8	0x383732
0xac	0x6431343631
0xb4	0x373537383036
0xbf	0x65353637
0xcb	0x3537
0xd7	0x36383134
0xe0	0x6235
0xea	0x3038
0xf6	0x65353738303633
0x100	0x63363739
0x116	0x3839623431
0x122	0x3635373830
0x12a	0x3930
0x12f	0x62623134
0x140	0x61653963
0x145	0x3531
0x14e	0x3935373830
0x156	0x6436326564
0x15d	0x313436313035
0x164	0x333537356236
0x170	0x64356233343830
0x17e	0x35353736
0x188	0x64356235303631
0x192	0x65363130
0x19d	0x363034
0x1e7	0x383338
0x1f5	0x353738303832
0x218	0x33353635623530
0x235	0x31363830313536
0x241	0x353738
0x261	0x3033
0x277	0x353039
0x290	0x33356233343830
0x2a8	0x64356235303631
0x2b2	0x3236
0x2cd	0x35373630
0x2d6	0x64356238313031
0x2e8	0x66666666666666
0x2f0	0x66666666666666
0x2f8	0x66666666666666
0x300	0x66666666666666
0x308	0x66666666666666
0x345	0x363034
0x376	0x33356233343830
0x384	0x38353736
0x38e	0x64356235303631
0x398	0x3136313037
0x39e	0x38353635623630
0x3cc	0x33356233343830
0x3da	0x33353736303030
0x3e4	0x64356235303631
0x409	0x3537
0x412	0x64356238313031
0x424	0x66666666666666
0x42c	0x66666666666666
0x434	0x66666666666666
0x43c	0x66666666666666
0x444	0x66666666666666
0x464	0x66666666666666
0x46c	0x66666666666666
0x474	0x66666666666666
0x47c	0x66666666666666
0x484	0x66666666666666
0x4bc	0x65353635623630
0x4f2	0x33356233343830
0x50a	0x64356235303631
0x515	0x36313039326235
0x51f	0x363034
0x52c	0x66313636306666
0x554	0x33356233343830
0x562	0x373537
0x56c	0x64356235303631
0x576	0x343630303438
0x590	0x65353736
0x59a	0x64356238313031
0x5c5	0x353635623630
0x5fa	0x33356233343830
0x609	0x3537
0x612	0x64356235303631
0x61d	0x3630303438
0x640	0x64356238313031
0x652	0x66666666666666
0x65a	0x66666666666666
0x662	0x66666666666666
0x66a	0x66666666666666
0x672	0x66666666666666
0x695	0x3432
0x69b	0x363034
0x6c4	0x33356233343830
0x6d3	0x35373630303038
0x6dc	0x64356235303631
0x6e6	0x633630
0x70a	0x64356238313031
0x71c	0x66666666666666
0x724	0x66666666666666
0x72c	0x66666666666666
0x734	0x66666666666666
0x73c	0x66666666666666
0x773	0x3561
0x779	0x363034
0x7aa	0x33356233343830
0x7b8	0x323537363030
0x7c2	0x64356235303631
0x7cc	0x623631306337
0x7d7	0x363034
0x821	0x383338
0x82f	0x353738
0x857	0x353035
0x86f	0x31363830313536
0x89b	0x3033
0x8b1	0x353039
0x8ca	0x33356233343830
0x8e2	0x64356235303631
0x8ec	0x663630
0x910	0x64356238313031
0x922	0x66666666666666
0x92a	0x66666666666666
0x932	0x66666666666666
0x93a	0x66666666666666
0x942	0x66666666666666
0x979	0x3132353635
0x97f	0x363034
0x9b0	0x33356233343830
0x9be	0x353537363030
0x9c8	0x64356235303631
0x9d2	0x39363030
0x9ec	0x63353736303030
0x9f6	0x64356238313031
0xa08	0x66666666666666
0xa10	0x66666666666666
0xa18	0x66666666666666
0xa20	0x66666666666666
0xa28	0x66666666666666
0xa84	0x64356238323031
0xaa8	0x64356238303335
0xaec	0x64356239313930
0xafb	0x30313630323038
0xb53	0x31393630316638
0xb8d	0x3239353635
0xb93	0x363034
0xbc4	0x33356233343830
0xbd2	0x663537363030
0xbdc	0x64356235303631
0xc0a	0x64356238313031
0xc1c	0x66666666666666
0xc24	0x66666666666666
0xc2c	0x66666666666666
0xc34	0x66666666666666
0xc3c	0x66666666666666
0xc5c	0x66666666666666
0xc64	0x66666666666666
0xc6c	0x66666666666666
0xc74	0x66666666666666
0xc7c	0x66666666666666
0xc9f	0x616435363562
0xcce	0x33356236303030
0xd01	0x30313630323038
0xd6c	0x65353738303630
0xd75	0x31303631303664
0xda2	0x65353635623832
0xdc3	0x383135
0xde6	0x313537383239
0xdf3	0x31363832303139
0xdfd	0x353035
0xe0d	0x363030
0xe20	0x66666666666666
0xe28	0x66666666666666
0xe30	0x66666666666666
0xe38	0x66666666666666
0xe40	0x66666666666666
0xe4c	0x66666666666666
0xe54	0x66666666666666
0xe5c	0x66666666666666
0xe64	0x66666666666666
0xe6c	0x66666666666666
0xe9a	0x66666666666666
0xea2	0x66666666666666
0xeaa	0x66666666666666
0xeb2	0x66666666666666
0xeba	0x66666666666666
0xec6	0x66666666666666
0xece	0x66666666666666
0xed6	0x66666666666666
0xede	0x66666666666666
0xee6	0x66666666666666
0xf18	0x66666666666666
0xf20	0x66666666666666
0xf28	0x66666666666666
0xf30	0x66666666666666
0xf38	0x66666666666666
0xf46	0x66666666666666
0xf4e	0x66666666666666
0xf56	0x66666666666666
0xf5e	0x66666666666666
0xf66	0x66666666666666
0xf71	0x38633562653165
0xf7a	0x626563376435
0xf81	0x643134
0xf85	0x37313432376431
0xf8d	0x383466336464
0xf98	0x30663762
0xfa1	0x356232303061
0xfa8	0x38633763
0xfae	0x393235
0xfdc	0x3336
0xff1	0x363030
0xffd	0x363030
0x100e	0x66666666666666
0x1016	0x66666666666666
0x101e	0x66666666666666
0x1026	0x66666666666666
0x102e	0x66666666666666
0x103a	0x66666666666666
0x1042	0x66666666666666
0x104a	0x66666666666666
0x1052	0x66666666666666
0x105a	0x66666666666666
0x1088	0x66666666666666
0x1090	0x66666666666666
0x1098	0x66666666666666
0x10a0	0x66666666666666
0x10a8	0x66666666666666
0x10b4	0x66666666666666
0x10bc	0x66666666666666
0x10c4	0x66666666666666
0x10cc	0x66666666666666
0x10d4	0x66666666666666
0x110b	0x353736
0x1114	0x64356238313630
0x1126	0x66666666666666
0x112e	0x66666666666666
0x1136	0x66666666666666
0x113e	0x66666666666666
0x1146	0x66666666666666
0x1152	0x66666666666666
0x115a	0x66666666666666
0x1162	0x66666666666666
0x116a	0x66666666666666
0x1172	0x66666666666666
0x11a0	0x66666666666666
0x11a8	0x66666666666666
0x11b0	0x66666666666666
0x11b8	0x66666666666666
0x11c0	0x66666666666666
0x11cc	0x66666666666666
0x11d4	0x66666666666666
0x11dc	0x66666666666666
0x11e4	0x66666666666666
0x11ec	0x66666666666666
0x123b	0x643235363562
0x1257	0x363030
0x126d	0x3930
0x1274	0x66313638313536
0x127d	0x363030
0x1290	0x66666666666666
0x1298	0x66666666666666
0x12a0	0x66666666666666
0x12a8	0x66666666666666
0x12b0	0x66666666666666
0x12bc	0x66666666666666
0x12c4	0x66666666666666
0x12cc	0x66666666666666
0x12d4	0x66666666666666
0x12dc	0x66666666666666
0x1311	0x353736303030
0x131a	0x64356238313630
0x132c	0x66666666666666
0x1334	0x66666666666666
0x133c	0x66666666666666
0x1344	0x66666666666666
0x134c	0x66666666666666
0x1358	0x66666666666666
0x1360	0x66666666666666
0x1368	0x66666666666666
0x1370	0x66666666666666
0x1378	0x66666666666666
0x13dc	0x66666666666666
0x13e4	0x66666666666666
0x13ec	0x66666666666666
0x13f4	0x66666666666666
0x13fc	0x66666666666666
0x1407	0x63633136663564
0x140f	0x623438
0x141b	0x31656530
0x1421	0x6264303637
0x1429	0x66666363
0x1434	0x66376137
0x143a	0x3066
0x143d	0x6237356433
0x1445	0x61353833
0x1472	0x3236
0x1485	0x363030
0x14b5	0x363030
0x14c8	0x66666666666666
0x14d0	0x66666666666666
0x14d8	0x66666666666666
0x14e0	0x66666666666666
0x14e8	0x66666666666666
0x14f4	0x66666666666666
0x14fc	0x66666666666666
0x1504	0x66666666666666
0x150c	0x66666666666666
0x1514	0x66666666666666
0x1547	0x6161
0x1552	0x64356236303035
0x1562	0x66666666666666
0x156a	0x66666666666666
0x1572	0x66666666666666
0x157a	0x66666666666666
0x1582	0x66666666666666
0x158e	0x66666666666666
0x1596	0x66666666666666
0x159e	0x66666666666666
0x15a6	0x66666666666666
0x15ae	0x66666666666666
0x15dc	0x66666666666666
0x15e4	0x66666666666666
0x15ec	0x66666666666666
0x15f4	0x66666666666666
0x15fc	0x66666666666666
0x1608	0x66666666666666
0x1610	0x66666666666666
0x1618	0x66666666666666
0x1620	0x66666666666666
0x1628	0x66666666666666
0x165d	0x333535
0x1668	0x64356238313630
0x167a	0x66666666666666
0x1682	0x66666666666666
0x168a	0x66666666666666
0x1692	0x66666666666666
0x169a	0x66666666666666
0x16a6	0x66666666666666
0x16ae	0x66666666666666
0x16b6	0x66666666666666
0x16be	0x66666666666666
0x16c6	0x66666666666666
0x1714	0x66666666666666
0x171c	0x66666666666666
0x1724	0x66666666666666
0x172c	0x66666666666666
0x1734	0x66666666666666
0x1740	0x66666666666666
0x1748	0x66666666666666
0x1750	0x66666666666666
0x1758	0x66666666666666
0x1760	0x66666666666666
0x178e	0x66666666666666
0x1796	0x66666666666666
0x179e	0x66666666666666
0x17a6	0x66666666666666
0x17ae	0x66666666666666
0x17ba	0x66666666666666
0x17c2	0x66666666666666
0x17ca	0x66666666666666
0x17d2	0x66666666666666
0x17da	0x66666666666666
0x183e	0x66666666666666
0x1846	0x66666666666666
0x184e	0x66666666666666
0x1856	0x66666666666666
0x185e	0x66666666666666
0x1869	0x63633136663564
0x1871	0x623438
0x187d	0x31656530
0x1883	0x6264303637
0x188b	0x66666363
0x1896	0x66376137
0x189c	0x3066
0x189f	0x6237356433
0x18a7	0x61353833
0x18d4	0x3236
0x18e9	0x363030
0x1919	0x30313630323038
0x1983	0x3061353738
0x198d	0x31303631306364
0x1995	0x35373631303130
0x19b9	0x3061353635
0x19bf	0x383230
0x19db	0x383135
0x19fd	0x65643537
0x1a0b	0x31363832303139
0x1a15	0x353035
0x1a25	0x363030
0x1a2d	0x3166333338
0x1a39	0x643235363562
0x1a53	0x363030
0x1a63	0x3339383538
0x1a73	0x313536
0x1a79	0x613435373830
0x1a82	0x66666666666666
0x1a8a	0x66666666666666
0x1a92	0x66666666666666
0x1a9a	0x66666666666666
0x1aa2	0x66666666666666
0x1aaf	0x34666663623133
0x1ac8	0x66666666666666
0x1ad3	0x30313030
0x1b20	0x66666666666666
0x1b28	0x66666666666666
0x1b30	0x66666666666666
0x1b38	0x66666666666666
0x1b40	0x66666666666666
0x1b4c	0x66666666666666
0x1b54	0x66666666666666
0x1b5c	0x66666666666666
0x1b64	0x66666666666666
0x1b6c	0x66666666666666
0x1b90	0x66666666666666
0x1b98	0x66666666666666
0x1ba0	0x66666666666666
0x1ba8	0x66666666666666
0x1bb0	0x66666666666666
0x1bbc	0x66666666666666
0x1bc4	0x66666666666666
0x1bcc	0x66666666666666
0x1bd4	0x66666666666666
0x1bdc	0x66666666666666
0x1c31	0x383338
0x1c3d	0x333335373830
0x1c61	0x313835363562
0x1c7f	0x31363830313536
0x1c89	0x363035373830
0x1cab	0x3033
0x1cc1	0x353039
0x1ced	0x313538
0x1cf7	0x383235373630
0x1d02	0x64356235303561
0x1d0a	0x31313538303135
0x1d15	0x393635373364
0x1d23	0x336436303030
0x1d2a	0x64356235303530
0x1d43	0x613635363562
0x1d4d	0x393339
0x1d5b	0x363030
0x1da5	0x363030
0x1dac	0x66666666666666
0x1db4	0x66666666666666
0x1dbc	0x66666666666666
0x1dc4	0x66666666666666
0x1dcc	0x66666666666666
0x1dda	0x66666666666666
0x1de2	0x66666666666666
0x1dea	0x66666666666666
0x1df2	0x66666666666666
0x1dfa	0x66666666666666
0x1e0f	0x30653537363030
0x1e1a	0x64356238303630
0x1e2c	0x66666666666666
0x1e34	0x66666666666666
0x1e3c	0x66666666666666
0x1e44	0x66666666666666
0x1e4c	0x66666666666666
0x1e58	0x66666666666666
0x1e60	0x66666666666666
0x1e68	0x66666666666666
0x1e70	0x66666666666666
0x1e78	0x66666666666666
0x1eab	0x35633537363030
0x1eb6	0x64356236303034
0x1ec6	0x66666666666666
0x1ece	0x66666666666666
0x1ed6	0x66666666666666
0x1ede	0x66666666666666
0x1ee6	0x66666666666666
0x1ef2	0x66666666666666
0x1efa	0x66666666666666
0x1f02	0x66666666666666
0x1f0a	0x66666666666666
0x1f12	0x66666666666666
0x1f48	0x66666666666666
0x1f50	0x66666666666666
0x1f58	0x66666666666666
0x1f60	0x66666666666666
0x1f68	0x66666666666666
0x1f74	0x66666666666666
0x1f7c	0x66666666666666
0x1f84	0x66666666666666
0x1f8c	0x66666666666666
0x1f94	0x66666666666666
0x1fc9	0x65623537363030
0x1fd4	0x64356236303030
0x1fe8	0x66666666666666
0x1ff0	0x66666666666666
0x1ff8	0x66666666666666
0x2000	0x66666666666666
0x2008	0x66666666666666
0x2014	0x66666666666666
0x201c	0x66666666666666
0x2024	0x66666666666666
0x202c	0x66666666666666
0x2034	0x66666666666666
0x2068	0x66666666666666
0x2070	0x66666666666666
0x2078	0x66666666666666
0x2080	0x66666666666666
0x2088	0x66666666666666
0x2094	0x66666666666666
0x209c	0x66666666666666
0x20a4	0x66666666666666
0x20ac	0x66666666666666
0x20b4	0x66666666666666
0x20f0	0x66666666666666
0x20f8	0x66666666666666
0x2100	0x66666666666666
0x2108	0x66666666666666
0x2110	0x66666666666666
0x211c	0x66666666666666
0x2124	0x66666666666666
0x212c	0x66666666666666
0x2134	0x66666666666666
0x213c	0x66666666666666
0x218a	0x66666666666666
0x2192	0x66666666666666
0x219a	0x66666666666666
0x21a2	0x66666666666666
0x21aa	0x66666666666666
0x21b6	0x66666666666666
0x21be	0x66666666666666
0x21c6	0x66666666666666
0x21ce	0x66666666666666
0x21d6	0x66666666666666
0x221a	0x66666666666666
0x2222	0x66666666666666
0x222a	0x66666666666666
0x2232	0x66666666666666
0x223a	0x66666666666666
0x2248	0x66666666666666
0x2250	0x66666666666666
0x2258	0x66666666666666
0x2260	0x66666666666666
0x2268	0x66666666666666
0x2273	0x64646632353261
0x227b	0x3162653263
0x2283	0x363963
0x2288	0x303638
0x228c	0x63333738646161
0x2297	0x613766
0x229e	0x34613131
0x22a6	0x35356134646635
0x22b0	0x336566
0x22de	0x3338
0x22ee	0x66666666666666
0x22f6	0x66666666666666
0x22fe	0x66666666666666
0x2306	0x66666666666666
0x230e	0x66666666666666
0x231a	0x66666666666666
0x2322	0x66666666666666
0x232a	0x66666666666666
0x2332	0x66666666666666
0x233a	0x66666666666666
0x236e	0x66666666666666
0x2376	0x66666666666666
0x237e	0x66666666666666
0x2386	0x66666666666666
0x238e	0x66666666666666
0x239a	0x66666666666666
0x23a2	0x66666666666666
0x23aa	0x66666666666666
0x23b2	0x66666666666666
0x23ba	0x66666666666666
0x23ee	0x61353766653562
0x2400	0x65613136353632
0x2409	0x3761
0x2414	0x65653633
0x241a	0x333963
0x241e	0x33663830
0x2428	0x3536353764
0x2430	0x6132353034
0x2436	0x61656663
0x243b	0x3232373533
0x2441	0x383363353735
0x2448	0x38613862346665
0x2451	0x323030303239
