0x16	0x353537363366
0x1d	0x66666666666637
0x25	0x30313030
0x6e	0x64646530333831
0x7c	0x613537383036
0x87	0x613762333134
0x9f	0x6464313436
0xa8	0x6335
0xb2	0x383732
0xb6	0x6431343631
0xbe	0x3335373830
0xc7	0x33343233623831
0xd4	0x64353738303633
0xdf	0x65353637
0xf6	0x386662
0x117	0x3537
0x122	0x66316431343631
0x12d	0x353738303633
0x136	0x3038
0x142	0x623537
0x14c	0x3839623431
0x158	0x6335373830
0x160	0x3930
0x165	0x62623134
0x16e	0x31353738303633
0x176	0x65386430
0x17d	0x3134363130
0x18c	0x3733646436
0x1a2	0x6436326564
0x1a9	0x313436313033
0x1b1	0x3537
0x1b8	0x333364323864
0x1cb	0x363030
0x1d2	0x64356233343830
0x1e0	0x36353736303030
0x1ea	0x64356235303631
0x1f4	0x66363130336364
0x1ff	0x363034
0x243	0x383338
0x273	0x353035
0x28b	0x31363830313536
0x2b7	0x3033
0x2cd	0x353039
0x2e6	0x33356233343830
0x2fe	0x64356235303631
0x310	0x3036
0x317	0x3033
0x331	0x363034
0x356	0x33356233343830
0x364	0x383537
0x36e	0x64356235303631
0x378	0x31363130
0x37f	0x353635
0x383	0x363034
0x3a4	0x33356233343830
0x3b2	0x6635373630
0x3bc	0x64356235303631
0x3ce	0x3036
0x3d5	0x3033
0x3fb	0x333438
0x410	0x64356235303631
0x422	0x3036
0x429	0x3033
0x44a	0x383536356233
0x464	0x64356235303631
0x46f	0x36313036
0x479	0x363034
0x484	0x66393039323136
0x4a2	0x33356233343830
0x4b1	0x353736303030
0x4ba	0x64356235303631
0x4d1	0x35363562
0x4ea	0x64356235303631
0x4fc	0x3036
0x503	0x3033
0x51d	0x333438
0x529	0x3537
0x532	0x64356235303631
0x544	0x3036
0x54b	0x3033
0x577	0x333438
0x582	0x37353736
0x58c	0x64356235303631
0x596	0x31363030
0x59e	0x3036
0x5a5	0x3033
0x5b3	0x303135363562
0x5c4	0x383537363030
0x5ce	0x64356235303631
0x5d8	0x66363130653163
0x5e3	0x333438
0x5ee	0x64353736303030
0x5f8	0x64356235303631
0x60a	0x3036
0x611	0x3033
0x625	0x353335363562
0x640	0x64356235303631
0x652	0x3036
0x659	0x3033
0x667	0x33343536356233
0x682	0x64356235303631
0x694	0x3036
0x69b	0x3033
0x6b5	0x333438
0x6ca	0x64356235303631
0x6d4	0x31363030
0x6dc	0x3036
0x6e3	0x3033
0x6ff	0x353635623334
0x70f	0x3537363030
0x718	0x64356235303631
0x722	0x3236
0x72a	0x3036
0x731	0x3033
0x745	0x363034
0x792	0x3030
0x798	0x33356236303430
0x7b9	0x34643538343335
0x7c3	0x36623635366530
0x809	0x333336
0x834	0x3036
0x83b	0x3033
0x875	0x38633562653165
0x87e	0x626563376435
0x885	0x643134
0x889	0x37313432376431
0x891	0x383466336464
0x89c	0x30663762
0x8a5	0x356232303061
0x8ac	0x38633763
0x8b2	0x393235
0x8c2	0x3335
0x8cb	0x393239
0x8d7	0x363030
0x8e3	0x363030
0x8ee	0x3036
0x8f5	0x3033
0x90e	0x64356236303031
0x918	0x3036
0x91f	0x3033
0x94e	0x6435
0x958	0x64356236303031
0x962	0x3036
0x969	0x3033
0x9ae	0x6435373630
0x9b8	0x64356236303031
0x9c2	0x3036
0x9c9	0x3033
0x9fa	0x66666666666666
0xa06	0x333136
0xa0d	0x363030
0xa14	0x3036
0xa1b	0x3033
0xa5d	0x393038
0xa64	0x66666666666666
0xa70	0x35313635
0xa77	0x363030
0xa7e	0x3036
0xa85	0x3033
0xae1	0x3930383336
0xae8	0x66666666666666
0xaf4	0x333136
0xafb	0x363030
0xb02	0x3036
0xb09	0x3033
0xb69	0x64646632353261
0xb71	0x3162653263
0xb79	0x363963
0xb7e	0x303638
0xb82	0x63333738646161
0xb8d	0x613766
0xb94	0x34613131
0xb9c	0x35356134646635
0xba6	0x336566
0xbbc	0x3335
0xbd1	0x363030
0xbdb	0x383538353432
0xbf5	0x3030363366
0xbfb	0x66666666666636
0xc06	0x3231363536
0xc0d	0x343239
0xc14	0x66666666666666
0xc20	0x35313635
0xc27	0x363130
0xc3b	0x3030363366
0xc41	0x66666666666636
0xc4c	0x3231363536
0xc53	0x363130
0xc5d	0x393539
0xc6f	0x363031
0xc79	0x333336
0xca6	0x3036
0xcad	0x3033
0xcc6	0x64356236303030
0xcd6	0x633537
0xce4	0x353630303230
0xceb	0x3632
0xcf1	0x636430
0xd17	0x34653666373436
0xd23	0x363732303734
0xd2b	0x32303734373236
0xd35	0x373336363635
0xd3f	0x303030303030
0xd76	0x64356233333630
0xdae	0x353630303230
0xdb5	0x3632
0xdbb	0x636430
0xde1	0x34653666373436
0xded	0x363732303734
0xdf5	0x32303732363537
0xe03	0x326530303030
0xe40	0x64356233333630
0xe7a	0x66666666666666
0xe86	0x333136
0xe8d	0x383331
0xe98	0x33353736
0xea6	0x353630303230
0xead	0x3632
0xeb3	0x636430
0xed9	0x34653666373432
0xee5	0x366637353637
0xef7	0x373436353634
0xf03	0x36623635366532
0xf0f	0x32303732363537
0xf25	0x37323665326530
0xf84	0x64356233333630
0xfac	0x333930383436
0xfb4	0x66666666666666
0xfc0	0x333136
0xfc7	0x333336
0xffa	0x3036
0x1001	0x3033
0x101b	0x3930
0x1022	0x66666666666666
0x102e	0x35313635
0x1035	0x363030
0x103c	0x3036
0x1043	0x3033
0x1089	0x36613336326633
0x1091	0x37376335626336
0x1099	0x3163396364
0x10a0	0x336433633066
0x10a8	0x3033633564
0x10af	0x353034623537
0x10b7	0x35626262
0x10c1	0x6637
0x10c5	0x353665633932
0x10da	0x3335
0x10ed	0x333336
0x1118	0x3036
0x111f	0x3033
0x1142	0x62353733
0x1170	0x3036
0x1177	0x3033
0x1197	0x363130
0x119c	0x6238313834
0x11a4	0x66666666666666
0x11b0	0x333136
0x11b7	0x333336
0x11e2	0x3036
0x11e9	0x3033
0x1201	0x333336
0x122c	0x3036
0x1233	0x3033
0x1265	0x38633562653165
0x126e	0x626563376435
0x1275	0x643134
0x1279	0x37313432376431
0x1281	0x383466336464
0x128c	0x30663762
0x1295	0x356232303061
0x129c	0x38633763
0x12a2	0x393235
0x12b8	0x3335
0x12cd	0x363030
0x12d8	0x3036
0x12df	0x3033
0x12ef	0x3537363030
0x12f8	0x64356233333630
0x1325	0x3061
0x1334	0x353630303230
0x133b	0x3632
0x1341	0x636430
0x1367	0x34653666373432
0x1373	0x366637353637
0x1383	0x36313665
0x1391	0x32303637373236
0x139b	0x373432303734
0x13a3	0x36623635363034
0x13b3	0x36653265303030
0x1412	0x64356236303030
0x1421	0x3632
0x1430	0x353630303230
0x1437	0x3632
0x143d	0x636430
0x1463	0x34653666373436
0x146f	0x363732303734
0x1477	0x32303734373236
0x1481	0x373336363635
0x148b	0x303030303030
0x14c2	0x64356236303031
0x14cc	0x3036
0x14d3	0x3033
0x1507	0x3930
0x150e	0x66666666666666
0x151a	0x333136
0x1521	0x313536
0x1527	0x306235
0x1536	0x353630303230
0x153d	0x3632
0x1543	0x636430
0x1569	0x35343638363532
0x157d	0x37353733323037
0x158f	0x363732303733
0x1599	0x37353663363432
0x15b5	0x36663664373036
0x15bd	0x36353734
0x15c7	0x303030303030
0x1614	0x64356238333833
0x1623	0x363335
0x1632	0x353630303230
0x1639	0x3632
0x163f	0x636430
0x1665	0x35663633366336
0x1675	0x3735373337
0x1685	0x336432303566
0x16c4	0x64356238333832
0x16d1	0x653035
0x16e0	0x353630303230
0x16e7	0x3632
0x16ed	0x636430
0x1713	0x35663736363537
0x1721	0x363732303664
0x174b	0x323035663733
0x175f	0x36313732373430
0x17be	0x64356238323832
0x17cb	0x35643537
0x17da	0x353630303230
0x17e1	0x3632
0x17e7	0x636430
0x180d	0x35663736363537
0x181b	0x363732303664
0x1845	0x323035663633
0x184d	0x36303434
0x1859	0x36393636363630
0x18b8	0x64356233333630
0x18df	0x37643930
0x18e8	0x66666666666666
0x18f4	0x333136
0x18fb	0x363030
0x190a	0x3036
0x1911	0x3033
0x191c	0x3036
0x1923	0x3033
0x194e	0x303630343035
0x1984	0x66666631363831
0x19c0	0x3036
0x19c7	0x3033
0x19e2	0x3036
0x19e9	0x3033
0x19f4	0x3036
0x19fb	0x3033
0x1a61	0x3831
0x1a6a	0x66666630323139
0x1a7a	0x66666631363032
0x1ab4	0x3038
0x1ac8	0x30383230
0x1ae3	0x3831
0x1af0	0x3036
0x1af7	0x3033
0x1b0a	0x3036
0x1b11	0x3033
0x1b2e	0x3036
0x1b35	0x3033
0x1b42	0x3036
0x1b49	0x3033
0x1b4f	0x37323162303063
0x1b58	0x39346330
0x1b5e	0x30393232613736
0x1b6a	0x62333533
0x1b70	0x393137373736
0x1b77	0x6461
0x1b7e	0x63373865
0x1b86	0x6362
0x1b89	0x6133313932
0x1b8f	0x383738373837
0x1bea	0x3335
0x1c03	0x363030
0x1c0a	0x3036
0x1c11	0x3033
0x1c39	0x363034
0x1c57	0x34643538343330
0x1ca7	0x363030
0x1cb2	0x3036
0x1cb9	0x3033
0x1cc7	0x366135373630
0x1cd2	0x64356233333630
0x1cff	0x383635373630
0x1d0a	0x64356233333630
0x1d31	0x613639303833
0x1d3a	0x66666666666666
0x1d46	0x333136
0x1d4d	0x333336
0x1d7c	0x3036
0x1d83	0x3033
0x1d95	0x643839303833
0x1d9e	0x66666666666666
0x1daa	0x35313635
0x1db1	0x363030
0x1db8	0x3036
0x1dbf	0x3033
0x1e05	0x64646632353261
0x1e0d	0x3162653263
0x1e15	0x363963
0x1e1a	0x303638
0x1e1e	0x63333738646161
0x1e29	0x613766
0x1e30	0x34613131
0x1e38	0x35356134646635
0x1e42	0x336566
0x1e56	0x3335
0x1e69	0x363030
0x1e7c	0x3036
0x1e83	0x3033
0x1e91	0x34663537363030
0x1e9c	0x64356236303031
0x1ea6	0x3036
0x1ead	0x3033
0x1ed7	0x65323537363034
0x1ee6	0x353630303230
0x1eed	0x3632
0x1ef3	0x636430
0x1f17	0x34653666373436
0x1f23	0x363732303737
0x1f37	0x373436353634
0x1f43	0x32303734363836
0x1f63	0x36353733373332
0x1fc2	0x64356236303031
0x1fcc	0x3036
0x1fd3	0x3033
0x201a	0x353630303230
0x2021	0x3632
0x2027	0x636430
0x204d	0x34313663366332
0x2059	0x36623635366537
0x20ac	0x64356236313130
0x20bc	0x62353635623931
0x20dc	0x663537
0x20ea	0x353630303230
0x20f1	0x3632
0x20f7	0x636430
0x211d	0x34653666373436
0x2129	0x363732303734
0x2131	0x32303732363536
0x213f	0x3230366536
0x2145	0x37373265303030
0x217c	0x64356235303630
0x2188	0x3036
0x218f	0x3033
0x21cc	0x33393038353633
0x21d4	0x66666666666666
0x21e0	0x35313635
0x21e7	0x363030
0x21ee	0x3036
0x21f5	0x3033
0x2230	0x66666666666666
0x223c	0x35313635
0x2243	0x363030
0x225c	0x66666638303832
0x226e	0x66666631393930
0x22b4	0x3036
0x22bb	0x3033
0x22c5	0x37376132663931
0x22cd	0x6461303264
0x22d4	0x65396332
0x22dc	0x62373833
0x22e5	0x3239353731
0x22ec	0x3633
0x22f3	0x353838
0x22f7	0x3935
0x22fa	0x38383463353337
0x2303	0x323239
0x2312	0x3235
0x232b	0x333336
0x2356	0x3036
0x235d	0x3033
0x2378	0x39393038
0x2380	0x66666666666666
0x238c	0x35313635
0x2393	0x333336
0x23be	0x3036
0x23c5	0x3033
0x23f7	0x38633562653165
0x2400	0x626563376435
0x2407	0x643134
0x240b	0x37313432376431
0x2413	0x383466336464
0x241e	0x30663762
0x2427	0x356232303061
0x242e	0x38633763
0x2434	0x393235
0x244a	0x3335
0x245d	0x363030
0x2464	0x3036
0x246b	0x3033
0x24b3	0x363030
0x24c6	0x3036
0x24cd	0x3033
0x24e6	0x64356235303530
0x24f8	0x3036
0x24ff	0x3033
0x2567	0x363030
0x2578	0x663537
0x257c	0x65356235303930
0x258b	0x383138
0x25a2	0x65356236303030
0x25b4	0x333537353036
0x25c7	0x353038
0x25e0	0x33353766653562
0x25f4	0x65356236303031
0x25fe	0x3036
0x2605	0x3033
0x2654	0x353630303230
0x265b	0x3632
0x2661	0x636430
0x2685	0x34653666373436
0x2691	0x363732303737
0x26a5	0x373436353634
0x26b1	0x32303734363836
0x26d1	0x36353733373332
0x26d9	0x303030303030
0x2730	0x64356236303031
0x273a	0x3036
0x2741	0x3033
0x2774	0x37353736
0x278a	0x3235
0x278f	0x363030
0x2796	0x3036
0x279d	0x3033
0x27cf	0x3030393036
0x27d8	0x61393038363930
0x27e2	0x66666666666666
0x27ee	0x333136
0x27f5	0x383131
0x2804	0x65356236303031
0x280e	0x3036
0x2815	0x3033
0x2858	0x66666631363633
0x2860	0x66666666666666
0x286c	0x333136
0x2873	0x363030
0x287a	0x3036
0x2881	0x3033
0x28c4	0x3036
0x28cb	0x3033
0x2901	0x39313633
0x2906	0x66666666666666
0x2912	0x333136
0x2919	0x393535
0x2922	0x3235
0x2927	0x363030
0x2936	0x3235
0x2940	0x3036
0x2947	0x3033
0x2989	0x3030393136
0x2992	0x3639313930
0x299a	0x66666666666666
0x29a6	0x333136
0x29ad	0x383131
0x29b8	0x6635376665
0x29bf	0x363030
0x29c6	0x3036
0x29cd	0x3033
0x2a01	0x3930383436
0x2a08	0x66666666666666
0x2a14	0x6331
0x2a1b	0x393035
0x2a25	0x38353832363366
0x2a2d	0x66666666666636
0x2a38	0x3231363536
0x2a3f	0x363030
0x2a46	0x3036
0x2a4d	0x3033
0x2a83	0x393038373633
0x2a8a	0x66666666666666
0x2a96	0x35313635
0x2a9d	0x363030
0x2aa4	0x3036
0x2aab	0x3033
0x2ae0	0x3235
0x2aea	0x3036
0x2af1	0x3033
0x2b27	0x39313633666666
0x2b2f	0x66666666363131
0x2b38	0x333136
0x2b3f	0x393535
0x2b45	0x353035
0x2b59	0x363030
0x2b6c	0x393537
0x2b70	0x65356230343933
0x2b84	0x3136
0x2b8b	0x3761
0x2b99	0x393636
0x2b9f	0x633638
0x2ba5	0x366632643266
0x2bae	0x363239
0x2bb4	0x6536643936
0x2bc1	0x31333939393666
0x2bd2	0x35613230303239
