0x16	0x323537363366
0x1d	0x66666666666636
0x26	0x303630303230
0x2d	0x3630
0x3c	0x64646530333831
0x4a	0x373537383036
0x55	0x613762333134
0x6a	0x6634
0x76	0x3735
0x83	0x6464313436
0x8c	0x38353738
0x98	0x3135
0xa2	0x643537383036
0xad	0x62373333
0xc2	0x383732
0xc6	0x6431343631
0xd9	0x65353637
0xee	0x3732366436
0xfa	0x393537
0x106	0x39376331343631
0x110	0x63353738
0x11a	0x3038
0x132	0x343136313436
0x145	0x6135636235
0x14b	0x313436
0x153	0x35373830363339
0x15c	0x3839623431
0x168	0x6535
0x170	0x3930
0x175	0x62623134
0x17e	0x31353738
0x186	0x6338
0x18c	0x653134363130
0x194	0x333537383036
0x19c	0x6436326564
0x1a3	0x313436313035
0x1b2	0x63666666313666
0x1c5	0x363030
0x1cc	0x64356233343135
0x1d8	0x32353736303030
0x1e2	0x64356236313030
0x1ea	0x61363130353361
0x1f5	0x363034
0x23d	0x383338
0x269	0x353635623530
0x285	0x31363830313536
0x2b1	0x3033
0x2c7	0x353039
0x2e0	0x33356233343135
0x2ed	0x35373630
0x2f6	0x64356236313031
0x306	0x3036
0x30d	0x3033
0x322	0x3835363562
0x34c	0x33356233343135
0x358	0x323537
0x362	0x64356236313031
0x36a	0x36363030
0x372	0x3036
0x379	0x3033
0x38d	0x303035
0x391	0x333431
0x39a	0x3335373630
0x3a4	0x64356236313031
0x3ac	0x6236313036
0x3b2	0x3035363562
0x3d8	0x33356233343135
0x3e4	0x38353736303030
0x3ee	0x64356236313032
0x401	0x363034
0x40e	0x3036
0x415	0x3033
0x460	0x33356233343135
0x46d	0x35373630
0x476	0x64356236313032
0x485	0x35363562363034
0x496	0x3036
0x49d	0x3033
0x4ce	0x33356233343135
0x4e4	0x64356236313031
0x4f4	0x3036
0x4fb	0x3033
0x521	0x333431
0x52b	0x353736
0x534	0x64356236313032
0x53c	0x3336
0x543	0x3536
0x547	0x363034
0x550	0x66393039313136
0x570	0x33356233343135
0x57c	0x34353736
0x586	0x64356236313031
0x599	0x333431
0x5a2	0x3735373630
0x5ac	0x64356236313032
0x5b4	0x6636313062
0x5ba	0x333536
0x5bf	0x363034
0x604	0x33356233343135
0x611	0x353736303030
0x61a	0x64356236313031
0x622	0x6236303031
0x62a	0x3036
0x631	0x3033
0x63f	0x30343536
0x645	0x333431
0x64f	0x3537363030
0x658	0x64356236313033
0x665	0x31663536
0x66b	0x363034
0x6c5	0x383338
0x6d3	0x3537
0x6f5	0x353035
0x70d	0x31363830313536
0x718	0x3735
0x739	0x3033
0x74f	0x353038
0x78b	0x383338
0x798	0x6435373830
0x7b6	0x35353635
0x7bb	0x353035
0x7d3	0x31363830313536
0x7df	0x3537
0x7ff	0x3033
0x815	0x353038
0x851	0x383338
0x881	0x353035
0x899	0x31363830313536
0x8a5	0x3537383038
0x8c5	0x3033
0x8db	0x353039
0x8fc	0x33356233343135
0x909	0x3537
0x912	0x64356236313034
0x91f	0x6666353635
0x925	0x363034
0x932	0x3036
0x939	0x3033
0x95a	0x33356233343135
0x966	0x393537
0x970	0x64356236313030
0x978	0x61363130653065
0x983	0x333431
0x98c	0x63353736
0x996	0x64356236313031
0x9a6	0x3036
0x9ad	0x3033
0x9c1	0x373935363562
0x9d0	0x653537363030
0x9da	0x64356236313031
0x9ea	0x3036
0x9f1	0x3033
0x9ff	0x386435363562
0xa0f	0x3537363030
0xa18	0x64356236313031
0xa20	0x6236303031
0xa28	0x3036
0xa2f	0x3033
0xa49	0x646235363562
0xa62	0x64356236313031
0xa6f	0x30363536356236
0xaa5	0x30313630323038
0xb10	0x3035373830
0xb19	0x31303631303561
0xb46	0x3035363562
0xb67	0x383135
0xb8a	0x333537
0xb97	0x31363832303139
0xba1	0x353035
0xbb1	0x363030
0xbb5	0x35343630303039
0xbc0	0x66313631353135
0xbcc	0x633537363030
0xbd6	0x64356236303031
0xbe0	0x3036
0xbe7	0x3033
0xc35	0x38633562653165
0xc3e	0x626563376435
0xc45	0x643134
0xc49	0x37313432376431
0xc51	0x383466336464
0xc5c	0x30663762
0xc65	0x356232303061
0xc6c	0x38633763
0xc72	0x393235
0xc98	0x3335
0xca1	0x393239
0xcad	0x363030
0xcbc	0x3036
0xcc3	0x3033
0xce0	0x64356236303030
0xcee	0x66666666666666
0xcf6	0x66666666666666
0xcfe	0x66666666666666
0xd06	0x66666666666666
0xd0e	0x66666666666666
0xd20	0x3036
0xd27	0x3033
0xd45	0x38626530303739
0xd4d	0x35333136
0xd5a	0x64316664
0xd60	0x3466
0xd6b	0x39373232613364
0xd73	0x6166
0xd76	0x336234313836
0xd7d	0x36623634353765
0xd9a	0x3335
0xda1	0x363030
0xdb5	0x30356238636362
0xdbd	0x396434
0xdc1	0x3866623136
0xdc7	0x613734636533
0xdce	0x32396134
0xdd4	0x31623436316662
0xddc	0x6166663437
0xde4	0x3064
0xde8	0x3865
0xdeb	0x303534
0xdf4	0x633534
0xe05	0x363030
0xe09	0x3534
0xe0f	0x353436
0xe15	0x35343630
0xe1e	0x3036
0xe25	0x3033
0xe3f	0x363030
0xe43	0x3534363030
0xe49	0x353436303031
0xe52	0x3036
0xe59	0x3033
0xe6b	0x363030
0xe6f	0x35343630303039
0xe7a	0x66313631353135
0xe90	0x64356236303031
0xe9a	0x3036
0xea1	0x3033
0xed2	0x66666666666666
0xedd	0x30663136353635
0xee5	0x363030
0xeec	0x3036
0xef3	0x3033
0xf2a	0x35353736303031
0xf34	0x3036
0xf3b	0x3033
0xf80	0x64393038
0xf88	0x66666666666666
0xf93	0x30663136353635
0xf9b	0x363030
0xfa2	0x3036
0xfa9	0x3033
0xfeb	0x363030
0xff2	0x3036
0xff9	0x3033
0x1023	0x393038333633
0x102a	0x66666666666666
0x1035	0x32343136353635
0x103d	0x363030
0x1044	0x3036
0x104b	0x3033
0x1087	0x64646632353261
0x108f	0x3162653263
0x1097	0x363963
0x109c	0x303638
0x10a0	0x63333738646161
0x10ab	0x613766
0x10b2	0x34613131
0x10ba	0x35356134646635
0x10c4	0x336566
0x10ea	0x3336
0x10fb	0x33343536356235
0x1115	0x363030
0x111e	0x66313638313536
0x1127	0x363030
0x1140	0x3036
0x1147	0x3033
0x115a	0x333537
0x1164	0x64356236303066
0x1170	0x66313631353135
0x117c	0x34353736
0x1186	0x64356236303066
0x1194	0x66313931363930
0x11a1	0x3534
0x11a5	0x30383962346462
0x11ae	0x303162
0x11b4	0x3336
0x11b7	0x33613666
0x11bc	0x653139323938
0x11c3	0x30366130386634
0x11d9	0x30653062303033
0x11f9	0x393036
0x1202	0x3036
0x1209	0x3033
0x1211	0x30343536
0x1217	0x363030
0x121b	0x353436
0x1232	0x3036
0x1239	0x3033
0x1241	0x30343536
0x1247	0x363030
0x124b	0x35343631
0x125c	0x3036
0x1263	0x3033
0x126b	0x30343536
0x1271	0x363034
0x1296	0x3038
0x12a4	0x30383038
0x12fc	0x303834303139
0x1305	0x393038
0x1310	0x3035373830
0x1319	0x31303631303961
0x1346	0x3035363562
0x1367	0x383135
0x138a	0x333537
0x1397	0x31363832303139
0x13a1	0x353035
0x13ed	0x3930
0x13f7	0x3434
0x1401	0x31303631306131
0x142d	0x3434
0x1433	0x383230
0x144f	0x383135
0x1471	0x3237
0x147f	0x31363832303139
0x1489	0x353035
0x14df	0x6238
0x14e9	0x31303631306138
0x14f1	0x3537363130
0x1515	0x6238
0x151b	0x383230
0x1537	0x383135
0x1559	0x3962
0x1567	0x31363832303139
0x1571	0x353035
0x159a	0x3136
0x159f	0x3534363030
0x15a8	0x3036
0x15af	0x3033
0x15be	0x3038
0x15ce	0x303630303230
0x15d5	0x3633
0x15d8	0x66666666666666
0x15f0	0x3036
0x15f7	0x3033
0x162b	0x313531
0x1633	0x323035
0x163e	0x64356235616631
0x164d	0x326435
0x1658	0x64356235303530
0x166f	0x353439303932
0x167e	0x3036
0x1685	0x3033
0x1694	0x3930
0x1699	0x62623931
0x16aa	0x303630303230
0x16b1	0x3633
0x16b4	0x66666666666666
0x16cc	0x3036
0x16d3	0x3033
0x1711	0x313531
0x1719	0x393335
0x1724	0x64356235616631
0x1733	0x613035
0x173e	0x64356235303530
0x1767	0x363030
0x176b	0x3534
0x177f	0x636639
0x178a	0x3036
0x1791	0x3033
0x1799	0x30343536
0x179f	0x363030
0x17a3	0x353436
0x17a9	0x653439
0x17b4	0x3036
0x17bb	0x3033
0x17c3	0x30343536
0x17c9	0x363030
0x17cd	0x35343631
0x17d3	0x663939
0x17de	0x3036
0x17e5	0x3033
0x17ed	0x30343536
0x17f3	0x393235
0x1809	0x363030
0x1810	0x3036
0x1817	0x3033
0x183f	0x363030
0x1877	0x30313630323038
0x18e1	0x62393537
0x18eb	0x31303631306338
0x18f3	0x353736313031
0x1917	0x62393536
0x191d	0x383230
0x1939	0x383135
0x195b	0x39633537
0x1969	0x31363832303139
0x1973	0x353035
0x19b3	0x30313630323038
0x1a1d	0x3537353738
0x1a27	0x31303631306432
0x1a2f	0x35373631
0x1a53	0x3537353635
0x1a59	0x383230
0x1a75	0x383135
0x1a97	0x3361353738
0x1aa5	0x31363832303139
0x1aaf	0x353035
0x1aef	0x30313630323038
0x1b59	0x6635353738
0x1b63	0x31303631306463
0x1b6b	0x3537
0x1b8f	0x6635353635
0x1b95	0x383230
0x1bb1	0x383135
0x1bd3	0x6438353738
0x1be1	0x31363832303139
0x1beb	0x353035
0x1bff	0x363030
0x1c0c	0x3036
0x1c13	0x3033
0x1c1d	0x363030
0x1c4d	0x30313630323038
0x1cb8	0x3035373830
0x1cc1	0x31303631303561
0x1cee	0x3035363562
0x1cfb	0x383633333834
0x1d0d	0x393339
0x1d1b	0x363030
0x1d2c	0x3036
0x1d33	0x3033
0x1d45	0x613935373630
0x1d50	0x64356235303630
0x1d59	0x383035343630
0x1d64	0x3036
0x1d6b	0x3033
0x1d74	0x66666666666666
0x1d7c	0x66666666666666
0x1d84	0x66666666666666
0x1d8c	0x66666666666666
0x1d94	0x66666666666666
0x1db7	0x363030
0x1dbe	0x3036
0x1dc5	0x3033
0x1e0d	0x363030
0x1e11	0x35343630666631
0x1e1f	0x363030
0x1e2f	0x31653537363030
0x1e3a	0x64356235303930
0x1e49	0x383138
0x1e66	0x64356236303061
0x1e80	0x3036
0x1e87	0x3033
0x1e9b	0x36323537353036
0x1ea5	0x353436
0x1eae	0x3036
0x1eb5	0x3033
0x1ec5	0x383036
0x1ecb	0x37613537353036
0x1ed5	0x35343630
0x1ede	0x3036
0x1ee5	0x3033
0x1ef5	0x313536
0x1f03	0x3534363030
0x1f0c	0x3036
0x1f13	0x3033
0x1f1f	0x39653833363036
0x1f2a	0x66666666666666
0x1f3d	0x393035
0x1f4a	0x3036
0x1f51	0x3033
0x1f58	0x3930
0x1f5d	0x62623836
0x1f6c	0x303630303230
0x1f73	0x3633
0x1f76	0x66666666666666
0x1f8e	0x3036
0x1f95	0x3033
0x1fd3	0x313531
0x1fdb	0x66343537363030
0x1fe6	0x64356235616631
0x2000	0x64356235303530
0x201e	0x3036
0x2025	0x3033
0x202d	0x31366566336564
0x2035	0x376330306666
0x203e	0x316564623166
0x2045	0x623536306438
0x204f	0x663633303232
0x2058	0x656231323963
0x2061	0x39396538313162
0x206d	0x38343630343035
0x2090	0x3235
0x2093	0x353035
0x20a1	0x363030
0x20b1	0x353736303030
0x20ba	0x64356238313833
0x20d0	0x65356230343933
0x20e4	0x3136
0x20eb	0x3761
0x20fc	0x3336
0x2101	0x3462
0x2104	0x6230393364
0x210a	0x3634313433
0x2112	0x316631303064
0x211f	0x37663934323431
0x2129	0x3865393766
0x2131	0x363565
