0x12	0x36353736303030
0x1d	0x30313030
0x5e	0x66666666666666
0x6d	0x336665
0x82	0x64646530333134
0x99	0x613762333134
0xa4	0x30353738
0xad	0x34616461
0xbb	0x3537
0xc7	0x6464313436
0xd1	0x3537383036
0xdb	0x64376432
0xe6	0x3635
0xef	0x65376439
0xf4	0x6131343631
0xfc	0x66353738
0x106	0x383732
0x10a	0x6431343631
0x112	0x38353738303633
0x11c	0x39366237333134
0x131	0x32376235353631
0x13f	0x3537
0x149	0x65353637
0x154	0x33353738
0x15d	0x63666436
0x163	0x313436
0x16a	0x32353738303633
0x175	0x353265333134
0x181	0x35373830363334
0x189	0x37336565
0x18e	0x36313436313035
0x1a3	0x3535
0x1b5	0x36373561
0x1ba	0x363134363130
0x1c3	0x3537
0x1cb	0x62653736396431
0x1d8	0x633537
0x1e2	0x3038
0x1ee	0x353537383036
0x1f9	0x633133
0x20d	0x3031
0x21b	0x353738
0x223	0x346664
0x229	0x313436313036
0x239	0x36366166303931
0x246	0x6435
0x24f	0x6135636235
0x255	0x313436
0x25c	0x3635373830
0x266	0x3563
0x26a	0x343134363130
0x273	0x353738
0x27c	0x3839623431
0x293	0x363363373134
0x29e	0x333537383036
0x2a7	0x35363663
0x2ac	0x6431
0x2b5	0x35373830
0x2bc	0x3435
0x2c0	0x32376631343631
0x2cb	0x35373830363361
0x2d8	0x3131343631
0x2e8	0x3930
0x2ed	0x62623134
0x2f6	0x31353738
0x2fe	0x333361
0x304	0x6531343631
0x30d	0x353738
0x314	0x353435
0x318	0x32613631343631
0x323	0x353738303633
0x32a	0x62306638
0x330	0x6231
0x338	0x313537383036
0x340	0x62653233
0x345	0x393431
0x34d	0x3434
0x356	0x3162646636
0x363	0x3664
0x36c	0x6363343265
0x373	0x313436
0x379	0x6261
0x382	0x6436326564
0x389	0x313436313061
0x390	0x333537383036
0x398	0x373430663466
0x39f	0x31343631
0x3a5	0x346635
0x3ae	0x383331353734
0x3bb	0x373835
0x3c4	0x34353933346236
0x3d1	0x613135
0x3da	0x35343538306363
0x3e7	0x636135
0x3ed	0x363130
0x3f5	0x363130
0x3ff	0x663335
0x405	0x353035
0x409	0x353635
0x40d	0x303035
0x411	0x333431
0x424	0x64356236313032
0x42d	0x363131
0x433	0x3536356236
0x460	0x33356233343135
0x46d	0x35373630
0x476	0x64356236313032
0x489	0x363034
0x4d3	0x383338
0x4f5	0x363032
0x50b	0x353035
0x523	0x31363830313536
0x52e	0x323537
0x54f	0x3033
0x565	0x353039
0x57e	0x33356233343135
0x58a	0x62353736
0x594	0x64356236313033
0x5aa	0x66666666666666
0x5b2	0x66666666666666
0x5ba	0x66666666666666
0x5c2	0x66666666666666
0x5ca	0x66666666666666
0x5fd	0x353635623630
0x632	0x33356233343135
0x648	0x64356236313033
0x651	0x363030
0x677	0x363034
0x684	0x66666666666666
0x68c	0x66666666666666
0x694	0x66666666666666
0x69c	0x66666666666666
0x6a4	0x66666666666666
0x6b0	0x66666666666666
0x6b8	0x66666666666666
0x6c0	0x66666666666666
0x6c8	0x66666666666666
0x6d0	0x66666666666666
0x6f8	0x33356233343135
0x70e	0x64356236313033
0x71c	0x3135
0x721	0x363034
0x74a	0x33356233343135
0x756	0x313537
0x760	0x64356236313033
0x768	0x393631
0x76e	0x6235
0x773	0x363034
0x79c	0x33356233343135
0x7a8	0x6135373630
0x7b2	0x64356236313033
0x7ba	0x323631313562
0x7c5	0x363034
0x7ee	0x33356233343135
0x804	0x64356236313034
0x81a	0x66666666666666
0x822	0x66666666666666
0x82a	0x66666666666666
0x832	0x66666666666666
0x83a	0x66666666666666
0x858	0x66666666666666
0x860	0x66666666666666
0x868	0x66666666666666
0x870	0x66666666666666
0x878	0x66666666666666
0x8aa	0x393536
0x8af	0x363034
0x8e0	0x33356233343135
0x8ed	0x35373630
0x8f6	0x64356236313034
0x904	0x3635363562
0x932	0x33356233343135
0x93e	0x3535
0x948	0x64356236313034
0x950	0x6436
0x956	0x34353635623630
0x984	0x33356233343135
0x990	0x65353736
0x99a	0x64356236313034
0x9a2	0x3636313139
0x9ad	0x363034
0x9ba	0x66313636306666
0x9e2	0x33356233343135
0x9ee	0x64353736303030
0x9f8	0x64356236313035
0xa0b	0x363034
0xa3c	0x33356233343135
0xa49	0x3537
0xa52	0x64356236313035
0xa60	0x6235363562
0xa8e	0x33356233343135
0xaa4	0x64356236313035
0xaad	0x363131
0xab2	0x383536356236
0xae0	0x33356233343135
0xaed	0x35373630
0xaf6	0x64356236313035
0xb04	0x35353635623630
0xb32	0x33356236313035
0xb3a	0x3236
0xb3f	0x663335
0xb45	0x363034
0xb76	0x33356233343135
0xb82	0x37353736
0xb8c	0x64356236313035
0xb94	0x66363131
0xb9a	0x62353635623630
0xbc8	0x33356233343135
0xbd4	0x30353736303030
0xbde	0x64356236313036
0xbe7	0x36303034
0xbf4	0x66666666666666
0xbfc	0x66666666666666
0xc04	0x66666666666666
0xc0c	0x66666666666666
0xc14	0x66666666666666
0xc33	0x3039
0xc39	0x363034
0xc62	0x33356233343135
0xc6f	0x3537363030
0xc78	0x64356236313036
0xc85	0x3533
0xc8b	0x363034
0xcb4	0x33356233343135
0xcca	0x64356236313036
0xcd3	0x363131613631
0xcdd	0x363034
0xd06	0x33356233343135
0xd13	0x35373630303038
0xd1c	0x64356236313036
0xd29	0x3639
0xd2f	0x363034
0xd58	0x33356233343135
0xd64	0x383537
0xd6e	0x64356236313036
0xd76	0x30363131
0xd7b	0x3734
0xd81	0x363034
0xdaa	0x33356233343135
0xdb6	0x313537363030
0xdc0	0x64356236313036
0xdc8	0x393631316137
0xdd3	0x363034
0xde0	0x66666666666666
0xde8	0x66666666666666
0xdf0	0x66666666666666
0xdf8	0x66666666666666
0xe00	0x66666666666666
0xe0c	0x66666666666666
0xe14	0x66666666666666
0xe1c	0x66666666666666
0xe24	0x66666666666666
0xe2c	0x66666666666666
0xe54	0x33356233343135
0xe6a	0x64356236313037
0xe73	0x363131613966
0xe7d	0x363034
0xea6	0x33356233343135
0xeb3	0x35373630303038
0xebc	0x64356236313037
0xec9	0x6163
0xecf	0x363034
0xf19	0x383338
0xf26	0x3835
0xf3b	0x363032
0xf4d	0x35363562
0xf69	0x31363830313536
0xf74	0x3535373830
0xf95	0x3033
0xfab	0x353039
0xfc4	0x33356233343135
0xfd0	0x653537363030
0xfda	0x64356236313037
0xfe2	0x36363131616535
0xfed	0x363034
0x1016	0x33356233343135
0x102c	0x64356236313038
0x1035	0x3630303438
0x1055	0x6631
0x105b	0x363034
0x1068	0x66666666666666
0x1070	0x66666666666666
0x1078	0x66666666666666
0x1080	0x66666666666666
0x1088	0x66666666666666
0x1094	0x66666666666666
0x109c	0x66666666666666
0x10a4	0x66666666666666
0x10ac	0x66666666666666
0x10b4	0x66666666666666
0x10dc	0x33356233343135
0x10e9	0x3537
0x10f2	0x64356236313038
0x10ff	0x333135
0x1105	0x363034
0x112e	0x33356233343135
0x113a	0x3335
0x1144	0x64356236313038
0x114c	0x6236
0x1151	0x336535
0x1157	0x363034
0x1180	0x33356233343135
0x118c	0x63353736
0x1196	0x64356236313039
0x11ac	0x66666666666666
0x11b4	0x66666666666666
0x11bc	0x66666666666666
0x11c4	0x66666666666666
0x11cc	0x66666666666666
0x11fd	0x346135
0x1203	0x363034
0x1234	0x33356233343135
0x124a	0x64356236313039
0x1253	0x36303034
0x1273	0x3534353635
0x1279	0x363034
0x1286	0x66666666666666
0x128e	0x66666666666666
0x1296	0x66666666666666
0x129e	0x66666666666666
0x12a6	0x66666666666666
0x12b2	0x66666666666666
0x12ba	0x66666666666666
0x12c2	0x66666666666666
0x12ca	0x66666666666666
0x12d2	0x66666666666666
0x12fa	0x33356233343135
0x1310	0x64356236313039
0x1319	0x36303034383038
0x1339	0x3934353635
0x133f	0x363034
0x134c	0x66666666666666
0x1354	0x66666666666666
0x135c	0x66666666666666
0x1364	0x66666666666666
0x136c	0x66666666666666
0x1378	0x66666666666666
0x1380	0x66666666666666
0x1388	0x66666666666666
0x1390	0x66666666666666
0x1398	0x66666666666666
0x13c0	0x33356233343135
0x13cc	0x633537363030
0x13d6	0x64356236313061
0x13ff	0x6434353635
0x1405	0x363034
0x1412	0x66666666666666
0x141a	0x66666666666666
0x1422	0x66666666666666
0x142a	0x66666666666666
0x1432	0x66666666666666
0x143e	0x66666666666666
0x1446	0x66666666666666
0x144e	0x66666666666666
0x1456	0x66666666666666
0x145e	0x66666666666666
0x1486	0x33356233343135
0x1491	0x3466
0x149c	0x64356236313061
0x14a9	0x313435363562
0x14d8	0x33356233343135
0x14e3	0x3738
0x14ee	0x64356236313061
0x14f6	0x3436
0x1504	0x66666666666666
0x150c	0x66666666666666
0x1514	0x66666666666666
0x151c	0x66666666666666
0x1524	0x66666666666666
0x1543	0x323235363562
0x1572	0x33356233343135
0x157d	0x6335
0x1588	0x64356236313061
0x1590	0x64363131
0x1595	0x336135363562
0x15c4	0x33356233343135
0x15cf	0x6565
0x15da	0x64356236313062
0x15f0	0x66666666666666
0x15f8	0x66666666666666
0x1600	0x66666666666666
0x1608	0x66666666666666
0x1610	0x66666666666666
0x162e	0x66666666666666
0x1636	0x66666666666666
0x163e	0x66666666666666
0x1646	0x66666666666666
0x164e	0x66666666666666
0x166d	0x343835363562
0x169c	0x33356233343135
0x16a7	0x356135
0x16b2	0x64356236313062
0x16bf	0x643035363562
0x16ee	0x33356233343135
0x16f9	0x383335
0x1704	0x64356236313062
0x170d	0x363131
0x1711	0x643835363562
0x1740	0x33356233343135
0x174b	0x616335
0x1756	0x64356236313062
0x175e	0x343631
0x1763	0x653735363562
0x1792	0x33356233343135
0x179d	0x643535
0x17a8	0x64356236313062
0x17b0	0x6436313165
0x17b6	0x35353635623630
0x17e4	0x33356236303030
0x17fc	0x3663373830
0x180b	0x30633537
0x1816	0x64356236613532
0x181e	0x376432
0x1822	0x6363383063
0x1828	0x3265343030
0x1841	0x32373537
0x184c	0x64356236363038
0x1854	0x316263396266
0x186d	0x33643537
0x1878	0x64356236373031
0x1887	0x3861303030
0x189b	0x35343537
0x18a6	0x64356236386132
0x18ae	0x3135
0x18b1	0x3039353139
0x18b7	0x653030
0x18c7	0x36613537
0x18d2	0x64356236373064
0x18da	0x306236623361
0x18ec	0x316263396266
0x1903	0x38353537
0x1908	0x65356230343032
0x1923	0x39383537
0x192e	0x64356236333539
0x1939	0x3830
0x1945	0x63653537
0x1955	0x3861303030
0x1969	0x62623537
0x1974	0x64356236303634
0x197f	0x3832303238
0x198d	0x63613537
0x1992	0x65356230343930
0x199d	0x383136
0x19ab	0x3830
0x19bb	0x65643537
0x19c6	0x3330
0x19d1	0x3830
0x19db	0x313536
0x19e1	0x3035353736
0x19fb	0x3031353766
0x1a01	0x356230343930
0x1a0b	0x383136
0x1a12	0x3330
0x1a1d	0x3830
0x1a2d	0x3236353735
0x1a39	0x3830
0x1a43	0x3830
0x1a4d	0x313536
0x1a53	0x3365353736
0x1a5f	0x383230323831
0x1a6d	0x3361353766
0x1a73	0x356230343930
0x1a7d	0x383136
0x1a85	0x3830
0x1a8f	0x3830
0x1a9f	0x3566353735
0x1ab5	0x3830
0x1abf	0x313536
0x1ac5	0x3737353736
0x1adf	0x3733353766
0x1ae5	0x356230343930
0x1aef	0x366135
0x1af4	0x376432
0x1af8	0x6363383063
0x1afe	0x3265343030
0x1b0b	0x3938383236
0x1b19	0x30313930393139
0x1b24	0x66666666666666
0x1b31	0x313131
0x1b39	0x6133353736
0x1b44	0x64356236313064
0x1b4c	0x383831
0x1b59	0x30313930393139
0x1b64	0x66666666666666
0x1b71	0x363030
0x1b81	0x313038313630
0x1b89	0x36303030
0x1b92	0x66666666666666
0x1b9a	0x66666666666666
0x1ba2	0x66666666666666
0x1baa	0x66666666666666
0x1bb2	0x66666666666666
0x1bbe	0x66666666666666
0x1bc6	0x66666666666666
0x1bce	0x66666666666666
0x1bd6	0x66666666666666
0x1bde	0x66666666666666
0x1c09	0x30313930393139
0x1c14	0x66666666666666
0x1c21	0x363030
0x1c25	0x36303030
0x1c2e	0x66666666666666
0x1c36	0x66666666666666
0x1c3e	0x66666666666666
0x1c46	0x66666666666666
0x1c4e	0x66666666666666
0x1c5a	0x66666666666666
0x1c62	0x66666666666666
0x1c6a	0x66666666666666
0x1c72	0x66666666666666
0x1c7a	0x66666666666666
0x1cac	0x3035
0x1cb3	0x3964623830
0x1cc9	0x373435373530
0x1cd5	0x633735
0x1cd9	0x326436333130
0x1ce9	0x383031
0x1cf1	0x383635373530
0x1cfc	0x383630303238
0x1d0d	0x383031
0x1d15	0x643135373530
0x1d2a	0x66666666666666
0x1d32	0x66666666666666
0x1d3a	0x66666666666666
0x1d42	0x66666666666666
0x1d4a	0x66666666666666
0x1d56	0x66666666666666
0x1d5e	0x66666666666666
0x1d66	0x66666666666666
0x1d6e	0x66666666666666
0x1d76	0x66666666666666
0x1da3	0x313536
0x1da9	0x37663537363030
0x1dc5	0x656139313930
0x1dcf	0x33303536356239
0x1df1	0x333339
0x1e03	0x3831
0x1e0c	0x66666666666666
0x1e14	0x66666666666666
0x1e1c	0x66666666666666
0x1e24	0x66666666666666
0x1e2c	0x66666666666666
0x1e40	0x66666666666666
0x1e48	0x66666666666666
0x1e50	0x66666666666666
0x1e58	0x66666666666666
0x1e60	0x66666666666666
0x1e84	0x66666666666666
0x1e8c	0x66666666666666
0x1e94	0x66666666666666
0x1e9c	0x66666666666666
0x1ea4	0x66666666666666
0x1eb0	0x66666666666666
0x1eb8	0x66666666666666
0x1ec0	0x66666666666666
0x1ec8	0x66666666666666
0x1ed0	0x66666666666666
0x1eff	0x363830
0x1f05	0x633735
0x1f09	0x326436333130
0x1f21	0x61303537353036
0x1f2b	0x316165
0x1f30	0x3665326566
0x1f41	0x383031
0x1f49	0x62323537353036
0x1f54	0x34363030343830
0x1f65	0x383031
0x1f6d	0x66653537353036
0x1f84	0x66666666666666
0x1f8c	0x66666666666666
0x1f94	0x66666666666666
0x1f9c	0x66666666666666
0x1fa4	0x66666666666666
0x1fb0	0x66666666666666
0x1fb8	0x66666666666666
0x1fc0	0x66666666666666
0x1fc8	0x66666666666666
0x1fd0	0x66666666666666
0x1ffd	0x313536
0x2004	0x6435
0x2029	0x33303536356239
0x204b	0x333339
0x205d	0x3831
0x2066	0x66666666666666
0x206e	0x66666666666666
0x2076	0x66666666666666
0x207e	0x66666666666666
0x2086	0x66666666666666
0x209a	0x66666666666666
0x20a2	0x66666666666666
0x20aa	0x66666666666666
0x20b2	0x66666666666666
0x20ba	0x66666666666666
0x20e0	0x66666666666666
0x20e8	0x66666666666666
0x20f0	0x66666666666666
0x20f8	0x66666666666666
0x2100	0x66666666666666
0x210c	0x66666666666666
0x2114	0x66666666666666
0x211c	0x66666666666666
0x2124	0x66666666666666
0x212c	0x66666666666666
0x215b	0x363831
0x215f	0x316165
0x2164	0x3665326566
0x217e	0x62353735
0x2186	0x38363030
0x2197	0x383031
0x21b6	0x66666666666666
0x21be	0x66666666666666
0x21c6	0x66666666666666
0x21ce	0x66666666666666
0x21d6	0x66666666666666
0x21e2	0x66666666666666
0x21ea	0x66666666666666
0x21f2	0x66666666666666
0x21fa	0x66666666666666
0x2202	0x66666666666666
0x222f	0x313536
0x2236	0x36353736
0x225b	0x33303536356239
0x227d	0x333339
0x228f	0x3831
0x2298	0x66666666666666
0x22a0	0x66666666666666
0x22a8	0x66666666666666
0x22b0	0x66666666666666
0x22b8	0x66666666666666
0x22cc	0x66666666666666
0x22d4	0x66666666666666
0x22dc	0x66666666666666
0x22e4	0x66666666666666
0x22ec	0x66666666666666
0x2312	0x66666666666666
0x231a	0x66666666666666
0x2322	0x66666666666666
0x232a	0x66666666666666
0x2332	0x66666666666666
0x233e	0x66666666666666
0x2346	0x66666666666666
0x234e	0x66666666666666
0x2356	0x66666666666666
0x235e	0x66666666666666
0x238d	0x363730
0x2392	0x30356235396433
0x239a	0x323030
0x23ae	0x363537353036
0x23b8	0x3035
0x23bf	0x3964623830
0x23cd	0x383031
0x23d6	0x61353735303633
0x23e0	0x35653130303630
0x23f5	0x383031
0x2414	0x66666666666666
0x241c	0x66666666666666
0x2424	0x66666666666666
0x242c	0x66666666666666
0x2434	0x66666666666666
0x2440	0x66666666666666
0x2448	0x66666666666666
0x2450	0x66666666666666
0x2458	0x66666666666666
0x2460	0x66666666666666
0x248d	0x313536
0x2494	0x35353736303038
0x24b1	0x39313930363131
0x24b9	0x33303536356239
0x24db	0x333339
0x24ed	0x3831
0x24f6	0x66666666666666
0x24fe	0x66666666666666
0x2506	0x66666666666666
0x250e	0x66666666666666
0x2516	0x66666666666666
0x252a	0x66666666666666
0x2532	0x66666666666666
0x253a	0x66666666666666
0x2542	0x66666666666666
0x254a	0x66666666666666
0x2570	0x66666666666666
0x2578	0x66666666666666
0x2580	0x66666666666666
0x2588	0x66666666666666
0x2590	0x66666666666666
0x259c	0x66666666666666
0x25a4	0x66666666666666
0x25ac	0x66666666666666
0x25b4	0x66666666666666
0x25bc	0x66666666666666
0x25eb	0x363730
0x25f7	0x3861303030
0x2616	0x30356235396433
0x261e	0x323030
0x2629	0x383031
0x263c	0x35653130303630
0x2645	0x3830
0x2651	0x383031
0x2670	0x66666666666666
0x2678	0x66666666666666
0x2680	0x66666666666666
0x2688	0x66666666666666
0x2690	0x66666666666666
0x269c	0x66666666666666
0x26a4	0x66666666666666
0x26ac	0x66666666666666
0x26b4	0x66666666666666
0x26bc	0x66666666666666
0x26e9	0x313536
0x26f7	0x3830
0x270d	0x3931393036
0x2715	0x33303536356239
0x2737	0x333339
0x2749	0x3831
0x2752	0x66666666666666
0x275a	0x66666666666666
0x2762	0x66666666666666
0x276a	0x66666666666666
0x2772	0x66666666666666
0x2786	0x66666666666666
0x278e	0x66666666666666
0x2796	0x66666666666666
0x279e	0x66666666666666
0x27a6	0x66666666666666
0x27cc	0x66666666666666
0x27d4	0x66666666666666
0x27dc	0x66666666666666
0x27e4	0x66666666666666
0x27ec	0x66666666666666
0x27f8	0x66666666666666
0x2800	0x66666666666666
0x2808	0x66666666666666
0x2810	0x66666666666666
0x2818	0x66666666666666
0x2847	0x363030
0x2851	0x353035
0x285b	0x363330
0x2860	0x35653130303831
0x286b	0x363034
0x2885	0x38313532
0x2891	0x34333635366537
0x28a3	0x36623635366530
0x28dd	0x363030
0x28e7	0x3630303033
0x28f0	0x66666666666666
0x28f8	0x66666666666666
0x2900	0x66666666666666
0x2908	0x66666666666666
0x2910	0x66666666666666
0x291c	0x66666666666666
0x2924	0x66666666666666
0x292c	0x66666666666666
0x2934	0x66666666666666
0x293c	0x66666666666666
0x296a	0x66666666666666
0x2972	0x66666666666666
0x297a	0x66666666666666
0x2982	0x66666666666666
0x298a	0x66666666666666
0x2996	0x66666666666666
0x299e	0x66666666666666
0x29a6	0x66666666666666
0x29ae	0x66666666666666
0x29b6	0x66666666666666
0x29e8	0x66666666666666
0x29f0	0x66666666666666
0x29f8	0x66666666666666
0x2a00	0x66666666666666
0x2a08	0x66666666666666
0x2a16	0x66666666666666
0x2a1e	0x66666666666666
0x2a26	0x66666666666666
0x2a2e	0x66666666666666
0x2a36	0x66666666666666
0x2a41	0x38633562653165
0x2a4a	0x626563376435
0x2a51	0x643134
0x2a55	0x37313432376431
0x2a5d	0x383466336464
0x2a68	0x30663762
0x2a71	0x356232303061
0x2a78	0x38633763
0x2a7e	0x393235
0x2aac	0x3336
0x2ab7	0x393239
0x2ac3	0x363030
0x2ade	0x65356239303630
0x2afd	0x393135
0x2b0d	0x3930
0x2b14	0x66666666666666
0x2b1c	0x66666666666666
0x2b24	0x66666666666666
0x2b2c	0x66666666666666
0x2b34	0x66666666666666
0x2b43	0x363030
0x2b51	0x393035
0x2b57	0x363130
0x2b5c	0x34383135363562
0x2b68	0x3663373830
0x2b73	0x363030
0x2b7f	0x3830
0x2b8c	0x63353736
0x2b96	0x64356238313630
0x2b9f	0x36303030
0x2ba8	0x66666666666666
0x2bb0	0x66666666666666
0x2bb8	0x66666666666666
0x2bc0	0x66666666666666
0x2bc8	0x66666666666666
0x2bd4	0x66666666666666
0x2bdc	0x66666666666666
0x2be4	0x66666666666666
0x2bec	0x66666666666666
0x2bf4	0x66666666666666
0x2c33	0x3630303038
0x2c3c	0x66666666666666
0x2c44	0x66666666666666
0x2c4c	0x66666666666666
0x2c54	0x66666666666666
0x2c5c	0x66666666666666
0x2c68	0x66666666666666
0x2c70	0x66666666666666
0x2c78	0x66666666666666
0x2c80	0x66666666666666
0x2c88	0x66666666666666
0x2cb6	0x66666666666666
0x2cbe	0x66666666666666
0x2cc6	0x66666666666666
0x2cce	0x66666666666666
0x2cd6	0x66666666666666
0x2ce2	0x66666666666666
0x2cea	0x66666666666666
0x2cf2	0x66666666666666
0x2cfa	0x66666666666666
0x2d02	0x66666666666666
0x2d2f	0x383031
0x2d38	0x3335
0x2d47	0x383031
0x2d51	0x353735303630
0x2d59	0x36303030
0x2d62	0x66666666666666
0x2d6a	0x66666666666666
0x2d72	0x66666666666666
0x2d7a	0x66666666666666
0x2d82	0x66666666666666
0x2d8e	0x66666666666666
0x2d96	0x66666666666666
0x2d9e	0x66666666666666
0x2da6	0x66666666666666
0x2dae	0x66666666666666
0x2ddb	0x36303030
0x2de4	0x66666666666666
0x2dec	0x66666666666666
0x2df4	0x66666666666666
0x2dfc	0x66666666666666
0x2e04	0x66666666666666
0x2e10	0x66666666666666
0x2e18	0x66666666666666
0x2e20	0x66666666666666
0x2e28	0x66666666666666
0x2e30	0x66666666666666
0x2e5d	0x313536
0x2e64	0x35353738
0x2e6d	0x36303030
0x2e76	0x66666666666666
0x2e7e	0x66666666666666
0x2e86	0x66666666666666
0x2e8e	0x66666666666666
0x2e96	0x66666666666666
0x2ea2	0x66666666666666
0x2eaa	0x66666666666666
0x2eb2	0x66666666666666
0x2eba	0x66666666666666
0x2ec2	0x66666666666666
0x2f07	0x3630303038
0x2f10	0x66666666666666
0x2f18	0x66666666666666
0x2f20	0x66666666666666
0x2f28	0x66666666666666
0x2f30	0x66666666666666
0x2f3c	0x66666666666666
0x2f44	0x66666666666666
0x2f4c	0x66666666666666
0x2f54	0x66666666666666
0x2f5c	0x66666666666666
0x2f8a	0x66666666666666
0x2f92	0x66666666666666
0x2f9a	0x66666666666666
0x2fa2	0x66666666666666
0x2faa	0x66666666666666
0x2fb6	0x66666666666666
0x2fbe	0x66666666666666
0x2fc6	0x66666666666666
0x2fce	0x66666666666666
0x2fd6	0x66666666666666
0x301b	0x36303030
0x3024	0x66666666666666
0x302c	0x66666666666666
0x3034	0x66666666666666
0x303c	0x66666666666666
0x3044	0x66666666666666
0x3050	0x66666666666666
0x3058	0x66666666666666
0x3060	0x66666666666666
0x3068	0x66666666666666
0x3070	0x66666666666666
0x30b4	0x66666666666666
0x30bc	0x66666666666666
0x30c4	0x66666666666666
0x30cc	0x66666666666666
0x30d4	0x66666666666666
0x30e2	0x66666666666666
0x30ea	0x66666666666666
0x30f2	0x66666666666666
0x30fa	0x66666666666666
0x3102	0x66666666666666
0x310d	0x64646632353261
0x3115	0x3162653263
0x311d	0x363963
0x3122	0x303638
0x3126	0x63333738646161
0x3131	0x613766
0x3138	0x34613131
0x3140	0x35356134646635
0x314a	0x336566
0x3178	0x3336
0x3186	0x66353635
0x318b	0x363030
0x3198	0x66353635
0x319d	0x356239
0x31ad	0x363036
0x31b7	0x3532
0x31ba	0x376432
0x31be	0x6363383063
0x31c4	0x3265343030
0x31da	0x30353766653562
0x31e9	0x363730
0x31f5	0x3861303030
0x3201	0x363031
0x320b	0x363030
0x3213	0x363030
0x3225	0x3930
0x322c	0x66666666666666
0x3234	0x66666666666666
0x323c	0x66666666666666
0x3244	0x66666666666666
0x324c	0x66666666666666
0x3258	0x66666666666666
0x3260	0x66666666666666
0x3268	0x66666666666666
0x3270	0x66666666666666
0x3278	0x66666666666666
0x3286	0x66666666666666
0x328e	0x66666666666666
0x3296	0x66666666666666
0x329e	0x66666666666666
0x32a6	0x66666666666666
0x32c4	0x64356236303062
0x32dd	0x3930
0x32e4	0x66666666666666
0x32ec	0x66666666666666
0x32f4	0x66666666666666
0x32fc	0x66666666666666
0x3304	0x66666666666666
0x3310	0x66666666666666
0x3318	0x66666666666666
0x3320	0x66666666666666
0x3328	0x66666666666666
0x3330	0x66666666666666
0x333e	0x63333037336666
0x3346	0x66666666666666
0x334e	0x66666666666666
0x3356	0x66666666666666
0x335e	0x66666666666666
0x3366	0x66666666663136
0x3398	0x31393335303530
0x33af	0x356239
0x33b7	0x363830
0x33bc	0x3035
0x33c3	0x3964623830
0x33d1	0x363830
0x33d7	0x633735
0x33db	0x326436333130
0x33eb	0x363130
0x33f0	0x383831353635
0x33f7	0x363030
0x340d	0x393035
0x3413	0x363030
0x341b	0x36303030
0x3424	0x66666666666666
0x342c	0x66666666666666
0x3434	0x66666666666666
0x343c	0x66666666666666
0x3444	0x66666666666666
0x3450	0x66666666666666
0x3458	0x66666666666666
0x3460	0x66666666666666
0x3468	0x66666666666666
0x3470	0x66666666666666
0x349d	0x393139
0x34a7	0x363030
0x34bd	0x393035
0x34c3	0x363335
0x34cb	0x3830
0x34d3	0x363630
0x34d8	0x316263396266
0x34e9	0x363063
0x34f3	0x363030
0x34f7	0x363030
0x3509	0x3930
0x3510	0x66666666666666
0x3518	0x66666666666666
0x3520	0x66666666666666
0x3528	0x66666666666666
0x3530	0x66666666666666
0x353f	0x363861
0x3544	0x3135
0x3547	0x3039353139
0x354d	0x653030
0x3559	0x363034
0x357f	0x34333635366537
0x35cb	0x363730
0x35d7	0x3861303030
0x35e3	0x363030
0x35e7	0x3831
0x35f9	0x303035
0x35fe	0x65356239303630
0x361d	0x393135
0x362d	0x3930
0x3634	0x66666666666666
0x363c	0x66666666666666
0x3644	0x66666666666666
0x364c	0x66666666666666
0x3654	0x66666666666666
0x3663	0x363831
0x3667	0x316165
0x366c	0x3665326566
0x367d	0x363730
0x3689	0x3861303030
0x3695	0x363030
0x36a1	0x3830
0x36ad	0x356435
0x36b8	0x64356238313630
0x36c1	0x36303030
0x36ca	0x66666666666666
0x36d2	0x66666666666666
0x36da	0x66666666666666
0x36e2	0x66666666666666
0x36ea	0x66666666666666
0x36f6	0x66666666666666
0x36fe	0x66666666666666
0x3706	0x66666666666666
0x370e	0x66666666666666
0x3716	0x66666666666666
0x3749	0x616335
0x3759	0x383031
0x3761	0x33373537
0x376b	0x36303030
0x3774	0x66666666666666
0x377c	0x66666666666666
0x3784	0x66666666666666
0x378c	0x66666666666666
0x3794	0x66666666666666
0x37a0	0x66666666666666
0x37a8	0x66666666666666
0x37b0	0x66666666666666
0x37b8	0x66666666666666
0x37c0	0x66666666666666
0x37ed	0x36303030
0x37f6	0x66666666666666
0x37fe	0x66666666666666
0x3806	0x66666666666666
0x380e	0x66666666666666
0x3816	0x66666666666666
0x3822	0x66666666666666
0x382a	0x66666666666666
0x3832	0x66666666666666
0x383a	0x66666666666666
0x3842	0x66666666666666
0x386f	0x313536
0x3875	0x3434353738
0x387f	0x36303030
0x3888	0x66666666666666
0x3890	0x66666666666666
0x3898	0x66666666666666
0x38a0	0x66666666666666
0x38a8	0x66666666666666
0x38b4	0x66666666666666
0x38bc	0x66666666666666
0x38c4	0x66666666666666
0x38cc	0x66666666666666
0x38d4	0x66666666666666
0x3919	0x36303030
0x3922	0x66666666666666
0x392a	0x66666666666666
0x3932	0x66666666666666
0x393a	0x66666666666666
0x3942	0x66666666666666
0x394e	0x66666666666666
0x3956	0x66666666666666
0x395e	0x66666666666666
0x3966	0x66666666666666
0x396e	0x66666666666666
0x39b2	0x66666666666666
0x39ba	0x66666666666666
0x39c2	0x66666666666666
0x39ca	0x66666666666666
0x39d2	0x66666666666666
0x39e0	0x66666666666666
0x39e8	0x66666666666666
0x39f0	0x66666666666666
0x39f8	0x66666666666666
0x3a00	0x66666666666666
0x3a0b	0x64646632353261
0x3a13	0x3162653263
0x3a1b	0x363963
0x3a20	0x303638
0x3a24	0x63333738646161
0x3a2f	0x613766
0x3a36	0x34613131
0x3a3e	0x35356134646635
0x3a48	0x336566
0x3a76	0x3336
0x3a83	0x3465353635
0x3a89	0x363030
0x3a95	0x3465353635
0x3a9b	0x356239
0x3aa9	0x363030
0x3abf	0x3633353766
0x3ac5	0x356239303630
0x3ae3	0x393135
0x3af3	0x3930
0x3afa	0x66666666666666
0x3b02	0x66666666666666
0x3b0a	0x66666666666666
0x3b12	0x66666666666666
0x3b1a	0x66666666666666
0x3b29	0x363030
0x3b3f	0x6133353766
0x3b45	0x356239303630
0x3b63	0x393135
0x3b73	0x3930
0x3b7a	0x66666666666666
0x3b82	0x66666666666666
0x3b8a	0x66666666666666
0x3b92	0x66666666666666
0x3b9a	0x66666666666666
0x3ba9	0x363030
0x3bbf	0x6533353766
0x3bc5	0x356239303630
0x3be3	0x393135
0x3bf3	0x3930
0x3bfa	0x66666666666666
0x3c02	0x66666666666666
0x3c0a	0x66666666666666
0x3c12	0x66666666666666
0x3c1a	0x66666666666666
0x3c29	0x363030
0x3c31	0x3830
0x3c3f	0x393035
0x3c45	0x363030
0x3c75	0x363030
0x3c8b	0x393035
0x3c91	0x363030
0x3c99	0x3630303038
0x3ca2	0x66666666666666
0x3caa	0x66666666666666
0x3cb2	0x66666666666666
0x3cba	0x66666666666666
0x3cc2	0x66666666666666
0x3cce	0x66666666666666
0x3cd6	0x66666666666666
0x3cde	0x66666666666666
0x3ce6	0x66666666666666
0x3cee	0x66666666666666
0x3d1c	0x66666666666666
0x3d24	0x66666666666666
0x3d2c	0x66666666666666
0x3d34	0x66666666666666
0x3d3c	0x66666666666666
0x3d48	0x66666666666666
0x3d50	0x66666666666666
0x3d58	0x66666666666666
0x3d60	0x66666666666666
0x3d68	0x66666666666666
0x3d95	0x393239
0x3da1	0x363330
0x3da6	0x35653130303831
0x3db1	0x366135
0x3db6	0x376432
0x3dba	0x6363383063
0x3dc0	0x3265343030
0x3dcf	0x363030
0x3de5	0x393035
0x3deb	0x363730
0x3df0	0x30356235396433
0x3df8	0x323030
0x3e03	0x363030
0x3e17	0x31353834383231
0x3e25	0x32303536356238
0x3e33	0x353039
0x3e41	0x383031
0x3e4b	0x32633537363030
0x3e56	0x64356235623530
0x3e61	0x383135
0x3e77	0x35373537383138
0x3e9d	0x35363931393036
0x3ea7	0x35633536356235
0x3eaf	0x353035
0x3eb9	0x363131
0x3ebd	0x37653931393035
0x3ec5	0x383038
0x3ed1	0x37613537363030
0x3eef	0x36323536356235
0x3efd	0x393035
0x3f04	0x3136
0x3f0b	0x3761
0x3f1a	0x6138
0x3f22	0x366432
0x3f28	0x376537
0x3f2c	0x34346562
0x3f31	0x6366
0x3f38	0x666532626562
0x3f3f	0x64643666393964
0x3f47	0x34353930356162
0x3f50	0x65626532
