0x0	0x0
0x1	0x0
0x4	0x0
0x2	0x0
0x3	0x0
0x5	0x0
0x6	0x0
0x7	0x0
0x8	0x0
0x9	0x0
0xa	0x0
0xb	0x0
0xc	0x0
0xd	0x0
0xe	0x0
0xf	0x0
0x10	0x0
0x11	0x0
0x12	0x0
0x13	0x0
0x14	0x0
0x15	0x0
0x16	0x0
0x1b	0x0
0x1c	0x0
0x24	0x0
0x25	0x0
0x26	0x0
0x2d	0x0
0x30	0x0
0x31	0x0
0x32	0x0
0x33	0x0
0x34	0x0
0x35	0x0
0x36	0x0
0x37	0x0
0x38	0x0
0x39	0x0
0x3a	0x0
0x3d	0x0
0x3e	0x0
0x45	0x0
0x46	0x0
0x47	0x0
0x48	0x0
0x4d	0x0
0x4e	0x0
0x4f	0x0
0x50	0x0
0x51	0x0
0x52	0x0
0x53	0x0
0x58	0x0
0x59	0x0
0x5a	0x0
0x5b	0x0
0x5c	0x0
0x5d	0x0
0x5e	0x0
0x66	0x0
0x67	0x0
0x6a	0x0
0x6f	0x0
0x70	0x0
0x71	0x0
0x72	0x0
0x73	0x0
0x74	0x0
0x75	0x0
0x76	0x0
0x78	0x0
0x79	0x0
0x7a	0x0
0x7b	0x0
0x7c	0x0
0x7d	0x0
0x84	0x0
0x85	0x0
0x86	0x0
0x87	0x0
0x88	0x0
0x89	0x0
0x8a	0x0
0x8b	0x0
0x8c	0x0
0x8e	0x0
0x8f	0x0
0x90	0x0
0x91	0x0
0x92	0x0
0x93	0x0
0x94	0x0
0x95	0x0
0x96	0x0
0x9c	0x0
0x9d	0x0
0x9e	0x0
0x9f	0x0
0xa0	0x0
0xa1	0x0
0xa2	0x0
0xa4	0x0
0xa5	0x0
0xa6	0x0
0xa7	0x0
0xa8	0x0
0xab	0x0
0xb1	0x0
0xb2	0x0
0xb3	0x0
0xb4	0x0
0xb5	0x0
0xb6	0x0
0xb7	0x0
0xbf	0x0
0xc0	0x0
0xc7	0x0
0xc8	0x0
0xc9	0x0
0xca	0x0
0xcb	0x0
0xcc	0x0
0xcd	0x0
0xce	0x0
0xd0	0x0
0xd1	0x0
0xd2	0x0
0xd3	0x0
0xd5	0x0
0xd8	0x0
0xdb	0x0
0xdc	0x0
0xdd	0x0
0xde	0x0
0xdf	0x0
0xe0	0x0
0xe1	0x0
0xe4	0x0
0xe6	0x0
0xe7	0x0
0xe8	0x0
0xe9	0x0
0xec	0x0
0xf2	0x0
0xf3	0x0
0xf4	0x0
0xf5	0x0
0xf6	0x0
0xf7	0x0
0xf9	0x0
0x101	0x0
0x102	0x0
0x105	0x0
0x106	0x0
0x107	0x0
0x108	0x0
0x109	0x0
0x10a	0x0
0x10b	0x0
0x10c	0x0
0x10d	0x0
0x10e	0x0
0x112	0x0
0x113	0x0
0x114	0x0
0x115	0x0
0x116	0x0
0x117	0x0
0x11d	0x0
0x121	0x0
0x122	0x0
0x123	0x0
0x124	0x0
0x12b	0x0
0x12c	0x0
0x131	0x0
0x133	0x0
0x137	0x0
0x138	0x0
0x139	0x0
0x13a	0x0
0x142	0x0
0x147	0x0
0x14b	0x0
0x14c	0x0
0x14d	0x0
0x14e	0x0
0x14f	0x0
0x150	0x0
0x158	0x0
0x15f	0x0
0x160	0x0
0x161	0x0
0x162	0x0
0x163	0x0
0x164	0x0
0x165	0x0
0x166	0x0
0x167	0x0
0x168	0x0
0x16a	0x0
0x16b	0x0
0x16c	0x0
0x16d	0x0
0x16e	0x0
0x176	0x0
0x177	0x0
0x178	0x0
0x179	0x0
0x17a	0x0
0x17b	0x0
0x17c	0x0
0x17d	0x0
0x17e	0x0
0x180	0x0
0x181	0x0
0x185	0x0
0x186	0x0
0x187	0x0
0x188	0x0
0x190	0x0
0x191	0x0
0x192	0x0
0x193	0x0
0x194	0x0
0x19a	0x0
0x19b	0x0
0x19c	0x0
0x19d	0x0
0x19e	0x0
0x1a6	0x0
0x1ac	0x0
0x1ad	0x0
0x1ae	0x0
0x1af	0x0
0x1b0	0x0
0x1b1	0x0
0x1b2	0x0
0x1b3	0x0
0x1b4	0x0
0x1b5	0x0
0x1b6	0x0
0x1b7	0x0
0x1b8	0x0
0x1b9	0x0
0x1ba	0x0
0x1bb	0x0
0x1bc	0x0
0x1bd	0x0
0x1c1	0x0
0x1c2	0x0
0x1c3	0x0
0x1c5	0x0
0x1c6	0x0
0x1c7	0x0
0x1c8	0x0
0x1c9	0x0
0x1ca	0x0
0x1cb	0x0
0x1cc	0x0
0x1cd	0x0
0x1ce	0x0
0x1cf	0x0
0x1d0	0x0
0x1d1	0x0
0x1d2	0x0
0x1d3	0x0
0x1d4	0x0
0x1d5	0x0
0x1d6	0x0
0x1d7	0x0
0x1d9	0x0
0x1da	0x0
0x1db	0x0
0x1dd	0x0
0x1de	0x0
0x1e6	0x0
0x1e7	0x0
0x1e8	0x0
0x1e9	0x0
0x1ea	0x0
0x1eb	0x0
0x1ec	0x0
0x1ed	0x0
0x1ee	0x0
0x1f1	0x0
0x1f2	0x0
0x1f3	0x0
0x1f4	0x0
0x1f5	0x0
0x1f8	0x0
0x1f9	0x0
0x1fa	0x0
0x1fb	0x0
0x1fc	0x0
0x1fd	0x0
0x1fe	0x0
0x1ff	0x0
0x200	0x0
0x201	0x0
0x203	0x0
0x204	0x0
0x205	0x0
0x206	0x0
0x207	0x0
0x208	0x0
0x209	0x0
0x20a	0x0
0x20b	0x0
0x20c	0x0
0x20d	0x0
0x20f	0x0
0x210	0x0
0x211	0x0
0x212	0x0
0x213	0x0
0x214	0x0
0x215	0x0
0x216	0x0
0x217	0x0
0x218	0x0
0x219	0x0
0x21a	0x0
0x21b	0x0
0x21d	0x0
0x21e	0x0
0x21f	0x0
0x220	0x0
0x221	0x0
0x225	0x0
0x229	0x0
0x22a	0x0
0x22b	0x0
0x22c	0x0
0x22d	0x0
0x22e	0x0
0x22f	0x0
0x235	0x0
0x236	0x0
0x237	0x0
0x238	0x0
0x240	0x0
0x241	0x0
0x242	0x0
0x243	0x0
0x244	0x0
0x245	0x0
0x246	0x0
0x247	0x0
0x248	0x0
0x24b	0x0
0x24c	0x0
0x24d	0x0
0x24e	0x0
0x24f	0x0
0x252	0x0
0x253	0x0
0x254	0x0
0x255	0x0
0x256	0x0
0x257	0x0
0x258	0x0
0x259	0x0
0x25a	0x0
0x25b	0x0
0x25c	0x0
0x25d	0x0
0x25e	0x0
0x25f	0x0
0x267	0x0
0x268	0x0
0x269	0x0
0x26b	0x0
0x26c	0x0
0x26d	0x0
0x26e	0x0
0x26f	0x0
0x270	0x0
0x271	0x0
0x272	0x0
0x273	0x0
0x274	0x0
0x275	0x0
0x276	0x0
0x277	0x0
0x278	0x0
0x279	0x0
0x27a	0x0
0x27b	0x0
0x27c	0x0
0x27d	0x0
0x27e	0x0
0x27f	0x0
0x280	0x0
0x281	0x0
0x283	0x0
0x284	0x0
0x285	0x0
0x287	0x0
0x288	0x0
0x290	0x0
0x291	0x0
0x292	0x0
0x293	0x0
0x294	0x0
0x295	0x0
0x296	0x0
0x298	0x0
0x299	0x0
0x29a	0x0
0x29b	0x0
0x29c	0x0
0x29d	0x0
0x29e	0x0
0x2a6	0x0
0x2ac	0x0
0x2b0	0x0
0x2b1	0x0
0x2b5	0x0
0x2b6	0x0
0x2b7	0x0
0x2b8	0x0
0x2b9	0x0
0x2ba	0x0
0x2bb	0x0
0x2bc	0x0
0x2be	0x0
0x2bf	0x0
0x2c0	0x0
0x2c1	0x0
0x2c2	0x0
0x2c3	0x0
0x2c4	0x0
0x2cc	0x0
0x2d2	0x0
0x2d3	0x0
0x2d4	0x0
0x2d5	0x0
0x2d6	0x0
0x2d7	0x0
0x2d8	0x0
0x2dd	0x0
0x2e1	0x0
0x2e2	0x0
0x2e3	0x0
0x2e4	0x0
0x2e5	0x0
0x2e8	0x0
0x2ea	0x0
0x2eb	0x0
0x2ec	0x0
0x2ed	0x0
0x2ee	0x0
0x2ef	0x0
0x2f0	0x0
0x2f8	0x0
0x2fe	0x0
0x2ff	0x0
0x300	0x0
0x301	0x0
0x302	0x0
0x303	0x0
0x304	0x0
0x30a	0x0
0x30b	0x0
0x30c	0x0
0x30d	0x0
0x30e	0x0
0x30f	0x0
0x310	0x0
0x311	0x0
0x312	0x0
0x313	0x0
0x31b	0x0
0x31c	0x0
0x324	0x0
0x32a	0x0
0x331	0x0
0x332	0x0
0x333	0x0
0x334	0x0
0x335	0x0
0x336	0x0
0x337	0x0
0x338	0x0
0x339	0x0
0x33a	0x0
0x342	0x0
0x343	0x0
0x344	0x0
0x345	0x0
0x346	0x0
0x347	0x0
0x348	0x0
0x34c	0x0
0x34d	0x0
0x34e	0x0
0x34f	0x0
0x350	0x0
0x351	0x0
0x352	0x0
0x35a	0x0
0x35b	0x0
0x35c	0x0
0x35d	0x0
0x35e	0x0
0x35f	0x0
0x360	0x0
0x363	0x0
0x364	0x0
0x365	0x0
0x369	0x0
0x36a	0x0
0x36b	0x0
0x36c	0x0
0x36d	0x0
0x36e	0x0
0x372	0x0
0x373	0x0
0x374	0x0
0x375	0x0
0x376	0x0
0x377	0x0
0x378	0x0
0x380	0x0
0x385	0x0
0x386	0x0
0x388	0x0
0x389	0x0
0x38a	0x0
0x38b	0x0
0x38f	0x0
0x390	0x0
0x391	0x0
0x392	0x0
0x393	0x0
0x394	0x0
0x395	0x0
0x396	0x0
0x397	0x0
0x398	0x0
0x39b	0x0
0x39c	0x0
0x39d	0x0
0x39e	0x0
0x39f	0x0
0x3a3	0x0
0x3a5	0x0
0x3a6	0x0
0x3a7	0x0
0x3a8	0x0
0x3a9	0x0
0x3aa	0x0
0x3ab	0x0
0x3ac	0x0
0x3ad	0x0
0x3ae	0x0
0x3af	0x0
0x3b0	0x0
0x3b1	0x0
0x3b2	0x0
0x3b3	0x0
0x3b4	0x0
0x3b5	0x0
0x3b6	0x0
0x3b7	0x0
0x3b8	0x0
0x3b9	0x0
0x3bb	0x0
0x3bc	0x0
0x3bd	0x0
0x3bf	0x0
0x3c0	0x0
0x3c8	0x0
0x3c9	0x0
0x3ca	0x0
0x3cb	0x0
0x3cc	0x0
0x3d3	0x0
0x3d4	0x0
0x3d5	0x0
0x3d6	0x0
0x3de	0x0
0x3e3	0x0
0x3e4	0x0
0x3e5	0x0
0x3e6	0x0
0x3e7	0x0
0x3e8	0x0
0x3e9	0x0
0x3ed	0x0
0x3ee	0x0
0x3f4	0x0
0x3f5	0x0
0x3f6	0x0
0x3f7	0x0
0x3f8	0x0
0x3f9	0x0
0x3fa	0x0
0x3fb	0x0
0x3fc	0x0
0x3fd	0x0
0x3fe	0x0
0x3ff	0x0
0x403	0x0
0x404	0x0
0x405	0x0
0x406	0x0
0x407	0x0
0x408	0x0
0x409	0x0
0x40c	0x0
0x40d	0x0
0x40e	0x0
0x40f	0x0
0x410	0x0
0x411	0x0
0x412	0x0
0x41a	0x0
0x41f	0x0
0x420	0x0
0x423	0x0
0x424	0x0
0x425	0x0
0x429	0x0
0x42a	0x0
0x42b	0x0
0x42c	0x0
0x42d	0x0
0x42e	0x0
0x42f	0x0
0x435	0x0
0x436	0x0
0x437	0x0
0x438	0x0
0x440	0x0
0x445	0x0
0x446	0x0
0x44a	0x0
0x44b	0x0
0x44f	0x0
0x450	0x0
0x451	0x0
0x452	0x0
0x453	0x0
0x454	0x0
0x455	0x0
0x456	0x0
0x458	0x0
0x459	0x0
0x45a	0x0
0x45b	0x0
0x45c	0x0
0x45d	0x0
0x45e	0x0
0x466	0x0
0x46b	0x0
0x46c	0x0
0x471	0x0
0x475	0x0
0x476	0x0
0x477	0x0
0x478	0x0
0x479	0x0
0x47a	0x0
0x47b	0x0
0x47c	0x0
0x47d	0x0
0x47e	0x0
0x47f	0x0
0x480	0x0
0x481	0x0
0x482	0x0
0x483	0x0
0x484	0x0
0x485	0x0
0x486	0x0
0x487	0x0
0x488	0x0
0x48f	0x0
0x490	0x0
0x491	0x0
0x492	0x0
0x493	0x0
0x494	0x0
0x495	0x0
0x496	0x0
0x497	0x0
0x498	0x0
0x499	0x0
0x49a	0x0
0x49d	0x0
0x49e	0x0
0x49f	0x0
0x4a0	0x0
0x4a1	0x0
0x4a4	0x0
0x4a5	0x0
0x4a7	0x0
0x4af	0x0
0x4b0	0x0
0x4b1	0x0
0x4b2	0x0
0x4b3	0x0
0x4b4	0x0
0x4b5	0x0
0x4bc	0x0
0x4c3	0x0
0x4c6	0x0
0x4c7	0x0
0x4c8	0x0
0x4c9	0x0
0x4ca	0x0
0x4d1	0x0
0x4d2	0x0
0x4d6	0x0
0x4d8	0x0
0x4dd	0x0
0x4de	0x0
0x4e1	0x0
0x4e8	0x0
0x4e9	0x0
0x4ea	0x0
0x4eb	0x0
0x4ec	0x0
0x4ed	0x0
0x4ee	0x0
0x4ef	0x0
0x4f0	0x0
0x4f1	0x0
0x4f3	0x0
0x4f4	0x0
0x4f5	0x0
0x4f6	0x0
0x4f7	0x0
0x4f8	0x0
0x4f9	0x0
0x4fa	0x0
0x4fb	0x0
0x4fc	0x0
0x4fd	0x0
0x4fe	0x0
0x4ff	0x0
0x500	0x0
0x501	0x0
0x502	0x0
0x503	0x0
0x504	0x0
0x505	0x0
0x507	0x0
0x508	0x0
0x509	0x0
0x50a	0x0
0x50b	0x0
0x50d	0x0
0x50e	0x0
0x50f	0x0
0x510	0x0
0x511	0x0
0x513	0x0
0x514	0x0
0x515	0x0
0x517	0x0
0x518	0x0
0x51b	0x0
0x51d	0x0
0x51e	0x0
0x51f	0x0
0x520	0x0
0x521	0x0
0x522	0x0
0x523	0x0
0x524	0x0
0x525	0x0
0x529	0x0
0x52a	0x0
0x52b	0x0
0x52c	0x0
0x52d	0x0
0x52e	0x0
0x52f	0x0
0x530	0x0
0x531	0x0
0x532	0x0
0x533	0x0
0x534	0x0
0x537	0x0
0x538	0x0
0x539	0x0
0x53a	0x0
0x53b	0x0
0x53f	0x0
0x540	0x0
0x541	0x0
0x542	0x0
0x543	0x0
0x545	0x0
0x546	0x0
0x547	0x0
0x548	0x0
0x549	0x0
0x54a	0x0
0x54b	0x0
0x54c	0x0
0x54d	0x0
0x54e	0x0
0x552	0x0
0x553	0x0
0x554	0x0
0x555	0x0
0x556	0x0
0x557	0x0
0x558	0x0
0x560	0x0
0x561	0x0
0x563	0x0
0x564	0x0
0x565	0x0
0x566	0x0
0x567	0x0
0x568	0x0
0x569	0x0
0x56a	0x0
0x56b	0x0
0x56c	0x0
0x56d	0x0
0x56e	0x0
0x56f	0x0
0x570	0x0
0x571	0x0
0x572	0x0
0x573	0x0
0x574	0x0
0x575	0x0
0x576	0x0
0x577	0x0
0x578	0x0
0x579	0x0
0x57a	0x0
0x57b	0x0
0x57c	0x0
0x57d	0x0
0x57e	0x0
0x57f	0x0
0x580	0x0
0x581	0x0
0x582	0x0
0x583	0x0
0x584	0x0
0x585	0x0
0x586	0x0
0x587	0x0
0x588	0x0
0x589	0x0
0x58a	0x0
0x58b	0x0
0x58c	0x0
0x58d	0x0
0x58f	0x0
0x590	0x0
0x591	0x0
0x592	0x0
0x593	0x0
0x594	0x0
0x59c	0x0
0x59d	0x0
0x59e	0x0
0x5a4	0x0
0x5a5	0x0
0x5a6	0x0
0x5a7	0x0
0x5a8	0x0
0x5b0	0x0
0x5b1	0x0
0x5b2	0x0
0x5b3	0x0
0x5b4	0x0
0x5b5	0x0
0x5b6	0x0
0x5b7	0x0
0x5b8	0x0
0x5b9	0x0
0x5ba	0x0
0x5bb	0x0
0x5bd	0x0
0x5be	0x0
0x5c6	0x0
0x5ce	0x0
0x5d6	0x0
0x5de	0x0
0x5e6	0x0
0x5e9	0x0
0x5ea	0x0
0x5eb	0x0
0x5ec	0x0
0x5ed	0x0
0x5ee	0x0
0x5ef	0x0
0x5f0	0x0
0x5f1	0x0
0x5f2	0x0
0x5f3	0x0
0x5f4	0x0
0x5f7	0x0
0x5f8	0x0
0x5f9	0x0
0x5fa	0x0
0x5fb	0x0
0x600	0x0
0x601	0x0
0x602	0x0
0x603	0x0
0x604	0x0
0x607	0x0
0x609	0x0
0x60a	0x0
0x60b	0x0
0x60c	0x0
0x60d	0x0
0x60e	0x0
0x60f	0x0
0x610	0x0
0x611	0x0
0x612	0x0
0x613	0x0
0x614	0x0
0x615	0x0
0x616	0x0
0x617	0x0
0x619	0x0
0x61a	0x0
0x61c	0x0
0x61d	0x0
0x61f	0x0
0x621	0x0
0x623	0x0
0x624	0x0
0x627	0x0
0x629	0x0
0x62a	0x0
0x62b	0x0
0x62d	0x0
0x62e	0x0
0x62f	0x0
0x630	0x0
0x631	0x0
0x632	0x0
0x633	0x0
0x634	0x0
0x635	0x0
0x636	0x0
0x637	0x0
0x638	0x0
0x639	0x0
0x63a	0x0
0x63b	0x0
0x63c	0x0
0x63d	0x0
0x63e	0x0
0x63f	0x0
0x640	0x0
0x641	0x0
0x642	0x0
0x643	0x0
0x644	0x0
0x645	0x0
0x646	0x0
0x647	0x0
0x648	0x0
0x649	0x0
0x64a	0x0
0x64b	0x0
0x64c	0x0
0x64d	0x0
0x64e	0x0
0x64f	0x0
0x650	0x0
0x651	0x0
0x652	0x0
0x653	0x0
0x654	0x0
0x655	0x0
0x656	0x0
0x657	0x0
0x659	0x0
0x65a	0x0
0x65b	0x0
0x65d	0x0
0x65f	0x0
0x661	0x0
0x662	0x0
0x663	0x0
0x664	0x0
0x667	0x0
0x668	0x0
0x670	0x0
0x671	0x0
0x672	0x0
0x673	0x0
0x674	0x0
0x675	0x0
0x676	0x0
0x677	0x0
0x678	0x0
0x679	0x0
0x67a	0x0
0x67b	0x0
0x67c	0x0
0x67d	0x0
0x67e	0x0
0x67f	0x0
0x680	0x0
0x681	0x0
0x682	0x0
0x683	0x0
0x684	0x0
0x685	0x0
0x686	0x0
0x687	0x0
0x688	0x0
0x689	0x0
0x68a	0x0
0x68b	0x0
0x68c	0x0
0x68d	0x0
0x68e	0x0
0x68f	0x0
0x690	0x0
0x691	0x0
0x692	0x0
0x694	0x0
0x695	0x0
0x696	0x0
0x699	0x0
0x69a	0x0
0x69b	0x0
0x69c	0x0
0x69d	0x0
0x69e	0x0
0x69f	0x0
0x6a3	0x0
0x6a4	0x0
0x6a5	0x0
0x6a6	0x0
0x6a7	0x0
0x6a8	0x0
0x6a9	0x0
0x6aa	0x0
0x6ab	0x0
0x6ac	0x0
0x6ad	0x0
0x6ae	0x0
0x6af	0x0
0x6b0	0x0
0x6b3	0x0
0x6b4	0x0
0x6b5	0x0
0x6b6	0x0
0x6b7	0x0
0x6bb	0x0
0x6bc	0x0
0x6bd	0x0
0x6be	0x0
0x6bf	0x0
0x6c1	0x0
0x6c2	0x0
0x6c3	0x0
0x6c4	0x0
0x6c5	0x0
0x6c6	0x0
0x6c7	0x0
0x6c8	0x0
0x6c9	0x0
0x6ca	0x0
0x6cb	0x0
0x6cf	0x0
0x6d0	0x0
0x6d1	0x0
0x6d2	0x0
0x6d3	0x0
0x6d4	0x0
0x6dc	0x0
0x6dd	0x0
0x6de	0x0
0x6df	0x0
0x6e0	0x0
0x6e1	0x0
0x6e2	0x0
0x6e3	0x0
0x6e4	0x0
0x6e7	0x0
0x6e8	0x0
0x6e9	0x0
0x6ea	0x0
0x6eb	0x0
0x6ee	0x0
0x6ef	0x0
0x6f0	0x0
0x6f1	0x0
0x6f2	0x0
0x6f3	0x0
0x6f5	0x0
0x6f6	0x0
0x6f7	0x0
0x6f8	0x0
0x6f9	0x0
0x6fa	0x0
0x6fb	0x0
0x6fc	0x0
0x6fd	0x0
0x6fe	0x0
0x6ff	0x0
0x700	0x0
0x701	0x0
0x702	0x0
0x704	0x0
0x705	0x0
0x706	0x0
0x707	0x0
0x708	0x0
0x709	0x0
0x70a	0x0
0x712	0x0
0x713	0x0
0x714	0x0
0x715	0x0
0x716	0x0
0x717	0x0
0x719	0x0
0x71a	0x0
0x722	0x0
0x72a	0x0
0x732	0x0
0x73a	0x0
0x742	0x0
0x744	0x0
0x745	0x0
0x746	0x0
0x747	0x0
0x748	0x0
0x749	0x0
0x74a	0x0
0x74b	0x0
0x74c	0x0
0x74f	0x0
0x750	0x0
0x751	0x0
0x752	0x0
0x753	0x0
0x756	0x0
0x757	0x0
0x758	0x0
0x759	0x0
0x75a	0x0
0x75c	0x0
0x75d	0x0
0x75e	0x0
0x75f	0x0
0x760	0x0
0x761	0x0
0x765	0x0
0x766	0x0
0x767	0x0
0x768	0x0
0x769	0x0
0x76a	0x0
0x76b	0x0
0x76f	0x0
0x770	0x0
0x771	0x0
0x772	0x0
0x773	0x0
0x774	0x0
0x779	0x0
0x77a	0x0
0x77b	0x0
0x77c	0x0
0x77d	0x0
0x77e	0x0
0x781	0x0
0x782	0x0
0x783	0x0
0x787	0x0
0x789	0x0
0x78a	0x0
0x78b	0x0
0x78c	0x0
0x78d	0x0
0x791	0x0
0x792	0x0
0x793	0x0
0x794	0x0
0x795	0x0
0x796	0x0
0x79c	0x0
0x79d	0x0
0x79e	0x0
0x79f	0x0
0x7a0	0x0
0x7a2	0x0
0x7a4	0x0
0x7a5	0x0
0x7a6	0x0
0x7a7	0x0
0x7ab	0x0
0x7ac	0x0
0x7ad	0x0
0x7ae	0x0
0x7af	0x0
0x7b0	0x0
0x7b1	0x0
0x7b2	0x0
0x7b3	0x0
0x7b7	0x0
0x7b8	0x0
0x7b9	0x0
0x7ba	0x0
0x7bb	0x0
0x7bc	0x0
0x7c2	0x0
0x7c3	0x0
0x7c4	0x0
0x7c5	0x0
0x7c6	0x0
0x7c8	0x0
0x7ca	0x0
0x7cb	0x0
0x7cc	0x0
0x7cd	0x0
0x7d1	0x0
0x7d2	0x0
0x7d3	0x0
0x7d4	0x0
0x7d5	0x0
0x7d6	0x0
0x7db	0x0
0x7dc	0x0
0x7dd	0x0
0x7de	0x0
0x7df	0x0
0x7e0	0x0
0x7e3	0x0
0x7e4	0x0
0x7e5	0x0
0x7e9	0x0
0x7ea	0x0
0x7eb	0x0
0x7ec	0x0
0x7ed	0x0
0x7ee	0x0
0x7ef	0x0
0x7f0	0x0
0x7f1	0x0
0x7f2	0x0
0x7f5	0x0
0x7f6	0x0
0x7f7	0x0
0x7f8	0x0
0x7f9	0x0
0x7fc	0x0
0x7fd	0x0
0x7fe	0x0
0x7ff	0x0
0x800	0x0
0x801	0x0
0x802	0x0
0x806	0x0
0x807	0x0
0x808	0x0
0x809	0x0
0x80a	0x0
0x80b	0x0
0x80c	0x0
0x80d	0x0
0x80e	0x0
0x80f	0x0
0x810	0x0
0x811	0x0
0x812	0x0
0x81a	0x0
0x81b	0x0
0x81c	0x0
0x81d	0x0
0x81e	0x0
0x825	0x0
0x828	0x0
0x829	0x0
0x82a	0x0
0x82b	0x0
0x82c	0x0
0x82d	0x0
0x82e	0x0
0x82f	0x0
0x830	0x0
0x831	0x0
0x832	0x0
0x833	0x0
0x834	0x0
0x835	0x0
0x836	0x0
0x837	0x0
0x838	0x0
0x839	0x0
0x83a	0x0
0x83b	0x0
0x83c	0x0
0x83d	0x0
0x83e	0x0
0x83f	0x0
0x840	0x0
0x841	0x0
0x842	0x0
0x843	0x0
0x844	0x0
0x845	0x0
0x846	0x0
0x847	0x0
0x848	0x0
0x84a	0x0
0x84b	0x0
0x84c	0x0
0x84d	0x0
0x851	0x0
0x852	0x0
0x853	0x0
0x854	0x0
0x855	0x0
0x856	0x0
0x857	0x0
0x858	0x0
0x85a	0x0
0x85b	0x0
0x85c	0x0
0x85d	0x0
0x85e	0x0
0x85f	0x0
0x860	0x0
0x868	0x0
0x869	0x0
0x86a	0x0
0x86b	0x0
0x86c	0x0
0x86d	0x0
0x86e	0x0
0x86f	0x0
0x870	0x0
0x871	0x0
0x878	0x0
0x879	0x0
0x87a	0x0
0x882	0x0
0x883	0x0
0x884	0x0
0x885	0x0
0x886	0x0
0x887	0x0
0x888	0x0
0x889	0x0
0x88a	0x0
0x88b	0x0
0x88c	0x0
0x88d	0x0
0x88f	0x0
0x890	0x0
0x891	0x0
0x892	0x0
0x893	0x0
0x894	0x0
0x895	0x0
0x896	0x0
0x897	0x0
0x898	0x0
0x89b	0x0
0x89c	0x0
0x89d	0x0
0x89e	0x0
0x89f	0x0
0x8a2	0x0
0x8a3	0x0
0x8a4	0x0
0x8a5	0x0
0x8a6	0x0
0x8a7	0x0
0x8a8	0x0
0x8a9	0x0
0x8aa	0x0
0x8ab	0x0
0x8ac	0x0
0x8af	0x0
0x8b0	0x0
0x8b1	0x0
0x8b2	0x0
0x8b3	0x0
0x8b6	0x0
0x8b7	0x0
0x8b8	0x0
0x8b9	0x0
0x8ba	0x0
0x8bb	0x0
0x8bc	0x0
0x8bd	0x0
0x8be	0x0
0x8bf	0x0
0x8c0	0x0
0x8c1	0x0
0x8c2	0x0
0x8c4	0x0
0x8c6	0x0
0x8c7	0x0
0x8c8	0x0
0x8c9	0x0
0x8ca	0x0
0x8cb	0x0
0x8cc	0x0
0x8d4	0x0
0x8d5	0x0
0x8d6	0x0
0x8d7	0x0
0x8d8	0x0
0x8db	0x0
0x8dc	0x0
0x8dd	0x0
0x8de	0x0
0x8df	0x0
0x8e2	0x0
0x8e3	0x0
0x8e5	0x0
0x8ed	0x0
0x8ee	0x0
0x8f0	0x0
0x8f5	0x0
0x8f6	0x0
0x8fe	0x0
0x8ff	0x0
0x900	0x0
0x901	0x0
0x903	0x0
0x904	0x0
0x90a	0x0
0x90b	0x0
0x90c	0x0
0x913	0x0
0x914	0x0
0x919	0x0
0x91d	0x0
0x91e	0x0
0x91f	0x0
0x922	0x0
0x928	0x0
0x929	0x0
0x92a	0x0
0x92b	0x0
0x92c	0x0
0x92d	0x0
0x92f	0x0
0x930	0x0
0x931	0x0
0x932	0x0
0x933	0x0
0x934	0x0
0x935	0x0
0x936	0x0
0x937	0x0
0x938	0x0
0x939	0x0
0x93a	0x0
0x93b	0x0
0x93c	0x0
0x93d	0x0
0x93e	0x0
0x93f	0x0
0x940	0x0
0x941	0x0
0x943	0x0
0x944	0x0
0x945	0x0
0x947	0x0
0x948	0x0
0x94b	0x0
0x94c	0x0
0x94d	0x0
0x951	0x0
0x952	0x0
0x953	0x0
0x954	0x0
0x955	0x0
0x956	0x0
0x957	0x0
0x959	0x0
0x95a	0x0
0x95b	0x0
0x95c	0x0
0x95d	0x0
0x95e	0x0
0x95f	0x0
0x960	0x0
0x961	0x0
0x962	0x0
0x965	0x0
0x966	0x0
0x967	0x0
0x968	0x0
0x969	0x0
0x96d	0x0
0x96e	0x0
0x96f	0x0
0x970	0x0
0x971	0x0
0x973	0x0
0x974	0x0
0x975	0x0
0x976	0x0
0x977	0x0
0x978	0x0
0x979	0x0
0x97a	0x0
0x97b	0x0
0x97c	0x0
0x981	0x0
0x982	0x0
0x983	0x0
0x984	0x0
0x985	0x0
0x986	0x0
0x98e	0x0
0x98f	0x0
0x990	0x0
0x991	0x0
0x992	0x0
0x993	0x0
0x994	0x0
0x995	0x0
0x996	0x0
0x997	0x0
0x998	0x0
0x999	0x0
0x99a	0x0
0x99b	0x0
0x99c	0x0
0x99f	0x0
0x9a0	0x0
0x9a1	0x0
0x9a2	0x0
0x9a3	0x0
0x9a7	0x0
0x9a8	0x0
0x9a9	0x0
0x9aa	0x0
0x9ab	0x0
0x9ad	0x0
0x9ae	0x0
0x9af	0x0
0x9b1	0x0
0x9b9	0x0
0x9bd	0x0
0x9be	0x0
0x9c4	0x0
0x9cb	0x0
0x9ce	0x0
0x9cf	0x0
0x9d6	0x0
0x9dc	0x0
0x9dd	0x0
0x9de	0x0
0x9df	0x0
0x9e0	0x0
0x9e1	0x0
0x9e8	0x0
0x9e9	0x0
0x9ea	0x0
0x9eb	0x0
0x9ef	0x0
0x9f0	0x0
0x9f1	0x0
0x9f5	0x0
0x9f6	0x0
0x9f7	0x0
0x9f8	0x0
0x9f9	0x0
0x9fa	0x0
0x9fb	0x0
0x9fc	0x0
0x9fd	0x0
0x9fe	0x0
0x9ff	0x0
0xa01	0x0
0xa02	0x0
0xa03	0x0
0xa05	0x0
0xa06	0x0
0xa09	0x0
0xa0a	0x0
0xa0b	0x0
0xa0c	0x0
0xa0d	0x0
0xa0e	0x0
0xa0f	0x0
0xa10	0x0
0xa11	0x0
0xa12	0x0
0xa13	0x0
0xa14	0x0
0xa15	0x0
0xa16	0x0
0xa17	0x0
0xa18	0x0
0xa19	0x0
0xa1b	0x0
0xa1c	0x0
0xa24	0x0
0xa2c	0x0
0xa34	0x0
0xa3c	0x0
0xa44	0x0
0xa46	0x0
0xa47	0x0
0xa48	0x0
0xa49	0x0
0xa4a	0x0
0xa4b	0x0
0xa4c	0x0
0xa4d	0x0
0xa4e	0x0
0xa51	0x0
0xa52	0x0
0xa53	0x0
0xa54	0x0
0xa55	0x0
0xa59	0x0
0xa5b	0x0
0xa5c	0x0
0xa5d	0x0
0xa5f	0x0
0xa61	0x0
0xa63	0x0
0xa64	0x0
0xa67	0x0
0xa68	0x0
0xa69	0x0
0xa6b	0x0
0xa6c	0x0
0xa6d	0x0
0xa6e	0x0
0xa6f	0x0
0xa73	0x0
0xa74	0x0
0xa75	0x0
0xa76	0x0
0xa77	0x0
0xa78	0x0
0xa79	0x0
0xa7a	0x0
0xa7b	0x0
0xa7c	0x0
0xa7f	0x0
0xa80	0x0
0xa81	0x0
0xa82	0x0
0xa83	0x0
0xa86	0x0
0xa87	0x0
0xa88	0x0
0xa89	0x0
0xa8a	0x0
0xa8b	0x0
0xa8c	0x0
0xa8d	0x0
0xa91	0x0
0xa92	0x0
0xa93	0x0
0xa94	0x0
0xa95	0x0
0xa96	0x0
0xa97	0x0
0xa98	0x0
0xa99	0x0
0xa9a	0x0
0xa9d	0x0
0xa9e	0x0
0xa9f	0x0
0xaa0	0x0
0xaa1	0x0
0xaa4	0x0
0xaa5	0x0
0xaa6	0x0
0xaa7	0x0
0xaa8	0x0
0xaa9	0x0
0xaaa	0x0
0xaab	0x0
0xaaf	0x0
0xab0	0x0
0xab1	0x0
0xab2	0x0
0xab3	0x0
0xab4	0x0
0xab5	0x0
0xab6	0x0
0xab7	0x0
0xab8	0x0
0xab9	0x0
0xaba	0x0
0xabb	0x0
0xabc	0x0
0xabd	0x0
0xabe	0x0
0xabf	0x0
0xac0	0x0
0xac1	0x0
0xac2	0x0
0xac9	0x0
0xaca	0x0
0xacb	0x0
0xacc	0x0
0xacd	0x0
0xace	0x0
0xacf	0x0
0xad0	0x0
0xad1	0x0
0xad2	0x0
0xad3	0x0
0xad4	0x0
0xad7	0x0
0xad8	0x0
0xad9	0x0
0xada	0x0
0xadb	0x0
0xade	0x0
0xadf	0x0
0xae1	0x0
0xaea	0x0
0xaeb	0x0
0xaec	0x0
0xaf0	0x0
0xaf2	0x0
0xafa	0x0
0xafb	0x0
0xb01	0x0
0xb06	0x0
0xb07	0x0
0xb0f	0x0
0xb13	0x0
0xb1a	0x0
0xb1b	0x0
0xb1d	0x0
0xb1e	0x0
0xb1f	0x0
0xb22	0x0
0xb23	0x0
0xb24	0x0
0xb25	0x0
0xb26	0x0
0xb27	0x0
0xb28	0x0
0xb29	0x0
0xb2a	0x0
0xb2b	0x0
0xb2d	0x0
0xb2e	0x0
0xb2f	0x0
0xb30	0x0
0xb31	0x0
0xb32	0x0
0xb33	0x0
0xb34	0x0
0xb35	0x0
0xb36	0x0
0xb37	0x0
0xb38	0x0
0xb39	0x0
0xb3a	0x0
0xb3b	0x0
0xb3c	0x0
0xb3d	0x0
0xb3e	0x0
0xb3f	0x0
0xb41	0x0
0xb42	0x0
0xb43	0x0
0xb44	0x0
0xb45	0x0
0xb47	0x0
0xb48	0x0
0xb49	0x0
0xb4a	0x0
0xb4b	0x0
0xb4d	0x0
0xb4e	0x0
0xb4f	0x0
0xb51	0x0
0xb52	0x0
0xb55	0x0
0xb57	0x0
0xb58	0x0
0xb59	0x0
0xb5a	0x0
0xb5b	0x0
0xb5c	0x0
0xb5d	0x0
0xb61	0x0
0xb62	0x0
0xb63	0x0
0xb64	0x0
0xb65	0x0
0xb66	0x0
0xb67	0x0
0xb68	0x0
0xb69	0x0
0xb6a	0x0
0xb6d	0x0
0xb6e	0x0
0xb6f	0x0
0xb70	0x0
0xb71	0x0
0xb74	0x0
0xb75	0x0
0xb76	0x0
0xb77	0x0
0xb78	0x0
0xb79	0x0
0xb7a	0x0
0xb7b	0x0
0xb7f	0x0
0xb80	0x0
0xb81	0x0
0xb82	0x0
0xb83	0x0
0xb84	0x0
0xb85	0x0
0xb86	0x0
0xb87	0x0
0xb88	0x0
0xb8b	0x0
0xb8c	0x0
0xb8d	0x0
0xb8e	0x0
0xb8f	0x0
0xb92	0x0
0xb93	0x0
0xb94	0x0
0xb95	0x0
0xb96	0x0
0xb97	0x0
0xb98	0x0
0xb99	0x0
0xb9d	0x0
0xb9e	0x0
0xb9f	0x0
0xba0	0x0
0xba1	0x0
0xba2	0x0
0xba3	0x0
0xba4	0x0
0xba5	0x0
0xba6	0x0
0xba9	0x0
0xbaa	0x0
0xbab	0x0
0xbac	0x0
0xbad	0x0
0xbb0	0x0
0xbb1	0x0
0xbb2	0x0
0xbb3	0x0
0xbb4	0x0
0xbb5	0x0
0xbb6	0x0
0xbb7	0x0
0xbbb	0x0
0xbbc	0x0
0xbbd	0x0
0xbbe	0x0
0xbbf	0x0
0xbc0	0x0
0xbc1	0x0
0xbc2	0x0
0xbc3	0x0
0xbc4	0x0
0xbc5	0x0
0xbc6	0x0
0xbc7	0x0
0xbc8	0x0
0xbc9	0x0
0xbca	0x0
0xbcb	0x0
0xbcc	0x0
0xbcd	0x0
0xbce	0x0
0xbcf	0x0
0xbd0	0x0
0xbd1	0x0
0xbd2	0x0
0xbd3	0x0
0xbd4	0x0
0xbdb	0x0
0xbdf	0x0
0xbe0	0x0
0xbe1	0x0
0xbe2	0x0
0xbe3	0x0
0xbe5	0x0
0xbea	0x0
0xbeb	0x0
0xbec	0x0
0xbed	0x0
0xbee	0x0
0xbef	0x0
0xbf0	0x0
0xbf1	0x0
0xbf3	0x0
0xbf4	0x0
0xbf5	0x0
0xbf6	0x0
0xbf7	0x0
0xbf8	0x0
0xbf9	0x0
0xbfa	0x0
0xbfb	0x0
0xbfc	0x0
0xbff	0x0
0xc00	0x0
0xc01	0x0
0xc02	0x0
0xc03	0x0
0xc06	0x0
0xc07	0x0
0xc08	0x0
0xc09	0x0
0xc0a	0x0
0xc0b	0x0
0xc0c	0x0
0xc10	0x0
0xc16	0x0
0xc18	0x0
0xc19	0x0
0xc1a	0x0
0xc1b	0x0
0xc1c	0x0
0xc1d	0x0
0xc1e	0x0
0xc1f	0x0
0xc20	0x0
0xc27	0x0
0xc2a	0x0
0xc32	0x0
0xc33	0x0
0xc34	0x0
0xc35	0x0
0xc36	0x0
0xc37	0x0
0xc38	0x0
0xc39	0x0
0xc3a	0x0
0xc3b	0x0
0xc3c	0x0
0xc3d	0x0
0xc3e	0x0
0xc3f	0x0
0xc40	0x0
0xc41	0x0
0xc42	0x0
0xc45	0x0
0xc46	0x0
0xc47	0x0
0xc48	0x0
0xc49	0x0
0xc4d	0x0
0xc4e	0x0
0xc4f	0x0
0xc50	0x0
0xc51	0x0
0xc52	0x0
0xc53	0x0
0xc54	0x0
0xc55	0x0
0xc56	0x0
0xc57	0x0
0xc58	0x0
0xc59	0x0
0xc5a	0x0
0xc5b	0x0
0xc5d	0x0
0xc5f	0x0
0xc61	0x0
0xc62	0x0
0xc63	0x0
0xc64	0x0
0xc65	0x0
0xc66	0x0
0xc67	0x0
0xc68	0x0
0xc69	0x0
0xc6a	0x0
0xc6b	0x0
0xc6c	0x0
0xc6d	0x0
0xc6e	0x0
0xc6f	0x0
0xc70	0x0
0xc71	0x0
0xc72	0x0
0xc73	0x0
0xc74	0x0
0xc75	0x0
0xc77	0x0
0xc79	0x0
0xc7b	0x0
0xc7c	0x0
0xc7d	0x0
0xc7e	0x0
0xc7f	0x0
0xc80	0x0
0xc81	0x0
0xc82	0x0
0xc83	0x0
0xc84	0x0
0xc85	0x0
0xc86	0x0
0xc87	0x0
0xc88	0x0
0xc89	0x0
0xc8a	0x0
0xc8b	0x0
0xc8c	0x0
0xc8d	0x0
0xc8e	0x0
0xc8f	0x0
0xc90	0x0
0xc91	0x0
0xc92	0x0
0xc93	0x0
0xc94	0x0
0xc95	0x0
0xc96	0x0
0xc97	0x0
0xc98	0x0
0xc99	0x0
0xc9a	0x0
0xc9c	0x0
0xc9d	0x0
0xc9e	0x0
0xc9f	0x0
0xca3	0x0
0xca4	0x0
0xca5	0x0
0xca6	0x0
0xca7	0x0
0xca8	0x0
0xca9	0x0
0xcac	0x0
0xcad	0x0
0xcae	0x0
0xcaf	0x0
0xcb0	0x0
0xcb1	0x0
0xcb2	0x0
0xcba	0x0
0xcbb	0x0
0xcbc	0x0
0xcbd	0x0
0xcbe	0x0
0xcbf	0x0
0xcc0	0x0
0xcc1	0x0
0xcc2	0x0
0xcc4	0x0
0xcc6	0x0
0xcc7	0x0
0xcc8	0x0
0xcc9	0x0
0xcca	0x0
0xccb	0x0
0xccc	0x0
0xcd4	0x0
0xcd5	0x0
0xcd6	0x0
0xcd7	0x0
0xcd8	0x0
0xcd9	0x0
0xcda	0x0
0xcdb	0x0
0xcdc	0x0
0xcdd	0x0
0xcde	0x0
0xcdf	0x0
0xce1	0x0
0xce2	0x0
0xce3	0x0
0xce4	0x0
0xce5	0x0
0xce6	0x0
0xce7	0x0
0xce8	0x0
0xce9	0x0
0xcea	0x0
0xceb	0x0
0xced	0x0
0xcf2	0x0
0xcf3	0x0
0xcf4	0x0
0xcf5	0x0
0xcf6	0x0
0xcfe	0x0
0xcff	0x0
0xd00	0x0
0xd01	0x0
0xd02	0x0
0xd03	0x0
0xd04	0x0
0xd05	0x0
0xd06	0x0
0xd07	0x0
0xd08	0x0
0xd09	0x0
0xd0a	0x0
0xd0b	0x0
0xd0d	0x0
0xd0e	0x0
0xd0f	0x0
0xd10	0x0
0xd11	0x0
0xd15	0x0
0xd16	0x0
0xd17	0x0
0xd18	0x0
0xd19	0x0
0xd1b	0x0
0xd1c	0x0
0xd1d	0x0
0xd1e	0x0
0xd1f	0x0
0xd20	0x0
0xd22	0x0
0xd23	0x0
0xd24	0x0
0xd26	0x0
0xd27	0x0
0xd2b	0x0
0xd2f	0x0
0xd30	0x0
0xd31	0x0
0xd35	0x0
0xd37	0x0
0xd39	0x0
0xd3a	0x0
0xd3b	0x0
0xd3c	0x0
0xd3d	0x0
0xd3e	0x0
0xd3f	0x0
0xd40	0x0
0xd41	0x0
0xd42	0x0
0xd43	0x0
0xd47	0x0
0xd48	0x0
0xd49	0x0
0xd4a	0x0
0xd4b	0x0
0xd4c	0x0
0xd4d	0x0
0xd4e	0x0
0xd4f	0x0
0xd50	0x0
0xd51	0x0
0xd52	0x0
0xd53	0x0
0xd54	0x0
0xd55	0x0
0xd56	0x0
0xd57	0x0
0xd58	0x0
0xd59	0x0
0xd5a	0x0
0xd5e	0x0
0xd66	0x0
0xd67	0x0
0xd68	0x0
0xd69	0x0
0xd6a	0x0
0xd6f	0x0
0xd70	0x0
0xd71	0x0
0xd72	0x0
0xd73	0x0
0xd74	0x0
0xd75	0x0
0xd76	0x0
0xd79	0x0
0xd7a	0x0
0xd7b	0x0
0xd7c	0x0
0xd7d	0x0
0xd80	0x0
0xd81	0x0
0xd82	0x0
0xd83	0x0
0xd84	0x0
0xd85	0x0
0xd86	0x0
0xd87	0x0
0xd88	0x0
0xd89	0x0
0xd8a	0x0
0xd8e	0x0
0xd8f	0x0
0xd93	0x0
0xd94	0x0
0xd95	0x0
0xd96	0x0
0xd97	0x0
0xd98	0x0
0xd99	0x0
0xd9a	0x0
0xd9b	0x0
0xd9c	0x0
0xd9d	0x0
0xd9e	0x0
0xd9f	0x0
0xda0	0x0
0xda1	0x0
0xda2	0x0
0xda3	0x0
0xda4	0x0
0xdaa	0x0
0xdab	0x0
0xdaf	0x0
0xdb0	0x0
0xdb1	0x0
0xdb2	0x0
0xdb3	0x0
0xdb4	0x0
0xdb9	0x0
0xdba	0x0
0xdbb	0x0
0xdbc	0x0
0xdbd	0x0
0xdbe	0x0
0xdbf	0x0
0xdc0	0x0
0xdc1	0x0
0xdc2	0x0
0xdc3	0x0
0xdc4	0x0
0xdc7	0x0
0xdc8	0x0
0xdc9	0x0
0xdca	0x0
0xdcb	0x0
0xdce	0x0
0xdcf	0x0
0xdd0	0x0
0xdd1	0x0
0xdd3	0x0
0xdd4	0x0
0xdd7	0x0
0xdd8	0x0
0xdd9	0x0
0xdda	0x0
0xddb	0x0
0xddc	0x0
0xddd	0x0
0xdde	0x0
0xddf	0x0
0xde0	0x0
0xde1	0x0
0xde2	0x0
0xde3	0x0
0xde4	0x0
0xdeb	0x0
0xdee	0x0
0xdf6	0x0
0xdf7	0x0
0xdf8	0x0
0xdf9	0x0
0xdfa	0x0
0xdfb	0x0
0xdfc	0x0
0xdfd	0x0
0xdfe	0x0
0xdff	0x0
0xe00	0x0
0xe01	0x0
0xe02	0x0
0xe03	0x0
0xe04	0x0
0xe05	0x0
0xe06	0x0
0xe09	0x0
0xe0a	0x0
0xe0b	0x0
0xe0c	0x0
0xe0d	0x0
0xe11	0x0
0xe13	0x0
0xe14	0x0
0xe15	0x0
0xe16	0x0
0xe17	0x0
0xe18	0x0
0xe19	0x0
0xe1a	0x0
0xe1b	0x0
0xe1c	0x0
0xe1d	0x0
0xe1e	0x0
0xe1f	0x0
0xe20	0x0
0xe21	0x0
0xe22	0x0
0xe23	0x0
0xe24	0x0
0xe25	0x0
0xe26	0x0
0xe27	0x0
0xe28	0x0
0xe29	0x0
0xe2a	0x0
0xe2b	0x0
0xe2c	0x0
0xe2d	0x0
0xe2e	0x0
0xe2f	0x0
0xe30	0x0
0xe31	0x0
0xe32	0x0
0xe33	0x0
0xe34	0x0
0xe35	0x0
0xe36	0x0
0xe37	0x0
0xe38	0x0
0xe39	0x0
0xe3a	0x0
0xe3b	0x0
0xe3c	0x0
0xe3e	0x0
0xe3f	0x0
0xe40	0x0
0xe41	0x0
0xe45	0x0
0xe46	0x0
0xe47	0x0
0xe48	0x0
0xe4a	0x0
0xe4b	0x0
0xe4f	0x0
0xe50	0x0
0xe51	0x0
0xe52	0x0
0xe53	0x0
0xe54	0x0
0xe5c	0x0
0xe5d	0x0
0xe5e	0x0
0xe5f	0x0
0xe60	0x0
0xe61	0x0
0xe62	0x0
0xe64	0x0
0xe65	0x0
0xe66	0x0
0xe68	0x0
0xe69	0x0
0xe6a	0x0
0xe6b	0x0
0xe6c	0x0
0xe6d	0x0
0xe6e	0x0
0xe76	0x0
0xe77	0x0
0xe78	0x0
0xe79	0x0
0xe7a	0x0
0xe7b	0x0
0xe7c	0x0
0xe7d	0x0
0xe7e	0x0
0xe7f	0x0
0xe80	0x0
0xe81	0x0
0xe83	0x0
0xe84	0x0
0xe85	0x0
0xe87	0x0
0xe88	0x0
0xe89	0x0
0xe8a	0x0
0xe8b	0x0
0xe8c	0x0
0xe8d	0x0
0xe8e	0x0
0xe92	0x0
0xe93	0x0
0xe97	0x0
0xe98	0x0
0xe99	0x0
0xe9a	0x0
0xe9b	0x0
0xe9c	0x0
0xe9d	0x0
0xe9e	0x0
0xe9f	0x0
0xea0	0x0
0xea1	0x0
0xea2	0x0
0xea3	0x0
0xea4	0x0
0xea5	0x0
0xea6	0x0
0xea7	0x0
0xea8	0x0
0xea9	0x0
0xeaa	0x0
0xeab	0x0
0xeac	0x0
0xead	0x0
0xeae	0x0
0xeaf	0x0
0xeb0	0x0
0xeb1	0x0
0xeb2	0x0
0xeb3	0x0
0xeb4	0x0
0xeb6	0x0
0xeb7	0x0
0xebe	0x0
0xebf	0x0
0xec0	0x0
0xec1	0x0
0xec2	0x0
0xec3	0x0
0xec4	0x0
0xec6	0x0
0xec8	0x0
0xeca	0x0
0xecb	0x0
0xecc	0x0
0xecd	0x0
0xecf	0x0
0xed0	0x0
0xed1	0x0
0xed2	0x0
0xed3	0x0
0xed8	0x0
0xed9	0x0
0xeda	0x0
0xedc	0x0
0xedd	0x0
0xede	0x0
0xee1	0x0
0xee2	0x0
0xee3	0x0
0xee6	0x0
0xee7	0x0
0xee8	0x0
0xeeb	0x0
0xeec	0x0
0xeed	0x0
0xef1	0x0
0xef2	0x0
0xefa	0x0
0xefb	0x0
0xefc	0x0
0xefd	0x0
0xf01	0x0
0xf02	0x0
0xf03	0x0
0xf04	0x0
0xf05	0x0
0xf09	0x0
0xf0a	0x0
0xf0b	0x0
0xf0d	0x0
0xf0f	0x0
0xf10	0x0
0xf11	0x0
0xf12	0x0
0xf13	0x0
0xf14	0x0
0xf16	0x0
0xf1d	0x0
0xf1e	0x0
0xf1f	0x0
0xf20	0x0
0xf23	0x0
0xf24	0x0
0xf25	0x0
0xf26	0x0
0xf27	0x0
0xf2a	0x0
0xf2b	0x0
0xf2c	0x0
0xf2d	0x0
0xf2e	0x0
0xf2f	0x0
0xf30	0x0
0xf31	0x0
0xf32	0x0
0xf33	0x0
0xf39	0x0
0xf3a	0x0
0xf3b	0x0
0xf3c	0x0
0xf3d	0x0
0xf3e	0x0
0xf3f	0x0
0xf40	0x0
0xf48	0x0
0xf49	0x0
0xf4a	0x0
0xf4b	0x0
0xf4c	0x0
0xf53	0x0
0xf56	0x0
0xf57	0x0
0xf58	0x0
0xf59	0x0
0xf5a	0x0
0xf5b	0x0
0xf5c	0x0
0xf5d	0x0
0xf5e	0x0
0xf5f	0x0
0xf60	0x0
0xf61	0x0
0xf62	0x0
0xf63	0x0
0xf64	0x0
0xf65	0x0
0xf66	0x0
0xf67	0x0
0xf68	0x0
0xf69	0x0
0xf6a	0x0
0xf6b	0x0
0xf6c	0x0
0xf6d	0x0
0xf6e	0x0
0xf6f	0x0
0xf70	0x0
0xf71	0x0
0xf72	0x0
0xf73	0x0
0xf74	0x0
0xf75	0x0
0xf76	0x0
0xf78	0x0
0xf79	0x0
0xf7a	0x0
0xf7b	0x0
0xf7f	0x0
0xf80	0x0
0xf81	0x0
0xf82	0x0
0xf84	0x0
0xf89	0x0
0xf8a	0x0
0xf8b	0x0
0xf8c	0x0
0xf8d	0x0
0xf8e	0x0
0xf96	0x0
0xf97	0x0
0xf98	0x0
0xf99	0x0
0xf9a	0x0
0xf9b	0x0
0xf9c	0x0
0xf9e	0x0
0xfa4	0x0
0xfa5	0x0
0xfa6	0x0
0xfa7	0x0
0xfa8	0x0
0xfb0	0x0
0xfb1	0x0
0xfb2	0x0
0xfb3	0x0
0xfb4	0x0
0xfb5	0x0
0xfb6	0x0
0xfb7	0x0
0xfb8	0x0
0xfb9	0x0
0xfba	0x0
0xfbb	0x0
0xfbd	0x0
0xfbe	0x0
0xfbf	0x0
0xfc0	0x0
0xfc1	0x0
0xfc2	0x0
0xfc3	0x0
0xfc4	0x0
0xfc5	0x0
0xfc6	0x0
0xfc7	0x0
0xfcb	0x0
0xfcc	0x0
0xfcd	0x0
0xfd1	0x0
0xfd2	0x0
0xfd3	0x0
0xfd5	0x0
0xfd7	0x0
0xfd8	0x0
0xfd9	0x0
0xfda	0x0
0xfdb	0x0
0xfdc	0x0
0xfdd	0x0
0xfde	0x0
0xfdf	0x0
0xfe1	0x0
0xfe2	0x0
0xfe3	0x0
0xfe5	0x0
0xfe6	0x0
0xfe7	0x0
0xfe8	0x0
0xfe9	0x0
0xfea	0x0
0xfeb	0x0
0xfec	0x0
0xfef	0x0
0xff0	0x0
0xff1	0x0
0xff2	0x0
0xff3	0x0
0xff6	0x0
0xff7	0x0
0xff8	0x0
0xff9	0x0
0xffa	0x0
0xffb	0x0
0xffc	0x0
0xffd	0x0
0xffe	0x0
0xfff	0x0
0x1005	0x0
0x1006	0x0
0x1007	0x0
0x1008	0x0
0x1009	0x0
0x100a	0x0
0x100b	0x0
0x100c	0x0
0x1014	0x0
0x1015	0x0
0x1016	0x0
0x1017	0x0
0x1018	0x0
0x101f	0x0
0x1022	0x0
0x1023	0x0
0x1024	0x0
0x1025	0x0
0x1026	0x0
0x1027	0x0
0x1028	0x0
0x1029	0x0
0x102a	0x0
0x102b	0x0
0x102c	0x0
0x102d	0x0
0x102e	0x0
0x102f	0x0
0x1030	0x0
0x1031	0x0
0x1032	0x0
0x1033	0x0
0x1034	0x0
0x1035	0x0
0x1036	0x0
0x1037	0x0
0x1038	0x0
0x1039	0x0
0x103a	0x0
0x103b	0x0
0x103c	0x0
0x103d	0x0
0x103e	0x0
0x103f	0x0
0x1040	0x0
0x1041	0x0
0x1042	0x0
0x1044	0x0
0x1045	0x0
0x1046	0x0
0x1047	0x0
0x104b	0x0
0x104c	0x0
0x104d	0x0
0x104e	0x0
0x104f	0x0
0x1050	0x0
0x1051	0x0
0x1058	0x0
0x1059	0x0
0x105a	0x0
0x1062	0x0
0x1063	0x0
0x1064	0x0
0x1065	0x0
0x1066	0x0
0x1067	0x0
0x1068	0x0
0x1069	0x0
0x106a	0x0
0x106b	0x0
0x106f	0x0
0x1070	0x0
0x1071	0x0
0x1072	0x0
0x1073	0x0
0x1074	0x0
0x107c	0x0
0x107d	0x0
0x107e	0x0
0x107f	0x0
0x1080	0x0
0x1081	0x0
0x1082	0x0
0x1083	0x0
0x1084	0x0
0x1085	0x0
0x1086	0x0
0x1087	0x0
0x1089	0x0
0x108b	0x0
0x108c	0x0
0x108d	0x0
0x108e	0x0
0x108f	0x0
0x1090	0x0
0x1098	0x0
0x1099	0x0
0x109a	0x0
0x109b	0x0
0x109f	0x0
0x10a0	0x0
0x10a1	0x0
0x10a2	0x0
0x10a3	0x0
0x10a7	0x0
0x10a8	0x0
0x10a9	0x0
0x10aa	0x0
0x10ab	0x0
0x10ac	0x0
0x10ad	0x0
0x10b2	0x0
0x10b3	0x0
0x10b4	0x0
0x10b7	0x0
0x10b8	0x0
0x10b9	0x0
0x10bd	0x0
0x10be	0x0
0x10bf	0x0
0x10c0	0x0
0x10c1	0x0
0x10c2	0x0
0x10c4	0x0
0x10c5	0x0
0x10c6	0x0
0x10c7	0x0
0x10c8	0x0
0x10c9	0x0
0x10ca	0x0
0x10cb	0x0
0x10cc	0x0
0x10cd	0x0
0x10d1	0x0
0x10d2	0x0
0x10d3	0x0
0x10d8	0x0
0x10d9	0x0
0x10da	0x0
0x10db	0x0
0x10dc	0x0
0x10dd	0x0
0x10de	0x0
0x10df	0x0
0x10e0	0x0
0x10e1	0x0
0x10e2	0x0
0x10e3	0x0
0x10e4	0x0
0x10e5	0x0
0x10e6	0x0
0x10e7	0x0
0x10e8	0x0
0x10e9	0x0
0x10ea	0x0
0x10eb	0x0
0x10ef	0x0
0x10f0	0x0
0x10f1	0x0
0x10f2	0x0
0x10f3	0x0
0x10f4	0x0
0x10f5	0x0
0x10f6	0x0
0x10f7	0x0
0x10f8	0x0
0x10f9	0x0
0x10fa	0x0
0x10fb	0x0
0x10fc	0x0
0x10fe	0x0
0x10ff	0x0
0x1100	0x0
0x1101	0x0
0x1102	0x0
0x1103	0x0
0x1104	0x0
0x110c	0x0
0x110d	0x0
0x1113	0x0
0x1114	0x0
0x1115	0x0
0x111a	0x0
0x111b	0x0
0x111f	0x0
0x1120	0x0
0x1121	0x0
0x1122	0x0
0x1123	0x0
0x1124	0x0
0x1125	0x0
0x1126	0x0
0x1127	0x0
0x1128	0x0
0x1129	0x0
0x112a	0x0
0x112b	0x0
0x112d	0x0
0x1132	0x0
0x1133	0x0
0x1134	0x0
0x1135	0x0
0x1136	0x0
0x113e	0x0
0x113f	0x0
0x1140	0x0
0x1141	0x0
0x1142	0x0
0x1143	0x0
0x1144	0x0
0x1145	0x0
0x1146	0x0
0x1149	0x0
0x114a	0x0
0x114b	0x0
0x114c	0x0
0x114d	0x0
0x1150	0x0
0x1151	0x0
0x1152	0x0
0x1153	0x0
0x1154	0x0
0x1155	0x0
0x1156	0x0
0x115c	0x0
0x115d	0x0
0x115e	0x0
0x115f	0x0
0x1160	0x0
0x1161	0x0
0x1162	0x0
0x1163	0x0
0x1164	0x0
0x1165	0x0
0x1166	0x0
0x1167	0x0
0x1168	0x0
0x116f	0x0
0x1172	0x0
0x117a	0x0
0x117b	0x0
0x117c	0x0
0x117d	0x0
0x117e	0x0
0x117f	0x0
0x1180	0x0
0x1181	0x0
0x1182	0x0
0x1183	0x0
0x1184	0x0
0x1185	0x0
0x1186	0x0
0x1187	0x0
0x1188	0x0
0x1189	0x0
0x118a	0x0
0x118d	0x0
0x118e	0x0
0x118f	0x0
0x1190	0x0
0x1191	0x0
0x1195	0x0
0x1197	0x0
0x1198	0x0
0x1199	0x0
0x119a	0x0
0x119b	0x0
0x119c	0x0
0x119d	0x0
0x119e	0x0
0x119f	0x0
0x11a0	0x0
0x11a1	0x0
0x11a2	0x0
0x11a3	0x0
0x11a4	0x0
0x11a5	0x0
0x11a6	0x0
0x11a7	0x0
0x11a8	0x0
0x11a9	0x0
0x11aa	0x0
0x11ab	0x0
0x11ac	0x0
0x11ad	0x0
0x11ae	0x0
0x11af	0x0
0x11b0	0x0
0x11b1	0x0
0x11b2	0x0
0x11b3	0x0
0x11b4	0x0
0x11b5	0x0
0x11b6	0x0
0x11b7	0x0
0x11b8	0x0
0x11b9	0x0
0x11ba	0x0
0x11bb	0x0
0x11bc	0x0
0x11bd	0x0
0x11be	0x0
0x11bf	0x0
0x11c0	0x0
0x11c1	0x0
0x11c2	0x0
0x11c3	0x0
0x11c4	0x0
0x11c5	0x0
0x11c6	0x0
0x11c7	0x0
0x11c8	0x0
0x11c9	0x0
0x11ca	0x0
0x11cc	0x0
0x11cd	0x0
0x11ce	0x0
0x11cf	0x0
0x11d3	0x0
0x11d4	0x0
0x11d5	0x0
0x11d6	0x0
0x11d7	0x0
0x11d8	0x0
0x11e0	0x0
0x11e1	0x0
0x11e2	0x0
0x11ea	0x0
0x11eb	0x0
0x11ec	0x0
0x11ed	0x0
0x11ee	0x0
0x11ef	0x0
0x11f0	0x0
0x11f1	0x0
0x11f2	0x0
0x11fa	0x0
0x11fb	0x0
0x11fc	0x0
0x1204	0x0
0x1205	0x0
0x1206	0x0
0x1207	0x0
0x1208	0x0
0x1209	0x0
0x120a	0x0
0x120b	0x0
0x120c	0x0
0x120d	0x0
0x120e	0x0
0x120f	0x0
0x1211	0x0
0x1212	0x0
0x1213	0x0
0x1214	0x0
0x1215	0x0
0x1216	0x0
0x1217	0x0
0x1218	0x0
0x1219	0x0
0x121a	0x0
0x121c	0x0
0x121d	0x0
0x121e	0x0
0x1220	0x0
0x1221	0x0
0x1222	0x0
0x1223	0x0
0x1224	0x0
0x1225	0x0
0x1226	0x0
0x122e	0x0
0x122f	0x0
0x1230	0x0
0x1231	0x0
0x1232	0x0
0x1233	0x0
0x1234	0x0
0x1235	0x0
0x1236	0x0
0x1237	0x0
0x123b	0x0
0x123c	0x0
0x123d	0x0
0x123e	0x0
0x123f	0x0
0x1240	0x0
0x1241	0x0
0x1243	0x0
0x1244	0x0
0x1245	0x0
0x1247	0x0
0x1248	0x0
0x1249	0x0
0x124b	0x0
0x124c	0x0
0x124d	0x0
0x124e	0x0
0x124f	0x0
0x1250	0x0
0x1251	0x0
0x1252	0x0
0x1255	0x0
0x1256	0x0
0x1257	0x0
0x1258	0x0
0x1259	0x0
0x125c	0x0
0x125d	0x0
0x125e	0x0
0x125f	0x0
0x1261	0x0
0x1262	0x0
0x1265	0x0
0x1266	0x0
0x1267	0x0
0x1268	0x0
0x1269	0x0
0x126a	0x0
0x126b	0x0
0x126c	0x0
0x126d	0x0
0x126e	0x0
0x126f	0x0
0x1270	0x0
0x1271	0x0
0x1272	0x0
0x1279	0x0
0x127c	0x0
0x1284	0x0
0x1285	0x0
0x1286	0x0
0x1287	0x0
0x1288	0x0
0x1289	0x0
0x128a	0x0
0x128b	0x0
0x128c	0x0
0x128d	0x0
0x128e	0x0
0x128f	0x0
0x1290	0x0
0x1291	0x0
0x1292	0x0
0x1293	0x0
0x1294	0x0
0x1297	0x0
0x1298	0x0
0x1299	0x0
0x129a	0x0
0x129b	0x0
0x129f	0x0
0x12a1	0x0
0x12a2	0x0
0x12a3	0x0
0x12a4	0x0
0x12a5	0x0
0x12a6	0x0
0x12a7	0x0
0x12a8	0x0
0x12a9	0x0
0x12aa	0x0
0x12ab	0x0
0x12ac	0x0
0x12ad	0x0
0x12ae	0x0
0x12af	0x0
0x12b0	0x0
0x12b1	0x0
0x12b2	0x0
0x12b3	0x0
0x12b4	0x0
0x12b5	0x0
0x12b6	0x0
0x12b7	0x0
0x12b8	0x0
0x12b9	0x0
0x12ba	0x0
0x12bb	0x0
0x12bc	0x0
0x12bd	0x0
0x12be	0x0
0x12bf	0x0
0x12c0	0x0
0x12c1	0x0
0x12c2	0x0
0x12c3	0x0
0x12c4	0x0
0x12c5	0x0
0x12c6	0x0
0x12c7	0x0
0x12c8	0x0
0x12c9	0x0
0x12ca	0x0
0x12cc	0x0
0x12cd	0x0
0x12ce	0x0
0x12cf	0x0
0x12d3	0x0
0x12d4	0x0
0x12d5	0x0
0x12d6	0x0
0x12d9	0x0
0x12da	0x0
0x12dc	0x0
0x12dd	0x0
0x12de	0x0
0x12df	0x0
0x12e0	0x0
0x12e1	0x0
0x12e2	0x0
0x12ea	0x0
0x12eb	0x0
0x12ec	0x0
0x12ed	0x0
0x12ee	0x0
0x12ef	0x0
0x12f0	0x0
0x12f3	0x0
0x12fb	0x0
0x12fc	0x0
0x1304	0x0
0x1305	0x0
0x1306	0x0
0x1307	0x0
0x1308	0x0
0x1309	0x0
0x130a	0x0
0x130b	0x0
0x130c	0x0
0x130d	0x0
0x130e	0x0
0x130f	0x0
0x1310	0x0
0x1311	0x0
0x1312	0x0
0x1313	0x0
0x1314	0x0
0x1315	0x0
0x1317	0x0
0x1318	0x0
0x1319	0x0
0x131a	0x0
0x131b	0x0
0x131c	0x0
0x131f	0x0
0x1320	0x0
0x1322	0x0
0x1323	0x0
0x1324	0x0
0x1325	0x0
0x1326	0x0
0x1327	0x0
0x1328	0x0
0x1330	0x0
0x1331	0x0
0x1332	0x0
0x1333	0x0
0x1334	0x0
0x1335	0x0
0x1336	0x0
0x1338	0x0
0x133c	0x0
0x133d	0x0
0x133e	0x0
0x133f	0x0
0x1340	0x0
0x1341	0x0
0x1342	0x0
0x134a	0x0
0x134d	0x0
0x134e	0x0
0x134f	0x0
0x1350	0x0
0x1351	0x0
0x1352	0x0
0x1353	0x0
0x1358	0x0
0x1359	0x0
0x135d	0x0
0x135e	0x0
0x135f	0x0
0x1360	0x0
0x1361	0x0
0x1362	0x0
0x1363	0x0
0x1364	0x0
0x1365	0x0
0x1366	0x0
0x1367	0x0
0x1368	0x0
0x136a	0x0
0x136e	0x0
0x136f	0x0
0x1370	0x0
0x1371	0x0
0x1372	0x0
0x1373	0x0
0x1374	0x0
0x137c	0x0
0x1381	0x0
0x1382	0x0
0x1383	0x0
0x1384	0x0
0x1387	0x0
0x1388	0x0
0x1389	0x0
0x138d	0x0
0x138e	0x0
0x138f	0x0
0x1390	0x0
0x1391	0x0
0x1392	0x0
0x1393	0x0
0x1394	0x0
0x1395	0x0
0x1396	0x0
0x1397	0x0
0x1398	0x0
0x139a	0x0
0x13a0	0x0
0x13a1	0x0
0x13a2	0x0
0x13a3	0x0
0x13a4	0x0
0x13ac	0x0
0x13ad	0x0
0x13ae	0x0
0x13af	0x0
0x13b0	0x0
0x13b1	0x0
0x13b2	0x0
0x13b3	0x0
0x13b4	0x0
0x13b7	0x0
0x13b8	0x0
0x13b9	0x0
0x13ba	0x0
0x13bb	0x0
0x13be	0x0
0x13bf	0x0
0x13c0	0x0
0x13c1	0x0
0x13c2	0x0
0x13c3	0x0
0x13c4	0x0
0x13c5	0x0
0x13c6	0x0
0x13c7	0x0
0x13cd	0x0
0x13ce	0x0
0x13cf	0x0
0x13d0	0x0
0x13d1	0x0
0x13d2	0x0
0x13d3	0x0
0x13d4	0x0
0x13dc	0x0
0x13dd	0x0
0x13de	0x0
0x13df	0x0
0x13e0	0x0
0x13e7	0x0
0x13ea	0x0
0x13eb	0x0
0x13ec	0x0
0x13ed	0x0
0x13ee	0x0
0x13ef	0x0
0x13f0	0x0
0x13f1	0x0
0x13f2	0x0
0x13f3	0x0
0x13f4	0x0
0x13f5	0x0
0x13f6	0x0
0x13f7	0x0
0x13f8	0x0
0x13f9	0x0
0x13fa	0x0
0x13fb	0x0
0x13fc	0x0
0x13fd	0x0
0x13fe	0x0
0x13ff	0x0
0x1400	0x0
0x1401	0x0
0x1402	0x0
0x1403	0x0
0x1404	0x0
0x1405	0x0
0x1406	0x0
0x1407	0x0
0x1408	0x0
0x1409	0x0
0x140a	0x0
0x140c	0x0
0x140d	0x0
0x140e	0x0
0x140f	0x0
0x1413	0x0
0x1414	0x0
0x1415	0x0
0x1416	0x0
0x1417	0x0
0x141a	0x0
0x141c	0x0
0x141d	0x0
0x141e	0x0
0x141f	0x0
0x1420	0x0
0x1421	0x0
0x1422	0x0
0x142a	0x0
0x142b	0x0
0x142c	0x0
0x142d	0x0
0x142e	0x0
0x142f	0x0
0x1430	0x0
0x1431	0x0
0x1434	0x0
0x1436	0x0
0x1437	0x0
0x1438	0x0
0x1439	0x0
0x143a	0x0
0x143b	0x0
0x143c	0x0
0x1444	0x0
0x1445	0x0
0x1446	0x0
0x1447	0x0
0x1448	0x0
0x1449	0x0
0x144a	0x0
0x144b	0x0
0x144c	0x0
0x144d	0x0
0x144e	0x0
0x144f	0x0
0x1451	0x0
0x1452	0x0
0x1453	0x0
0x1454	0x0
0x1455	0x0
0x1456	0x0
0x1457	0x0
0x1458	0x0
0x1459	0x0
0x145a	0x0
0x145b	0x0
0x145c	0x0
0x145d	0x0
0x145e	0x0
0x145f	0x0
0x1462	0x0
0x1464	0x0
0x1465	0x0
0x1466	0x0
0x1467	0x0
0x1468	0x0
0x1469	0x0
0x146a	0x0
0x1472	0x0
0x1473	0x0
0x1474	0x0
0x1475	0x0
0x1476	0x0
0x1477	0x0
0x1478	0x0
0x1479	0x0
0x147a	0x0
0x147d	0x0
0x147e	0x0
0x147f	0x0
0x1480	0x0
0x1481	0x0
0x1484	0x0
0x1485	0x0
0x1486	0x0
0x1487	0x0
0x1488	0x0
0x148b	0x0
0x148c	0x0
0x148d	0x0
0x148e	0x0
0x1494	0x0
0x1495	0x0
0x1496	0x0
0x1497	0x0
0x1498	0x0
0x1499	0x0
0x149a	0x0
0x149b	0x0
0x149c	0x0
0x14a3	0x0
0x14a6	0x0
0x14ae	0x0
0x14af	0x0
0x14b0	0x0
0x14b1	0x0
0x14b2	0x0
0x14b3	0x0
0x14b4	0x0
0x14b5	0x0
0x14b6	0x0
0x14b7	0x0
0x14b8	0x0
0x14b9	0x0
0x14ba	0x0
0x14bb	0x0
0x14bc	0x0
0x14bd	0x0
0x14be	0x0
0x14c1	0x0
0x14c2	0x0
0x14c3	0x0
0x14c4	0x0
0x14c5	0x0
0x14c9	0x0
0x14cb	0x0
0x14cc	0x0
0x14cd	0x0
0x14ce	0x0
0x14cf	0x0
0x14d0	0x0
0x14d1	0x0
0x14d2	0x0
0x14d3	0x0
0x14d4	0x0
0x14d5	0x0
0x14d6	0x0
0x14d7	0x0
0x14d8	0x0
0x14d9	0x0
0x14da	0x0
0x14db	0x0
0x14dc	0x0
0x14dd	0x0
0x14de	0x0
0x14df	0x0
0x14e0	0x0
0x14e1	0x0
0x14e2	0x0
0x14e3	0x0
0x14e4	0x0
0x14e5	0x0
0x14e6	0x0
0x14e7	0x0
0x14e8	0x0
0x14e9	0x0
0x14ea	0x0
0x14eb	0x0
0x14ec	0x0
0x14ed	0x0
0x14ee	0x0
0x14ef	0x0
0x14f0	0x0
0x14f1	0x0
0x14f2	0x0
0x14f3	0x0
0x14f4	0x0
0x14f5	0x0
0x14f6	0x0
0x14f7	0x0
0x14f8	0x0
0x14f9	0x0
0x14fa	0x0
0x14fb	0x0
0x14fc	0x0
0x14fd	0x0
0x14fe	0x0
0x1500	0x0
0x1501	0x0
0x1502	0x0
0x1503	0x0
0x1507	0x0
0x1508	0x0
0x1509	0x0
0x150a	0x0
0x150b	0x0
0x150e	0x0
0x1510	0x0
0x1511	0x0
0x1512	0x0
0x1513	0x0
0x1514	0x0
0x1515	0x0
0x1516	0x0
0x151e	0x0
0x151f	0x0
0x1520	0x0
0x1521	0x0
0x1522	0x0
0x1523	0x0
0x1524	0x0
0x1525	0x0
0x1528	0x0
0x152a	0x0
0x152b	0x0
0x152c	0x0
0x152d	0x0
0x152e	0x0
0x152f	0x0
0x1530	0x0
0x1538	0x0
0x1539	0x0
0x153a	0x0
0x153b	0x0
0x153c	0x0
0x153d	0x0
0x153e	0x0
0x153f	0x0
0x1540	0x0
0x1541	0x0
0x1542	0x0
0x1543	0x0
0x1544	0x0
0x1545	0x0
0x1546	0x0
0x1547	0x0
0x1548	0x0
0x1549	0x0
0x154b	0x0
0x154c	0x0
0x154d	0x0
0x154e	0x0
0x154f	0x0
0x1550	0x0
0x1551	0x0
0x1552	0x0
0x1553	0x0
0x1554	0x0
0x1555	0x0
0x1556	0x0
0x1557	0x0
0x1558	0x0
0x1559	0x0
0x155a	0x0
0x155b	0x0
0x155c	0x0
0x155d	0x0
0x1560	0x0
0x1562	0x0
0x156a	0x0
0x156b	0x0
0x156c	0x0
0x156d	0x0
0x1570	0x0
0x1572	0x0
0x1573	0x0
0x1574	0x0
0x1575	0x0
0x1576	0x0
0x1577	0x0
0x1578	0x0
0x157b	0x0
0x157c	0x0
0x157d	0x0
0x157e	0x0
0x157f	0x0
0x1582	0x0
0x1583	0x0
0x1584	0x0
0x1585	0x0
0x1586	0x0
0x1587	0x0
0x1588	0x0
0x1589	0x0
0x158a	0x0
0x158b	0x0
0x158c	0x0
0x158d	0x0
0x158e	0x0
0x1596	0x0
0x1597	0x0
0x1598	0x0
0x1599	0x0
0x159a	0x0
0x159b	0x0
0x159c	0x0
0x159d	0x0
0x159e	0x0
0x159f	0x0
0x15a0	0x0
0x15a1	0x0
0x15a2	0x0
0x15a3	0x0
0x15a4	0x0
0x15a5	0x0
0x15a6	0x0
0x15a7	0x0
0x15a8	0x0
0x15a9	0x0
0x15aa	0x0
0x15ab	0x0
0x15ac	0x0
0x15ad	0x0
0x15ae	0x0
0x15af	0x0
0x15b0	0x0
0x15b1	0x0
0x15b2	0x0
0x15ba	0x0
0x15bb	0x0
0x15bc	0x0
0x15bd	0x0
0x15be	0x0
0x15bf	0x0
0x15c0	0x0
0x15c1	0x0
0x15c2	0x0
0x15c3	0x0
0x15c4	0x0
0x15c5	0x0
0x15c8	0x0
0x15ca	0x0
0x15cb	0x0
0x15cc	0x0
0x15cd	0x0
0x15ce	0x0
0x15cf	0x0
0x15d0	0x0
0x15d9	0x0
0x15da	0x0
0x15db	0x0
0x15dc	0x0
0x15dd	0x0
0x15e1	0x0
0x15e2	0x0
0x15e3	0x0
0x15e4	0x0
0x15e5	0x0
0x15e6	0x0
0x15e7	0x0
0x15e8	0x0
0x15e9	0x0
0x15ea	0x0
0x15ed	0x0
0x15ee	0x0
0x15ef	0x0
0x15f0	0x0
0x15f1	0x0
0x15f4	0x0
0x15f5	0x0
0x15f6	0x0
0x15f7	0x0
0x15f8	0x0
0x15fb	0x0
0x15fd	0x0
0x1602	0x0
0x1603	0x0
0x1604	0x0
0x1605	0x0
0x1606	0x0
0x1607	0x0
0x1608	0x0
0x1609	0x0
0x160a	0x0
0x160b	0x0
0x160c	0x0
0x1613	0x0
0x1616	0x0
0x161e	0x0
0x161f	0x0
0x1620	0x0
0x1621	0x0
0x1622	0x0
0x1623	0x0
0x1624	0x0
0x1625	0x0
0x1626	0x0
0x1627	0x0
0x1628	0x0
0x1629	0x0
0x162a	0x0
0x162b	0x0
0x162c	0x0
0x162d	0x0
0x162e	0x0
0x1631	0x0
0x1632	0x0
0x1633	0x0
0x1634	0x0
0x1635	0x0
0x1639	0x0
0x163b	0x0
0x163c	0x0
0x163d	0x0
0x163e	0x0
0x163f	0x0
0x1640	0x0
0x1641	0x0
0x1642	0x0
0x1643	0x0
0x1644	0x0
0x1645	0x0
0x1646	0x0
0x1647	0x0
0x1648	0x0
0x1649	0x0
0x164a	0x0
0x164b	0x0
0x164c	0x0
0x164d	0x0
0x164e	0x0
0x164f	0x0
0x1650	0x0
0x1651	0x0
0x1652	0x0
0x1653	0x0
0x1654	0x0
0x1655	0x0
0x1656	0x0
0x1657	0x0
0x1658	0x0
0x1659	0x0
0x165a	0x0
0x165b	0x0
0x165c	0x0
0x165d	0x0
0x165e	0x0
0x165f	0x0
0x1660	0x0
0x1661	0x0
0x1662	0x0
0x1663	0x0
0x1664	0x0
0x1665	0x0
0x1666	0x0
0x1667	0x0
0x1668	0x0
0x1669	0x0
0x166a	0x0
0x166b	0x0
0x166c	0x0
0x166d	0x0
0x166e	0x0
0x1670	0x0
0x1671	0x0
0x1672	0x0
0x1673	0x0
0x1677	0x0
0x1678	0x0
0x1679	0x0
0x167a	0x0
0x167b	0x0
0x1680	0x0
0x1681	0x0
0x1682	0x0
0x1683	0x0
0x1684	0x0
0x1685	0x0
0x1686	0x0
0x168e	0x0
0x168f	0x0
0x1690	0x0
0x1691	0x0
0x1692	0x0
0x1693	0x0
0x1694	0x0
0x1695	0x0
0x169a	0x0
0x169b	0x0
0x169c	0x0
0x169d	0x0
0x169e	0x0
0x169f	0x0
0x16a0	0x0
0x16a8	0x0
0x16a9	0x0
0x16aa	0x0
0x16ab	0x0
0x16ac	0x0
0x16ad	0x0
0x16ae	0x0
0x16af	0x0
0x16b0	0x0
0x16b1	0x0
0x16b2	0x0
0x16b3	0x0
0x16b5	0x0
0x16b6	0x0
0x16b7	0x0
0x16b8	0x0
0x16b9	0x0
0x16ba	0x0
0x16bb	0x0
0x16bc	0x0
0x16bd	0x0
0x16be	0x0
0x16bf	0x0
0x16c1	0x0
0x16c2	0x0
0x16c4	0x0
0x16c5	0x0
0x16c6	0x0
0x16c7	0x0
0x16c8	0x0
0x16c9	0x0
0x16ca	0x0
0x16d2	0x0
0x16d3	0x0
0x16d4	0x0
0x16d5	0x0
0x16d6	0x0
0x16d7	0x0
0x16d8	0x0
0x16d9	0x0
0x16da	0x0
0x16db	0x0
0x16dc	0x0
0x16dd	0x0
0x16de	0x0
0x16df	0x0
0x16e0	0x0
0x16e1	0x0
0x16e2	0x0
0x16e3	0x0
0x16e8	0x0
0x16f0	0x0
0x16f1	0x0
0x16f2	0x0
0x16f3	0x0
0x16f7	0x0
0x16f9	0x0
0x16fa	0x0
0x16fb	0x0
0x16fc	0x0
0x16fd	0x0
0x16fe	0x0
0x16ff	0x0
0x1700	0x0
0x1701	0x0
0x1705	0x0
0x1706	0x0
0x1707	0x0
0x1708	0x0
0x1709	0x0
0x170a	0x0
0x170b	0x0
0x170c	0x0
0x170d	0x0
0x170e	0x0
0x170f	0x0
0x1714	0x0
0x1715	0x0
0x171b	0x0
0x171c	0x0
0x171f	0x0
0x1720	0x0
0x1721	0x0
0x1722	0x0
0x1723	0x0
0x1724	0x0
0x1725	0x0
0x1726	0x0
0x1727	0x0
0x172b	0x0
0x172c	0x0
0x172d	0x0
0x172e	0x0
0x172f	0x0
0x1734	0x0
0x1735	0x0
0x1736	0x0
0x1737	0x0
0x173b	0x0
0x173c	0x0
0x173d	0x0
0x1741	0x0
0x1742	0x0
0x1743	0x0
0x1747	0x0
0x1748	0x0
0x1749	0x0
0x174a	0x0
0x174b	0x0
0x174f	0x0
0x1754	0x0
0x1755	0x0
0x175b	0x0
0x175f	0x0
0x1765	0x0
0x1769	0x0
0x176f	0x0
0x1773	0x0
0x1779	0x0
0x177a	0x0
0x177d	0x0
0x177e	0x0
0x177f	0x0
0x1780	0x0
0x1781	0x0
0x1782	0x0
0x1783	0x0
0x1784	0x0
0x1785	0x0
0x178b	0x0
0x178f	0x0
0x1795	0x0
0x1799	0x0
0x179a	0x0
0x17a2	0x0
0x17a3	0x0
0x17a4	0x0
0x17a5	0x0
0x17ac	0x0
0x17ad	0x0
0x17b1	0x0
0x17b2	0x0
0x17ba	0x0
0x17bb	0x0
0x17bc	0x0
0x17bd	0x0
0x17c4	0x0
0x17c5	0x0
0x17c9	0x0
0x17ca	0x0
0x17cb	0x0
0x17cc	0x0
0x17cd	0x0
0x17ce	0x0
0x17cf	0x0
0x17d0	0x0
0x17d1	0x0
0x17d2	0x0
0x17d3	0x0
0x17d4	0x0
0x17d5	0x0
0x17d6	0x0
0x17d7	0x0
0x17d8	0x0
0x17d9	0x0
0x17da	0x0
0x17db	0x0
0x17df	0x0
0x17e0	0x0
0x17e1	0x0
0x17e2	0x0
0x17e3	0x0
0x17e4	0x0
0x17e5	0x0
0x17e6	0x0
0x17e7	0x0
0x17e8	0x0
0x17e9	0x0
0x17ee	0x0
0x17ef	0x0
0x17f5	0x0
0x17f6	0x0
0x17f9	0x0
0x17fa	0x0
0x17fb	0x0
0x17fc	0x0
0x17fd	0x0
0x17fe	0x0
0x17ff	0x0
0x1800	0x0
0x1801	0x0
0x1805	0x0
0x1806	0x0
0x1807	0x0
0x1808	0x0
0x1809	0x0
0x180d	0x0
0x180e	0x0
0x180f	0x0
0x1810	0x0
0x1811	0x0
0x1815	0x0
0x1816	0x0
0x1817	0x0
0x1818	0x0
0x1819	0x0
0x181e	0x0
0x181f	0x0
0x1824	0x0
0x1825	0x0
0x1826	0x0
0x1827	0x0
0x182d	0x0
0x1833	0x0
0x1837	0x0
0x183d	0x0
0x1841	0x0
0x1848	0x0
0x1849	0x0
0x184a	0x0
0x184b	0x0
0x184c	0x0
0x184d	0x0
0x184e	0x0
0x184f	0x0
0x1850	0x0
0x1851	0x0
0x1853	0x0
0x1854	0x0
0x1855	0x0
0x1857	0x0
0x1858	0x0
0x1859	0x0
0x185b	0x0
0x185c	0x0
0x185d	0x0
0x185e	0x0
0x185f	0x0
0x1860	0x0
0x1861	0x0
0x1862	0x0
0x1865	0x0
0x1866	0x0
0x1867	0x0
0x1868	0x0
0x1869	0x0
0x186c	0x0
0x186d	0x0
0x186e	0x0
0x186f	0x0
0x1870	0x0
0x1871	0x0
0x1872	0x0
0x1873	0x0
0x1874	0x0
0x1875	0x0
0x187b	0x0
0x187c	0x0
0x187d	0x0
0x187e	0x0
0x187f	0x0
0x1880	0x0
0x1881	0x0
0x1882	0x0
0x188a	0x0
0x188b	0x0
0x188c	0x0
0x188d	0x0
0x188e	0x0
0x1895	0x0
0x1898	0x0
0x1899	0x0
0x189a	0x0
0x189b	0x0
0x189c	0x0
0x189d	0x0
0x189e	0x0
0x189f	0x0
0x18a0	0x0
0x18a1	0x0
0x18a2	0x0
0x18a3	0x0
0x18a4	0x0
0x18a5	0x0
0x18a6	0x0
0x18a7	0x0
0x18a8	0x0
0x18a9	0x0
0x18aa	0x0
0x18ab	0x0
0x18ac	0x0
0x18ad	0x0
0x18ae	0x0
0x18af	0x0
0x18b0	0x0
0x18b1	0x0
0x18b2	0x0
0x18b3	0x0
0x18b4	0x0
0x18b5	0x0
0x18b6	0x0
0x18b7	0x0
0x18b8	0x0
0x18ba	0x0
0x18bb	0x0
0x18bc	0x0
0x18bd	0x0
0x18c1	0x0
0x18c2	0x0
0x18c3	0x0
0x18c4	0x0
0x18c5	0x0
0x18ca	0x0
0x18cb	0x0
0x18cc	0x0
0x18cd	0x0
0x18ce	0x0
0x18cf	0x0
0x18d0	0x0
0x18d8	0x0
0x18d9	0x0
0x18da	0x0
0x18db	0x0
0x18dc	0x0
0x18dd	0x0
0x18de	0x0
0x18df	0x0
0x18e4	0x0
0x18e5	0x0
0x18e6	0x0
0x18e7	0x0
0x18e8	0x0
0x18e9	0x0
0x18ea	0x0
0x18f2	0x0
0x18f3	0x0
0x18f4	0x0
0x18f5	0x0
0x18f6	0x0
0x18f7	0x0
0x18f8	0x0
0x18f9	0x0
0x18fa	0x0
0x18fb	0x0
0x18fc	0x0
0x18fd	0x0
0x18ff	0x0
0x1900	0x0
0x1901	0x0
0x1903	0x0
0x1904	0x0
0x1905	0x0
0x1906	0x0
0x1907	0x0
0x1908	0x0
0x1909	0x0
0x190e	0x0
0x190f	0x0
0x1910	0x0
0x1911	0x0
0x1912	0x0
0x1915	0x0
0x1916	0x0
0x1917	0x0
0x191b	0x0
0x191c	0x0
0x191d	0x0
0x191e	0x0
0x191f	0x0
0x1924	0x0
0x1925	0x0
0x1926	0x0
0x1927	0x0
0x1928	0x0
0x1929	0x0
0x192a	0x0
0x192b	0x0
0x192f	0x0
0x1930	0x0
0x1931	0x0
0x1935	0x0
0x1936	0x0
0x1937	0x0
0x1938	0x0
0x1939	0x0
0x193a	0x0
0x193b	0x0
0x193c	0x0
0x193d	0x0
0x193e	0x0
0x193f	0x0
0x1940	0x0
0x1941	0x0
0x1942	0x0
0x1943	0x0
0x1947	0x0
0x1948	0x0
0x1949	0x0
0x194a	0x0
0x194b	0x0
0x194c	0x0
0x194d	0x0
0x194f	0x0
0x1950	0x0
0x1951	0x0
0x1953	0x0
0x1954	0x0
0x1955	0x0
0x1957	0x0
0x1958	0x0
0x1959	0x0
0x195a	0x0
0x195b	0x0
0x195c	0x0
0x195d	0x0
0x195e	0x0
0x1961	0x0
0x1962	0x0
0x1963	0x0
0x1964	0x0
0x1965	0x0
0x1968	0x0
0x1969	0x0
0x196a	0x0
0x196b	0x0
0x196c	0x0
0x196d	0x0
0x196e	0x0
0x196f	0x0
0x1970	0x0
0x1971	0x0
0x1977	0x0
0x1978	0x0
0x1979	0x0
0x197a	0x0
0x197b	0x0
0x197c	0x0
0x197d	0x0
0x197e	0x0
0x1986	0x0
0x1987	0x0
0x1988	0x0
0x1989	0x0
0x198a	0x0
0x1991	0x0
0x1994	0x0
0x1995	0x0
0x1996	0x0
0x1997	0x0
0x1998	0x0
0x1999	0x0
0x199a	0x0
0x199b	0x0
0x199c	0x0
0x199d	0x0
0x199e	0x0
0x199f	0x0
0x19a0	0x0
0x19a1	0x0
0x19a2	0x0
0x19a3	0x0
0x19a4	0x0
0x19a5	0x0
0x19a6	0x0
0x19a7	0x0
0x19a8	0x0
0x19a9	0x0
0x19aa	0x0
0x19ab	0x0
0x19ac	0x0
0x19ad	0x0
0x19ae	0x0
0x19af	0x0
0x19b0	0x0
0x19b1	0x0
0x19b2	0x0
0x19b3	0x0
0x19b4	0x0
0x19b6	0x0
0x19b7	0x0
0x19b8	0x0
0x19b9	0x0
0x19bd	0x0
0x19be	0x0
0x19bf	0x0
0x19c0	0x0
0x19c1	0x0
0x19c6	0x0
0x19c7	0x0
0x19c8	0x0
0x19c9	0x0
0x19ca	0x0
0x19cb	0x0
0x19cc	0x0
0x19d4	0x0
0x19d5	0x0
0x19d6	0x0
0x19d7	0x0
0x19d8	0x0
0x19d9	0x0
0x19da	0x0
0x19db	0x0
0x19e0	0x0
0x19e1	0x0
0x19e2	0x0
0x19e3	0x0
0x19e4	0x0
0x19e5	0x0
0x19e6	0x0
0x19ee	0x0
0x19ef	0x0
0x19f0	0x0
0x19f1	0x0
0x19f2	0x0
0x19f3	0x0
0x19f4	0x0
0x19f5	0x0
0x19f6	0x0
0x19f7	0x0
0x19f8	0x0
0x19f9	0x0
0x19fb	0x0
0x19fc	0x0
0x19fd	0x0
0x19ff	0x0
0x1a00	0x0
0x1a01	0x0
0x1a02	0x0
0x1a03	0x0
0x1a04	0x0
0x1a05	0x0
0x1a0b	0x0
0x1a0c	0x0
0x1a0d	0x0
0x1a0e	0x0
0x1a11	0x0
0x1a12	0x0
0x1a13	0x0
0x1a17	0x0
0x1a18	0x0
0x1a19	0x0
0x1a1a	0x0
0x1a1b	0x0
0x1a20	0x0
0x1a21	0x0
0x1a22	0x0
0x1a23	0x0
0x1a24	0x0
0x1a25	0x0
0x1a26	0x0
0x1a27	0x0
0x1a2b	0x0
0x1a2c	0x0
0x1a2d	0x0
0x1a31	0x0
0x1a32	0x0
0x1a33	0x0
0x1a34	0x0
0x1a36	0x0
0x1a37	0x0
0x1a38	0x0
0x1a39	0x0
0x1a3a	0x0
0x1a3b	0x0
0x1a3c	0x0
0x1a3d	0x0
0x1a41	0x0
0x1a42	0x0
0x1a44	0x0
0x1a45	0x0
0x1a4b	0x0
0x1a4c	0x0
0x1a4f	0x0
0x1a50	0x0
0x1a51	0x0
0x1a52	0x0
0x1a53	0x0
0x1a54	0x0
0x1a55	0x0
0x1a56	0x0
0x1a5e	0x0
0x1a5f	0x0
0x1a60	0x0
0x1a61	0x0
0x1a68	0x0
0x1a69	0x0
0x1a6d	0x0
0x1a6e	0x0
0x1a6f	0x0
0x1a70	0x0
0x1a72	0x0
0x1a73	0x0
0x1a74	0x0
0x1a75	0x0
0x1a76	0x0
0x1a77	0x0
0x1a78	0x0
0x1a79	0x0
0x1a7a	0x0
0x1a82	0x0
0x1a83	0x0
0x1a84	0x0
0x1a85	0x0
0x1a89	0x0
0x1a8a	0x0
0x1a8b	0x0
0x1a8c	0x0
0x1a8d	0x0
0x1a91	0x0
0x1a92	0x0
0x1a93	0x0
0x1a94	0x0
0x1a95	0x0
0x1a96	0x0
0x1a97	0x0
0x1a98	0x0
0x1a99	0x0
0x1a9a	0x0
0x1a9b	0x0
0x1a9c	0x0
0x1a9d	0x0
0x1a9e	0x0
0x1a9f	0x0
0x1aa0	0x0
0x1aa1	0x0
0x1aa2	0x0
0x1aa3	0x0
0x1aa9	0x0
0x1aaa	0x0
0x1aab	0x0
0x1aad	0x0
0x1aae	0x0
0x1aaf	0x0
0x1ab0	0x0
0x1ab1	0x0
0x1ab2	0x0
0x1ab3	0x0
0x1ab9	0x0
0x1abd	0x0
0x1abe	0x0
0x1abf	0x0
0x1ac1	0x0
0x1ac2	0x0
0x1ac3	0x0
0x1ac4	0x0
0x1ac5	0x0
0x1ac6	0x0
0x1ac7	0x0
0x1ac8	0x0
0x1ac9	0x0
0x1aca	0x0
0x1acb	0x0
0x1acc	0x0
0x1acd	0x0
0x1ace	0x0
0x1acf	0x0
0x1ad0	0x0
0x1ad1	0x0
0x1ad2	0x0
0x1ad3	0x0
0x1ad9	0x0
0x1ae0	0x0
0x1ae1	0x0
0x1ae2	0x0
0x1ae3	0x0
0x1ae9	0x0
0x1aea	0x0
0x1aeb	0x0
0x1aec	0x0
0x1aed	0x0
0x1aee	0x0
0x1af6	0x0
0x1af7	0x0
0x1afa	0x0
0x1afc	0x0
0x1afd	0x0
0x1b03	0x0
0x1b04	0x0
0x1b07	0x0
0x1b08	0x0
0x1b09	0x0
0x1b0a	0x0
0x1b0b	0x0
0x1b0c	0x0
0x1b0d	0x0
0x1b0e	0x0
0x1b0f	0x0
0x1b15	0x0
0x1b19	0x0
0x1b1a	0x0
0x1b1b	0x0
0x1b1c	0x0
0x1b1d	0x0
0x1b1f	0x0
0x1b20	0x0
0x1b21	0x0
0x1b22	0x0
0x1b23	0x0
0x1b27	0x0
0x1b28	0x0
0x1b29	0x0
0x1b2a	0x0
0x1b2b	0x0
0x1b31	0x0
0x1b32	0x0
0x1b33	0x0
0x1b34	0x0
0x1b35	0x0
0x1b3b	0x0
0x1b3f	0x0
0x1b40	0x0
0x1b41	0x0
0x1b42	0x0
0x1b43	0x0
0x1b49	0x0
0x1b4a	0x0
0x1b4b	0x0
0x1b4c	0x0
0x1b4d	0x0
0x1b4e	0x0
0x1b4f	0x0
0x1b55	0x0
0x1b56	0x0
0x1b57	0x0
0x1b58	0x0
0x1b59	0x0
0x1b5f	0x0
0x1b63	0x0
0x1b64	0x0
0x1b65	0x0
0x1b66	0x0
0x1b67	0x0
0x1b68	0x0
0x1b69	0x0
0x1b6f	0x0
0x1b76	0x0
0x1b77	0x0
0x1b78	0x0
0x1b79	0x0
0x1b7a	0x0
0x1b7b	0x0
0x1b7c	0x0
0x1b7d	0x0
0x1b83	0x0
0x1b84	0x0
0x1b85	0x0
0x1b8c	0x0
0x1b8d	0x0
0x1b8e	0x0
0x1b8f	0x0
0x1b90	0x0
0x1b91	0x0
0x1b97	0x0
0x1b99	0x0
0x1b9a	0x0
0x1b9b	0x0
0x1b9c	0x0
0x1b9d	0x0
0x1b9e	0x0
0x1b9f	0x0
0x1ba5	0x0
0x1ba9	0x0
0x1baa	0x0
0x1bab	0x0
0x1bac	0x0
0x1bad	0x0
0x1bb1	0x0
0x1bb7	0x0
0x1bbb	0x0
0x1bbc	0x0
0x1bbd	0x0
0x1bbe	0x0
0x1bbf	0x0
0x1bc3	0x0
0x1bc4	0x0
0x1bc5	0x0
0x1bc6	0x0
0x1bc7	0x0
0x1bc9	0x0
0x1bcb	0x0
0x1bcc	0x0
0x1bcd	0x0
0x1bce	0x0
0x1bcf	0x0
0x1bd0	0x0
0x1bd1	0x0
0x1bd5	0x0
0x1bd6	0x0
0x1bd7	0x0
0x1bd8	0x0
0x1bda	0x0
0x1bdb	0x0
0x1bdc	0x0
0x1bdd	0x0
0x1bde	0x0
0x1bdf	0x0
0x1be0	0x0
0x1be1	0x0
0x1be2	0x0
0x1bea	0x0
0x1beb	0x0
0x1bec	0x0
0x1bed	0x0
0x1bf4	0x0
0x1bf5	0x0
0x1bf9	0x0
0x1bfa	0x0
0x1bfb	0x0
0x1bfc	0x0
0x1bfe	0x0
0x1bff	0x0
0x1c00	0x0
0x1c02	0x0
0x1c03	0x0
0x1c09	0x0
0x1c0a	0x0
0x1c0d	0x0
0x1c0e	0x0
0x1c0f	0x0
0x1c10	0x0
0x1c11	0x0
0x1c12	0x0
0x1c13	0x0
0x1c14	0x0
0x1c15	0x0
0x1c19	0x0
0x1c1a	0x0
0x1c1b	0x0
0x1c1c	0x0
0x1c1d	0x0
0x1c1e	0x0
0x1c26	0x0
0x1c27	0x0
0x1c28	0x0
0x1c29	0x0
0x1c30	0x0
0x1c31	0x0
0x1c35	0x0
0x1c36	0x0
0x1c37	0x0
0x1c38	0x0
0x1c39	0x0
0x1c3a	0x0
0x1c3b	0x0
0x1c3c	0x0
0x1c3d	0x0
0x1c3e	0x0
0x1c3f	0x0
0x1c40	0x0
0x1c41	0x0
0x1c48	0x0
0x1c49	0x0
0x1c4b	0x0
0x1c4c	0x0
0x1c4d	0x0
0x1c4e	0x0
0x1c4f	0x0
0x1c50	0x0
0x1c51	0x0
0x1c55	0x0
0x1c56	0x0
0x1c57	0x0
0x1c5b	0x0
0x1c5c	0x0
0x1c5d	0x0
0x1c5e	0x0
0x1c5f	0x0
0x1c60	0x0
0x1c61	0x0
0x1c62	0x0
0x1c63	0x0
0x1c64	0x0
0x1c65	0x0
0x1c66	0x0
0x1c67	0x0
0x1c68	0x0
0x1c69	0x0
0x1c6a	0x0
0x1c6b	0x0
0x1c6c	0x0
0x1c6d	0x0
0x1c6e	0x0
0x1c6f	0x0
0x1c76	0x0
0x1c77	0x0
0x1c7b	0x0
0x1c7c	0x0
0x1c7d	0x0
0x1c7e	0x0
0x1c7f	0x0
0x1c84	0x0
0x1c8c	0x0
0x1c8d	0x0
0x1c8e	0x0
0x1c8f	0x0
0x1c90	0x0
0x1c91	0x0
0x1c92	0x0
0x1c93	0x0
0x1c94	0x0
0x1c95	0x0
0x1c96	0x0
0x1c97	0x0
0x1c98	0x0
0x1c99	0x0
0x1c9a	0x0
0x1c9b	0x0
0x1ca2	0x0
0x1ca3	0x0
0x1ca7	0x0
0x1ca9	0x0
0x1caa	0x0
0x1cab	0x0
0x1cac	0x0
0x1cad	0x0
0x1cae	0x0
0x1caf	0x0
0x1cb0	0x0
0x1cb1	0x0
0x1cb2	0x0
0x1cb3	0x0
0x1cb4	0x0
0x1cb5	0x0
0x1cb9	0x0
0x1cba	0x0
0x1cbb	0x0
0x1cbc	0x0
0x1cbd	0x0
0x1cbe	0x0
0x1cc4	0x0
0x1cc5	0x0
0x1cc6	0x0
0x1cc7	0x0
0x1ccd	0x0
0x1cd1	0x0
0x1cd2	0x0
0x1cd3	0x0
0x1cd4	0x0
0x1cd5	0x0
0x1cd6	0x0
0x1cd7	0x0
0x1cd8	0x0
0x1cd9	0x0
0x1cda	0x0
0x1cdb	0x0
0x1cdc	0x0
0x1cdd	0x0
0x1ce4	0x0
0x1ce5	0x0
0x1ce9	0x0
0x1cea	0x0
0x1ceb	0x0
0x1ced	0x0
0x1cee	0x0
0x1cef	0x0
0x1cf0	0x0
0x1cf1	0x0
0x1cf2	0x0
0x1cf5	0x0
0x1cf6	0x0
0x1cf7	0x0
0x1cf9	0x0
0x1cfd	0x0
0x1cfe	0x0
0x1cff	0x0
0x1d00	0x0
0x1d01	0x0
0x1d02	0x0
0x1d03	0x0
0x1d04	0x0
0x1d05	0x0
0x1d06	0x0
0x1d0e	0x0
0x1d12	0x0
0x1d13	0x0
0x1d16	0x0
0x1d1a	0x0
0x1d21	0x0
0x1d22	0x0
0x1d23	0x0
0x1d24	0x0
0x1d25	0x0
0x1d26	0x0
0x1d2c	0x0
0x1d33	0x0
0x1d3c	0x0
0x1d42	0x0
0x1d44	0x0
0x1d45	0x0
0x1d46	0x0
0x3b	0x0
0x3c	0x0
0x77	0x0
0x8d	0x0
0xa3	0x0
0xa9	0x0
0xbe	0x0
0xcf	0x0
0xd4	0x0
0xd6	0x0
0xe3	0x0
0xe5	0x0
0xea	0x0
0xf1	0x0
0x132	0x0
0x169	0x0
0x17f	0x0
0x297	0x0
0x2bd	0x0
0x2e6	0x0
0x2e9	0x0
0x34b	0x0
0x387	0x0
0x457	0x0
0x4a6	0x0
0x4c2	0x0
0x4d4	0x0
0x551	0x0
0x562	0x0
0x5bc	0x0
0x5ff	0x0
0x605	0x0
0x61b	0x0
0x625	0x0
0x62c	0x0
0x665	0x0
0x666	0x0
0x697	0x0
0x703	0x0
0x718	0x0
0x75b	0x0
0x7a1	0x0
0x7c7	0x0
0x849	0x0
0x859	0x0
0x8c3	0x0
0x8c5	0x0
0x8e4	0x0
0x8ef	0x0
0x902	0x0
0x9b0	0x0
0xa1a	0x0
0xa65	0x0
0xae0	0x0
0xaf1	0x0
0xb21	0x0
0xbe4	0x0
0xc17	0x0
0xc9b	0x0
0xcc3	0x0
0xcc5	0x0
0xcec	0x0
0xd0c	0x0
0xd21	0x0
0xdd2	0x0
0xe3d	0x0
0xe49	0x0
0xe63	0x0
0xe67	0x0
0xeb5	0x0
0xec5	0x0
0xec9	0x0
0xed7	0x0
0xedb	0x0
0xedf	0x0
0xee0	0x0
0xf15	0x0
0xf77	0x0
0xf83	0x0
0xf9d	0x0
0x1043	0x0
0x10d7	0x0
0x10fd	0x0
0x11cb	0x0
0x121f	0x0
0x1260	0x0
0x12cb	0x0
0x12d8	0x0
0x12db	0x0
0x12f2	0x0
0x1321	0x0
0x133b	0x0
0x140b	0x0
0x141b	0x0
0x1435	0x0
0x1463	0x0
0x14ff	0x0
0x150f	0x0
0x1529	0x0
0x1561	0x0
0x1571	0x0
0x15c9	0x0
0x166f	0x0
0x167f	0x0
0x1699	0x0
0x16c3	0x0
0x16e7	0x0
0x1713	0x0
0x1733	0x0
0x17ed	0x0
0x18b9	0x0
0x19b5	0x0
0x1a43	0x0
0x1afb	0x0
0x1c01	0x0
0x1c83	0x0
0x1cf8	0x0
0x1cfc	0x0
0x1d3a	0x0
0x57	0x0
0xaa	0x0
0xd7	0x0
0xe2	0x0
0xeb	0x0
0xf0	0x0
0xf8	0x0
0x15e	0x0
0x1c4	0x0
0x1d8	0x0
0x1dc	0x0
0x202	0x0
0x20e	0x0
0x21c	0x0
0x26a	0x0
0x282	0x0
0x286	0x0
0x2e7	0x0
0x3a2	0x0
0x3a4	0x0
0x3ba	0x0
0x3be	0x0
0x48e	0x0
0x4d3	0x0
0x4d5	0x0
0x4d7	0x0
0x4f2	0x0
0x506	0x0
0x50c	0x0
0x512	0x0
0x516	0x0
0x51c	0x0
0x53e	0x0
0x544	0x0
0x58e	0x0
0x5e7	0x0
0x5e8	0x0
0x5fe	0x0
0x606	0x0
0x608	0x0
0x618	0x0
0x61e	0x0
0x620	0x0
0x622	0x0
0x626	0x0
0x628	0x0
0x658	0x0
0x65c	0x0
0x65e	0x0
0x660	0x0
0x693	0x0
0x698	0x0
0x6ba	0x0
0x6c0	0x0
0x6f4	0x0
0x743	0x0
0x788	0x0
0x7a3	0x0
0x7c9	0x0
0x88e	0x0
0x92e	0x0
0x942	0x0
0x946	0x0
0x958	0x0
0x96c	0x0
0x972	0x0
0x9a6	0x0
0x9ac	0x0
0x9ca	0x0
0x9ee	0x0
0xa00	0x0
0xa04	0x0
0xa45	0x0
0xa58	0x0
0xa5a	0x0
0xa5e	0x0
0xa60	0x0
0xa62	0x0
0xa66	0x0
0xa6a	0x0
0xac8	0x0
0xae9	0x0
0xb05	0x0
0xb1c	0x0
0xb20	0x0
0xb2c	0x0
0xb40	0x0
0xb46	0x0
0xb4c	0x0
0xb50	0x0
0xb56	0x0
0xbf2	0x0
0xc4c	0x0
0xc5c	0x0
0xc5e	0x0
0xc60	0x0
0xc76	0x0
0xc78	0x0
0xc7a	0x0
0xce0	0x0
0xd1a	0x0
0xd25	0x0
0xd36	0x0
0xd38	0x0
0xe10	0x0
0xe12	0x0
0xe82	0x0
0xe86	0x0
0xec7	0x0
0xece	0x0
0xf0c	0x0
0xf0e	0x0
0xfbc	0x0
0xfd4	0x0
0xfd6	0x0
0xfe0	0x0
0xfe4	0x0
0x1088	0x0
0x108a	0x0
0x10c3	0x0
0x112c	0x0
0x115b	0x0
0x1194	0x0
0x1196	0x0
0x1210	0x0
0x121b	0x0
0x1242	0x0
0x1246	0x0
0x124a	0x0
0x129e	0x0
0x12a0	0x0
0x12d7	0x0
0x12f1	0x0
0x1316	0x0
0x131d	0x0
0x131e	0x0
0x1337	0x0
0x1369	0x0
0x1399	0x0
0x1450	0x0
0x14c8	0x0
0x14ca	0x0
0x154a	0x0
0x15d8	0x0
0x15fc	0x0
0x1638	0x0
0x163a	0x0
0x16b4	0x0
0x16c0	0x0
0x16f8	0x0
0x1852	0x0
0x1856	0x0
0x185a	0x0
0x18fe	0x0
0x1902	0x0
0x194e	0x0
0x1952	0x0
0x1956	0x0
0x19fa	0x0
0x19fe	0x0
0x1a35	0x0
0x1a71	0x0
0x1aac	0x0
0x1ac0	0x0
0x1b1e	0x0
0x1b98	0x0
0x1bc8	0x0
0x1bca	0x0
0x1bd9	0x0
0x1bfd	0x0
0x1c4a	0x0
0x1ca8	0x0
0x1cec	0x0
0x1d19	0x0
0x1d3b	0x0
0x1d43	0x0
0x1d47	0x0
