0x18	0x66666666666666
0x21	0x30313030
0x6a	0x3230333562
0x82	0x64646530333134
0x99	0x613762333134
0xa4	0x623537
0xb1	0x6464313436
0xba	0x31353738303633
0xc4	0x383039
0xda	0x383732
0xde	0x6431343631
0xe7	0x3537383036
0xf1	0x65353637
0x107	0x3833316231
0x113	0x353738303633
0x11c	0x31306631
0x128	0x333537
0x13e	0x393537383036
0x148	0x3038
0x155	0x35373830363337
0x15d	0x3634626362
0x173	0x6135636235
0x179	0x313436
0x18a	0x3839623431
0x196	0x3635
0x19e	0x3930
0x1a3	0x62623134
0x1b4	0x3334376332
0x1ca	0x3733646436
0x1d8	0x3535
0x1e0	0x6436326564
0x1e7	0x313436313034
0x1ee	0x6235373830
0x1f6	0x32666465333862
0x209	0x363030
0x210	0x64356233343135
0x226	0x64356236313031
0x22f	0x36313035
0x239	0x363034
0x25e	0x33356233343135
0x26b	0x353736
0x274	0x64356236313031
0x287	0x363034
0x2cf	0x383338
0x2f1	0x363032
0x301	0x353035
0x319	0x31363830313536
0x324	0x6435
0x345	0x3033
0x35b	0x353039
0x374	0x33356233343135
0x380	0x36353736
0x38a	0x64356236313031
0x393	0x36303031
0x39a	0x3036
0x3a1	0x3033
0x3b6	0x32353635623630
0x3e0	0x33356233343135
0x3ec	0x63353736303030
0x3f6	0x64356236313032
0x405	0x35363562363034
0x42a	0x33356233343135
0x440	0x64356236313031
0x449	0x36313036
0x453	0x363034
0x478	0x33356233343135
0x48e	0x64356236313031
0x497	0x36303031
0x49e	0x3036
0x4a5	0x3033
0x4c7	0x353635623630
0x4f0	0x33356233343135
0x506	0x64356236313032
0x514	0x3035
0x519	0x363034
0x53a	0x33356233343135
0x546	0x3935
0x550	0x64356236313032
0x558	0x313631
0x55e	0x3635
0x563	0x303035
0x567	0x333431
0x570	0x653537
0x57a	0x64356236313031
0x583	0x36303031
0x58a	0x3036
0x591	0x3033
0x5a6	0x323536356236
0x5d0	0x33356233343135
0x5dc	0x34353736303030
0x5e6	0x64356236313031
0x5ef	0x36303031
0x5f6	0x3036
0x5fd	0x3033
0x617	0x363034
0x63c	0x33356233343135
0x649	0x3537
0x652	0x64356236313032
0x662	0x3036
0x669	0x3033
0x678	0x66353635623630
0x69e	0x33356233343135
0x6ab	0x353736
0x6b4	0x64356236313031
0x6bd	0x36313039
0x6c3	0x353635623630
0x6ec	0x33356233343135
0x702	0x64356236313033
0x70b	0x3631
0x710	0x3535
0x715	0x363034
0x722	0x3036
0x729	0x3033
0x74a	0x33356233343135
0x756	0x313537
0x760	0x64356236313031
0x76e	0x343536
0x773	0x363034
0x7bb	0x383338
0x7dd	0x363032
0x7ed	0x353035
0x805	0x31363830313536
0x810	0x6435
0x831	0x3033
0x847	0x353039
0x860	0x33356233343135
0x86d	0x35373630
0x876	0x64356236313031
0x87f	0x36303031
0x886	0x3036
0x88d	0x3033
0x8a1	0x3532
0x8a7	0x363034
0x8cc	0x33356233343135
0x8e2	0x64356236313032
0x8f2	0x3036
0x8f9	0x3033
0x906	0x66666666666666
0x90e	0x66666666666666
0x921	0x3832
0x927	0x363034
0x948	0x33356233343135
0x954	0x303537
0x95e	0x64356236313031
0x967	0x36303031
0x96e	0x3036
0x975	0x3033
0x989	0x6166
0x98f	0x363034
0x9b4	0x33356233343135
0x9c0	0x363537363030
0x9ca	0x64356236313032
0x9da	0x3036
0x9e1	0x3033
0x9fb	0x353435
0xa01	0x363034
0xa22	0x33356233343135
0xa2f	0x3537363030
0xa38	0x64356236313032
0xa40	0x313630
0xa48	0x3036
0xa4f	0x3033
0xa5d	0x383135
0xa63	0x303035
0xa67	0x363030
0xaa0	0x66313638313536
0xaa9	0x363030
0xad9	0x30313630323038
0xb44	0x613537383036
0xb4d	0x31303631303562
0xb55	0x35373631303130
0xb7a	0x613536356238
0xb9b	0x383135
0xbbe	0x64353738
0xbcb	0x31363832303139
0xbd5	0x353035
0xbe5	0x363030
0xbec	0x3036
0xbf3	0x3033
0xc47	0x38633562653165
0xc50	0x626563376435
0xc57	0x643134
0xc5b	0x37313432376431
0xc63	0x383466336464
0xc6e	0x30663762
0xc77	0x356232303061
0xc7e	0x38633763
0xc84	0x393235
0xcaa	0x3335
0xcb3	0x393239
0xcbf	0x363030
0xccb	0x363030
0xcd4	0x66313638313536
0xcdd	0x363030
0xceb	0x38323432
0xcf3	0x3832
0xcf9	0x383131
0xd0e	0x64356236313036
0xd21	0x31613536
0xd27	0x393235
0xd2d	0x356235
0xd41	0x363030
0xd4d	0x363030
0xd5c	0x3036
0xd63	0x3033
0xd76	0x31353736
0xd80	0x64356236303037
0xd8c	0x66313631353631
0xd96	0x3135373630
0xda0	0x64356236303037
0xdae	0x66313931363630
0xdbf	0x356235
0xdc5	0x363030
0xdda	0x3036
0xde1	0x3033
0xdfe	0x64356236303033
0xe3a	0x66313631353631
0xe4e	0x64356236303030
0xe5d	0x393038
0xe64	0x66666666666666
0xe6f	0x3436313635
0xe77	0x363030
0xe88	0x3036
0xe8f	0x3033
0xeba	0x66666666666666
0xec5	0x3436313635
0xecd	0x363030
0xed4	0x3036
0xedb	0x3033
0xf0d	0x30663637393861
0xf1b	0x3534
0xf1e	0x33626366
0xf23	0x383661393363
0xf2a	0x6531653733
0xf33	0x3934346330
0xf39	0x613230353434
0xf43	0x3431323133
0xf70	0x3238
0xf7a	0x3036
0xf81	0x3033
0xf8b	0x64646632353261
0xf93	0x3162653263
0xf9b	0x363963
0xfa0	0x303638
0xfa4	0x63333738646161
0xfaf	0x613766
0xfb6	0x34613131
0xfbe	0x35356134646635
0xfc8	0x336566
0xfee	0x3335
0xff7	0x356235
0xffb	0x393239
0x1007	0x363030
0x100e	0x3036
0x1015	0x3033
0x106e	0x3036
0x1075	0x3033
0x10c1	0x363130
0x10ce	0x66666666666666
0x10d9	0x3630313635
0x10e1	0x363030
0x10e8	0x3036
0x10ef	0x3033
0x112f	0x363030
0x1136	0x3036
0x113d	0x3033
0x1187	0x38633562653165
0x1190	0x626563376435
0x1197	0x643134
0x119b	0x37313432376431
0x11a3	0x383466336464
0x11ae	0x30663762
0x11b7	0x356232303061
0x11be	0x38633763
0x11c4	0x393235
0x11e6	0x3336
0x11f1	0x353039
0x11ff	0x363030
0x1206	0x3036
0x120d	0x3033
0x1233	0x393139
0x123d	0x363030
0x1252	0x3036
0x1259	0x3033
0x126d	0x35373630
0x1276	0x64356236303033
0x1284	0x66303030303030
0x12e5	0x61653531383466
0x12ed	0x613833
0x12f2	0x62326231
0x12f7	0x37303261636136
0x1302	0x386432
0x1308	0x616630336164
0x1311	0x623133336631
0x1319	0x6465306635
0x1322	0x61303836303430
0x133a	0x3135
0x1343	0x356239
0x134b	0x363030
0x1358	0x3036
0x135f	0x3033
0x1369	0x363030
0x1399	0x30313630323038
0x1404	0x613537383036
0x140d	0x31303631303562
0x1415	0x35373631303130
0x143a	0x613536356238
0x145b	0x383135
0x147e	0x64353738
0x148b	0x31363832303139
0x1495	0x353035
0x14a5	0x363030
0x14b1	0x3630
0x14bb	0x3832
0x14c1	0x383131
0x14cb	0x3663
0x14d6	0x64356236313061
0x14e7	0x3737353635
0x14ed	0x393235
0x14f3	0x356235
0x1505	0x363030
0x1514	0x66313631353631
0x151d	0x6130
0x1525	0x3939
0x152e	0x66353635623930
0x1541	0x353036
0x1551	0x356239
0x155f	0x363030
0x1566	0x3036
0x156d	0x3033
0x15b3	0x6537
0x15bc	0x66666666666666
0x15c7	0x3436313635
0x15cf	0x363030
0x15d6	0x3036
0x15dd	0x3033
0x1633	0x38633562653165
0x163c	0x626563376435
0x1643	0x643134
0x1647	0x37313432376431
0x164f	0x383466336464
0x165a	0x30663762
0x1663	0x356232303061
0x166a	0x38633763
0x1670	0x393235
0x1694	0x3335
0x169d	0x393239
0x16a9	0x363030
0x16b0	0x3036
0x16b7	0x3033
0x16f7	0x393239
0x1703	0x363030
0x1712	0x3036
0x1719	0x3033
0x172b	0x396335
0x1736	0x64356236303031
0x1740	0x3036
0x1747	0x3033
0x1755	0x623135
0x1760	0x64356236303033
0x1770	0x3036
0x1777	0x3033
0x1785	0x38626530303739
0x178d	0x35333136
0x179a	0x64316664
0x17a0	0x3466
0x17ab	0x39373232613364
0x17b3	0x6166
0x17b6	0x336234313836
0x17bd	0x36623634353765
0x17da	0x3336
0x17e6	0x66666666666666
0x17ee	0x66666666666666
0x17f6	0x66666666666666
0x17fe	0x66666666666666
0x1806	0x66666666666666
0x1818	0x3036
0x181f	0x3033
0x182d	0x356235
0x1835	0x363030
0x1842	0x3036
0x1849	0x3033
0x1857	0x33323537
0x1862	0x64356235303630
0x186e	0x3036
0x1875	0x3033
0x18d5	0x37383930
0x18de	0x66666666666666
0x18e9	0x3630313635
0x18f1	0x363030
0x18f8	0x3036
0x18ff	0x3033
0x193f	0x61643930
0x1948	0x66666666666666
0x1953	0x3436313635
0x195b	0x363030
0x1962	0x3036
0x1969	0x3033
0x1991	0x64363831
0x199a	0x66666666666666
0x19a5	0x3630313635
0x19ad	0x363030
0x19b4	0x3036
0x19bb	0x3033
0x1a0f	0x64646632353261
0x1a17	0x3162653263
0x1a1f	0x363963
0x1a24	0x303638
0x1a28	0x63333738646161
0x1a33	0x613766
0x1a3a	0x34613131
0x1a42	0x35356134646635
0x1a4c	0x336566
0x1a72	0x3336
0x1a7d	0x353039
0x1a8d	0x363030
0x1aa3	0x3535353766
0x1aa9	0x356238303931
0x1ab3	0x353039
0x1ac1	0x363030
0x1ad1	0x3663353766
0x1ad7	0x356235303830
0x1ae3	0x393239
0x1aef	0x363030
0x1afa	0x3036
0x1b01	0x3033
0x1b0f	0x3865353736
0x1b1a	0x64356236303031
0x1b24	0x3036
0x1b2b	0x3033
0x1b53	0x6237393038
0x1b5c	0x66666666666666
0x1b67	0x3630313635
0x1b6f	0x363030
0x1b76	0x3036
0x1b7d	0x3033
0x1bbd	0x6563393038
0x1bc6	0x66666666666666
0x1bd1	0x3436313635
0x1bd9	0x363030
0x1be0	0x3036
0x1be7	0x3033
0x1c25	0x64646632353261
0x1c2d	0x3162653263
0x1c35	0x363963
0x1c3a	0x303638
0x1c3e	0x63333738646161
0x1c49	0x613766
0x1c50	0x34613131
0x1c58	0x35356134646635
0x1c62	0x336566
0x1c88	0x3335
0x1c91	0x393239
0x1c9e	0x3136
0x1ca5	0x3761
0x1cb3	0x6233
0x1cb6	0x63323166336665
0x1cc0	0x36396462
0x1cc8	0x3233383762
0x1ccf	0x346137633337
0x1cd8	0x6635313433
0x1ce0	0x383135
0x1ce7	0x62653265
0x1ced	0x613330
