0x20	0x1f	0
0x20	0x16	2
0x20	0x17	1
0x1f	0x1e	0
0x8	0x7	0
0x10	0xf	0
0x13	0x12	0
0x15	0x14	0
0x6a	0x62	0
0x7b	0x7a	0
0x7d	0x7c	0
0x80	0x7f	0
0x88	0x83	0
0x91	0x90	0
0x93	0x92	0
0x9c	0x9b	0
0x9e	0x9d	0
0xa7	0xa1	0
0xac	0xab	0
0xc2	0xc1	0
0xd3	0xd2	0
0xdf	0xde	0
0xe6	0xe1	0
0xe9	0xe8	0
0xec	0xeb	0
0xee	0xed	0
0xf6	0xf1	0
0xfa	0xf9	0
0xfb	0xfa	0
0xfc	0xfb	0
0xff	0xfe	0
0x104	0x103	0
0x112	0x109	0
0x115	0x114	0
0x12b	0x12a	0
0x13b	0x13a	0
0x141	0x140	0
0x153	0x152	0
0x154	0x153	0
0x157	0x156	0
0x15c	0x15b	0
0x163	0x15e	0
0x164	0x163	0
0x166	0x165	0
0x16d	0x16c	0
0x183	0x17f	0
0x185	0x184	0
0x188	0x187	0
0x199	0x198	0
0x19b	0x19a	0
0x19c	0x19b	0
0x1a5	0x19d	0
0x1ac	0x1a6	0
0x1af	0x1ae	0
0x1b1	0x1b0	0
0x1c2	0x1c1	0
0x1c5	0x1c4	0
0x1c8	0x1c7	0
0x1d3	0x1d2	0
0x1d7	0x1d1	0
0x1d8	0x1d7	0
0x1db	0x1da	0
0x1de	0x1dd	0
0x1f1	0x1f0	0
0x1f6	0x1f5	0
0x1ff	0x1fc	0
0x207	0x206	0
0x216	0x20a	0
0x238	0x208	0
0x249	0x245	0
0x24c	0x24b	0
0x24e	0x24d	0
0x25c	0x254	0
0x25f	0x25e	0
0x264	0x25f	0
0x272	0x26a	0
0x275	0x274	0
0x27c	0x279	0
0x28c	0x284	0
0x28d	0x28c	0
0x28f	0x28e	0
0x291	0x290	0
0x2a5	0x2a4	0
0x2a6	0x2a5	0
0x2a9	0x2a8	0
0x2b0	0x2af	0
0x2b6	0x2b5	0
0x2b7	0x2b6	0
0x2c1	0x2c0	0
0x2c5	0x2c4	0
0x2ca	0x2c9	0
0x2cf	0x2ce	0
0x2d1	0x2d0	0
0x2d2	0x2d1	0
0x2d3	0x2d2	0
0x2d5	0x2d4	0
0x2d6	0x2d5	0
0x2dd	0x2dc	0
0x2df	0x2d9	0
0x2e0	0x2df	0
0x2e4	0x2e3	0
0x2e5	0x2e4	0
0x2ed	0x2ec	0
0x2fa	0x2f9	0
0x2ff	0x2fb	0
0x300	0x2ff	0
0x302	0x301	0
0x303	0x302	0
0x305	0x304	0
0x307	0x306	0
0x30a	0x309	0
0x311	0x310	0
0x312	0x311	0
0x313	0x312	0
0x315	0x314	0
0x319	0x318	0
0x31a	0x319	0
0x321	0x320	0
0x323	0x322	0
0x326	0x325	0
0x329	0x328	0
0x32b	0x32a	0
0x334	0x333	0
0x336	0x335	0
0x338	0x337	0
0x33c	0x33b	0
0x341	0x340	0
0x343	0x342	0
0x348	0x347	0
0x351	0x349	0
0x353	0x352	0
0x360	0x35f	0
0x361	0x360	0
0x365	0x364	0
0x36f	0x36e	0
0x371	0x370	0
0x378	0x375	0
0x37a	0x372	0
0x37d	0x37c	0
0x37e	0x37d	0
0x385	0x384	0
0x387	0x381	0
0x388	0x387	0
0x38a	0x389	0
0x390	0x38f	0
0x392	0x391	0
0x394	0x393	0
0x39a	0x399	0
0x39b	0x39a	0
0x39f	0x398	0
0x3ac	0x3a4	0
0x3ad	0x3ac	0
0x3af	0x3ae	0
0x3b1	0x3b0	0
0x3c6	0x3c5	0
0x3d3	0x3d2	0
0x3d5	0x3d4	0
0x3dd	0x3dc	0
0x408	0x400	0
0x411	0x410	0
0x417	0x3e8	0
0x41d	0x41c	0
0x425	0x424	0
0x42b	0x3d9	0
0x42e	0x42d	0
0x430	0x42f	0
0x432	0x431	0
0x435	0x434	0
0x442	0x441	0
0x443	0x442	0
0x448	0x447	0
0x449	0x448	0
0x44a	0x449	0
0x44b	0x44a	0
0x44c	0x44b	0
0x44d	0x44c	0
0x44e	0x44d	0
0x44f	0x44e	0
0x451	0x450	0
0x452	0x451	0
0x459	0x458	0
0x45b	0x455	0
0x45c	0x45b	0
0x45e	0x45d	0
0x464	0x463	0
0x465	0x464	0
0x469	0x462	0
0x476	0x46e	0
0x477	0x476	0
0x479	0x478	0
0x47e	0x47d	0
0x498	0x497	0
0x49a	0x499	0
0x4a0	0x49f	0
0x4a1	0x4a0	0
0x4a7	0x4a6	0
0x4a8	0x4a7	0
0x4af	0x4ae	0
0x4b1	0x4ab	0
0x4b2	0x4b1	0
0x4b4	0x4b3	0
0x4ba	0x4b9	0
0x4bb	0x4ba	0
0x4bf	0x4b8	0
0x4cc	0x4c4	0
0x4cd	0x4cc	0
0x4cf	0x4ce	0
0x4f3	0x4f2	0
0x4f5	0x4f4	0
0x4fd	0x4fc	0
0x528	0x520	0
0x531	0x530	0
0x537	0x508	0
0x53d	0x53c	0
0x568	0x560	0
0x571	0x570	0
0x577	0x548	0
0x57d	0x57c	0
0x585	0x584	0
0x58b	0x539	0
0x58e	0x58d	0
0x590	0x58f	0
0x592	0x591	0
0x595	0x594	0
0x59a	0x597	0
0x59c	0x59b	0
0x5a2	0x5a1	0
0x5a3	0x5a2	0
0x5a8	0x5a7	0
0x5a9	0x5a8	0
0x5aa	0x5a9	0
0x5ab	0x5aa	0
0x5ac	0x5ab	0
0x5ad	0x5ac	0
0x5ae	0x5ad	0
0x5af	0x5ae	0
0x5b1	0x5b0	0
0x5b2	0x5b1	0
0x5b9	0x5b8	0
0x5bb	0x5b5	0
0x5bc	0x5bb	0
0x5be	0x5bd	0
0x5c4	0x5c3	0
0x5c5	0x5c4	0
0x5c9	0x5c2	0
0x5d6	0x5ce	0
0x5d7	0x5d6	0
0x5d9	0x5d8	0
0x5f8	0x5f0	0
0x5fa	0x5f9	0
0x600	0x5ff	0
0x601	0x600	0
0x607	0x606	0
0x608	0x607	0
0x60f	0x60e	0
0x611	0x60b	0
0x612	0x611	0
0x614	0x613	0
0x61a	0x619	0
0x61b	0x61a	0
0x61f	0x618	0
0x62c	0x624	0
0x62d	0x62c	0
0x62f	0x62e	0
0x632	0x631	0
0x649	0x648	0
0x650	0x64b	0
0x656	0x655	0
0x657	0x656	0
0x666	0x65e	0
0x669	0x668	0
0x66a	0x669	0
0x671	0x670	0
0x673	0x66d	0
0x674	0x673	0
0x676	0x675	0
0x67c	0x67b	0
0x67d	0x67c	0
0x681	0x67a	0
0x68e	0x686	0
0x68f	0x68e	0
0x691	0x690	0
0x694	0x693	0
0x696	0x695	0
0x6b5	0x6b4	0
0x6b7	0x6b6	0
0x6bf	0x6be	0
0x6ea	0x6e2	0
0x6f3	0x6f2	0
0x6f9	0x6ca	0
0x6ff	0x6fe	0
0x707	0x706	0
0x70d	0x6bb	0
0x710	0x70f	0
0x712	0x711	0
0x714	0x713	0
0x717	0x716	0
0x71e	0x719	0
0x724	0x723	0
0x725	0x724	0
0x72a	0x729	0
0x72b	0x72a	0
0x72c	0x72b	0
0x72d	0x72c	0
0x72e	0x72d	0
0x72f	0x72e	0
0x730	0x72f	0
0x731	0x730	0
0x733	0x732	0
0x734	0x733	0
0x73b	0x73a	0
0x73d	0x737	0
0x73e	0x73d	0
0x740	0x73f	0
0x746	0x745	0
0x747	0x746	0
0x74b	0x744	0
0x758	0x750	0
0x759	0x758	0
0x75b	0x75a	0
0x77f	0x77e	0
0x781	0x780	0
0x789	0x788	0
0x7b4	0x7ac	0
0x7bd	0x7bc	0
0x7c3	0x794	0
0x7c9	0x7c8	0
0x7d1	0x7d0	0
0x7d7	0x785	0
0x7da	0x7d9	0
0x7dc	0x7db	0
0x7de	0x7dd	0
0x7e1	0x7e0	0
0x7ee	0x7ed	0
0x7ef	0x7ee	0
0x7f4	0x7f3	0
0x7f5	0x7f4	0
0x7f6	0x7f5	0
0x7f7	0x7f6	0
0x7f8	0x7f7	0
0x7f9	0x7f8	0
0x7fa	0x7f9	0
0x7fb	0x7fa	0
0x7fd	0x7fc	0
0x7fe	0x7fd	0
0x805	0x804	0
0x807	0x801	0
0x808	0x807	0
0x80a	0x809	0
0x810	0x80f	0
0x811	0x810	0
0x815	0x80e	0
0x822	0x81a	0
0x823	0x822	0
0x825	0x824	0
0x828	0x827	0
0x849	0x848	0
0x84b	0x84a	0
0x853	0x852	0
0x85b	0x85a	0
0x861	0x84e	0
0x864	0x863	0
0x866	0x865	0
0x868	0x867	0
0x86b	0x86a	0
0x876	0x875	0
0x87c	0x87b	0
0x87d	0x87c	0
0x87f	0x87e	0
0x884	0x87f	0
0x8a3	0x8a2	0
0x8a5	0x8a4	0
0x8ad	0x8ac	0
0x8d8	0x8d0	0
0x8e1	0x8e0	0
0x8e7	0x8b8	0
0x8ea	0x8e9	0
0x8ec	0x8eb	0
0x8ee	0x8ed	0
0x8f1	0x8f0	0
0x8fe	0x8fd	0
0x8ff	0x8fe	0
0x904	0x903	0
0x905	0x904	0
0x906	0x905	0
0x907	0x906	0
0x908	0x907	0
0x909	0x908	0
0x90a	0x909	0
0x90b	0x90a	0
0x90d	0x90c	0
0x90e	0x90d	0
0x915	0x914	0
0x917	0x911	0
0x918	0x917	0
0x91a	0x919	0
0x920	0x91f	0
0x921	0x920	0
0x925	0x91e	0
0x932	0x92a	0
0x933	0x932	0
0x935	0x934	0
0x959	0x958	0
0x95b	0x95a	0
0x963	0x962	0
0x98e	0x986	0
0x997	0x996	0
0x99d	0x96e	0
0x9a0	0x99f	0
0x9a2	0x9a1	0
0x9a4	0x9a3	0
0x9a7	0x9a6	0
0x9b4	0x9b3	0
0x9b5	0x9b4	0
0x9bb	0x9ba	0
0x9bc	0x9bb	0
0x9c3	0x9c2	0
0x9c5	0x9bf	0
0x9c6	0x9c5	0
0x9c8	0x9c7	0
0x9ce	0x9cd	0
0x9cf	0x9ce	0
0x9d3	0x9cc	0
0x9e0	0x9d8	0
0x9e1	0x9e0	0
0x9e3	0x9e2	0
0x9f9	0x9f8	0
0x9fd	0x9fc	0
0xa08	0xa07	0
0xa0e	0xa0d	0
0xa0f	0xa0e	0
0xa11	0xa10	0
0xa13	0xa12	0
0xa14	0xa13	0
0xa16	0xa15	0
0xa27	0xa26	0
0xa28	0xa27	0
0xa2b	0xa2a	0
0xa2c	0xa2b	0
0xa30	0xa2f	0
0xa32	0xa31	0
0xa38	0xa37	0
0xa39	0xa38	0
0xa68	0xa60	0
0xa94	0xa8c	0
0xa97	0xa96	0
0xa98	0xa97	0
0xa9f	0xa9e	0
0xaa1	0xa9b	0
0xaa2	0xaa1	0
0xaa4	0xaa3	0
0xaaa	0xaa9	0
0xaab	0xaaa	0
0xaaf	0xaa8	0
0xabc	0xab4	0
0xabd	0xabc	0
0xabf	0xabe	0
0xac1	0xac0	0
0xac4	0xabd	0
0xad5	0xad4	0
0xad9	0xad8	0
0xada	0xad9	0
0xade	0xadd	0
0xae0	0xadf	0
0xae6	0xae5	0
0xae7	0xae6	0
0xaec	0xaeb	0
0xaed	0xaec	0
0xaee	0xaed	0
0xaef	0xaee	0
0xaf0	0xaef	0
0xaf1	0xaf0	0
0xaf2	0xaf1	0
0xaf3	0xaf2	0
0xaf5	0xaf4	0
0xaf6	0xaf5	0
0xafd	0xafc	0
0xaff	0xaf9	0
0xb00	0xaff	0
0xb02	0xb01	0
0xb08	0xb07	0
0xb09	0xb08	0
0xb0d	0xb06	0
0xb1a	0xb12	0
0xb1b	0xb1a	0
0xb1d	0xb1c	0
0xb1f	0xb1e	0
0xb22	0xb21	0
0xb33	0xb32	0
0xb3e	0xb3d	0
0xb44	0xb43	0
0xb45	0xb44	0
0xb4f	0xb4e	0
0xb53	0xb52	0
0xb58	0xb57	0
0xb5d	0xb5c	0
0xb5f	0xb5e	0
0xb60	0xb5f	0
0xb61	0xb60	0
0xb63	0xb62	0
0xb64	0xb63	0
0xb6b	0xb6a	0
0xb6d	0xb67	0
0xb6e	0xb6d	0
0xb72	0xb71	0
0xb73	0xb72	0
0xb7b	0xb7a	0
0xb88	0xb87	0
0xb8d	0xb89	0
0xb8e	0xb8d	0
0xb90	0xb8f	0
0xb91	0xb90	0
0xb93	0xb92	0
0xb95	0xb94	0
0xb9f	0xb9e	0
0xba0	0xb9f	0
0xba1	0xba0	0
0xba3	0xba2	0
0xba7	0xba6	0
0xba8	0xba7	0
0xbaf	0xbae	0
0xbb1	0xbb0	0
0xbb4	0xbb3	0
0xbb7	0xbb6	0
0xbb9	0xbb8	0
0xbc4	0xbc3	0
0xbc6	0xbc5	0
0xbca	0xbc9	0
0xbcf	0xbce	0
0xbd1	0xbd0	0
0xbd6	0xbd5	0
0xbdf	0xbd7	0
0xbee	0xbed	0
0xbef	0xbee	0
0xbf3	0xbf2	0
0xbfd	0xbfc	0
0xbff	0xbfe	0
0xc06	0xc03	0
0xc08	0xc00	0
0xc0b	0xc0a	0
0xc0c	0xc0b	0
0xc13	0xc12	0
0xc15	0xc0f	0
0xc16	0xc15	0
0xc18	0xc17	0
0xc1e	0xc1d	0
0xc20	0xc1f	0
0xc22	0xc21	0
0xc28	0xc27	0
0xc29	0xc28	0
0xc2d	0xc26	0
0xc3a	0xc32	0
0xc3b	0xc3a	0
0xc3d	0xc3c	0
0xc42	0xc41	0
0xc54	0xc53	0
0xc61	0xc60	0
0xc63	0xc62	0
0xc6b	0xc6a	0
0xc96	0xc8e	0
0xc9f	0xc9e	0
0xca5	0xc76	0
0xca8	0xca7	0
0xcaa	0xca9	0
0xcac	0xcab	0
0xcaf	0xcae	0
0xcb0	0xcaf	0
0xcb1	0xcb0	0
0xcb4	0xcb3	0
0xcb6	0xcb5	0
0xcc0	0xcbf	0
0xcc1	0xcc0	0
0xcc3	0xcc2	0
0xcc8	0xcc3	0
0xcdd	0xcdc	0
0xcde	0xcdd	0
0xcdf	0xcde	0
0xce2	0xce1	0
0xce4	0xce3	0
0xcee	0xced	0
0xcef	0xcee	0
0xcf1	0xcf0	0
0xcf6	0xcf5	0
0xd15	0xd14	0
0xd17	0xd16	0
0xd1f	0xd1e	0
0xd4a	0xd42	0
0xd53	0xd52	0
0xd59	0xd2a	0
0xd5f	0xd5e	0
0xd67	0xd66	0
0xd6d	0xd1b	0
0xd70	0xd6f	0
0xd72	0xd71	0
0xd74	0xd73	0
0xd77	0xd76	0
0xd78	0xd77	0
0xd79	0xd78	0
0xd7a	0xd79	0
0xd7c	0xd7b	0
0xd7e	0xd7d	0
0xd84	0xd83	0
0xd85	0xd84	0
0xd8a	0xd89	0
0xd8b	0xd8a	0
0xd8c	0xd8b	0
0xd8d	0xd8c	0
0xd8e	0xd8d	0
0xd8f	0xd8e	0
0xd90	0xd8f	0
0xd91	0xd90	0
0xd93	0xd92	0
0xd94	0xd93	0
0xd9b	0xd9a	0
0xd9d	0xd97	0
0xd9e	0xd9d	0
0xda0	0xd9f	0
0xda6	0xda5	0
0xda7	0xda6	0
0xdab	0xda4	0
0xdb8	0xdb0	0
0xdb9	0xdb8	0
0xdbb	0xdba	0
0xddf	0xdde	0
0xde1	0xde0	0
0xde9	0xde8	0
0xe14	0xe0c	0
0xe1d	0xe1c	0
0xe23	0xdf4	0
0xe29	0xe28	0
0xe31	0xe30	0
0xe37	0xde5	0
0xe3a	0xe39	0
0xe3c	0xe3b	0
0xe3e	0xe3d	0
0xe41	0xe40	0
0xe42	0xe41	0
0xe48	0xe45	0
0xe4e	0xe4d	0
0xe4f	0xe4e	0
0xe54	0xe53	0
0xe55	0xe54	0
0xe56	0xe55	0
0xe57	0xe56	0
0xe58	0xe57	0
0xe59	0xe58	0
0xe5a	0xe59	0
0xe5b	0xe5a	0
0xe5d	0xe5c	0
0xe5e	0xe5d	0
0xe65	0xe64	0
0xe67	0xe61	0
0xe68	0xe67	0
0xe6a	0xe69	0
0xe70	0xe6f	0
0xe71	0xe70	0
0xe75	0xe6e	0
0xe82	0xe7a	0
0xe83	0xe82	0
0xe85	0xe84	0
0xea9	0xea8	0
0xeab	0xeaa	0
0xeb3	0xeb2	0
0xede	0xed6	0
0xee7	0xee6	0
0xeed	0xebe	0
0xef0	0xeef	0
0xef2	0xef1	0
0xef4	0xef3	0
0xef7	0xef6	0
0xef8	0xef7	0
0xefe	0xefd	0
0xf04	0xf03	0
0xf05	0xf04	0
0xf0a	0xf09	0
0xf0b	0xf0a	0
0xf0c	0xf0b	0
0xf0d	0xf0c	0
0xf0e	0xf0d	0
0xf0f	0xf0e	0
0xf10	0xf0f	0
0xf11	0xf10	0
0xf13	0xf12	0
0xf14	0xf13	0
0xf1b	0xf1a	0
0xf1d	0xf17	0
0xf1e	0xf1d	0
0xf20	0xf1f	0
0xf26	0xf25	0
0xf27	0xf26	0
0xf2b	0xf24	0
0xf38	0xf30	0
0xf39	0xf38	0
0xf3b	0xf3a	0
0xf5f	0xf5e	0
0xf61	0xf60	0
0xf69	0xf68	0
0xf94	0xf8c	0
0xf9d	0xf9c	0
0xfa3	0xf74	0
0xfa9	0xfa8	0
0xfd4	0xfcc	0
0xfdd	0xfdc	0
0xfe3	0xfb4	0
0xfe6	0xfe5	0
0xfe8	0xfe7	0
0xfea	0xfe9	0
0xfed	0xfec	0
0xfee	0xfed	0
0xff4	0xff0	0
0xffa	0xff9	0
0xffb	0xffa	0
0x1001	0x1000	0
0x1002	0x1001	0
0x1009	0x1008	0
0x100b	0x1005	0
0x100c	0x100b	0
0x100e	0x100d	0
0x1014	0x1013	0
0x1015	0x1014	0
0x1019	0x1012	0
0x1026	0x101e	0
0x1027	0x1026	0
0x1029	0x1028	0
0x102c	0x102b	0
0x1041	0x1040	0
0x1043	0x1042	0
0x1044	0x1043	0
0x1047	0x1046	0
0x1048	0x1047	0
0x104a	0x1049	0
0x1054	0x1053	0
0x1055	0x1054	0
0x1057	0x1056	0
0x105c	0x105b	0
0x107b	0x107a	0
0x107d	0x107c	0
0x1085	0x1084	0
0x10b0	0x10a8	0
0x10b9	0x10b8	0
0x10bf	0x1090	0
0x10c2	0x10c1	0
0x10c4	0x10c3	0
0x10c6	0x10c5	0
0x10c9	0x10c8	0
0x10ca	0x10c9	0
0x10cc	0x10cb	0
0x10ce	0x10cd	0
0x10d0	0x10cf	0
0x10da	0x10d9	0
0x10db	0x10da	0
0x10dd	0x10dc	0
0x10e2	0x10e1	0
0x1101	0x1100	0
0x1103	0x1102	0
0x110b	0x110a	0
0x1136	0x112e	0
0x113f	0x113e	0
0x1145	0x1116	0
0x1148	0x1147	0
0x114a	0x1149	0
0x114c	0x114b	0
0x114f	0x114e	0
0x1150	0x114f	0
0x1162	0x1161	0
0x1167	0x1166	0
0x1169	0x1168	0
0x116d	0x116c	0
0x116e	0x116d	0
0x1170	0x116f	0
0x1171	0x1170	0
0x1173	0x1172	0
0x1175	0x1174	0
0x117c	0x117b	0
0x118a	0x1189	0
0x1195	0x1188	0
0x119f	0x119e	0
0x11a4	0x11a3	0
0x11a5	0x11a4	0
0x11a9	0x11a8	0
0x11ab	0x11aa	0
0x11b0	0x11af	0
0x11b7	0x11ad	0
0x11bb	0x11ba	0
0x11bd	0x11bc	0
0x11be	0x11bd	0
0x11c5	0x11c4	0
0x11ca	0x11c9	0
0x11cf	0x11ce	0
0x11d1	0x11d0	0
0x11d5	0x11d4	0
0x11d6	0x11d5	0
0x11d8	0x11d7	0
0x11d9	0x11d8	0
0x11db	0x11da	0
0x11dd	0x11dc	0
0x11e4	0x11e3	0
0x11f0	0x11ef	0
0x11f1	0x11f0	0
0x11f3	0x11f2	0
0x11f8	0x11f7	0
0x11fe	0x11fd	0
0x1208	0x1207	0
0x120b	0x120a	0
0x120d	0x120c	0
0x1214	0x1213	0
0x121c	0x121b	0
0x121f	0x1219	0
0x1225	0x1224	0
0x1227	0x1221	0
0x1229	0x1228	0
0x122e	0x122d	0
0x1230	0x122f	0
0x1235	0x1231	0
0x1237	0x122c	0
0x123e	0x123d	0
0x124c	0x124b	0
0x1253	0x1252	0
0x1254	0x1253	0
0x125b	0x125a	0
0x125d	0x125c	0
0x1265	0x1264	0
0x126a	0x1269	0
0x126b	0x126a	0
0x126d	0x126c	0
0x1272	0x1271	0
0x127c	0x127b	0
0x1285	0x127d	0
0x1286	0x1285	0
0x128c	0x128b	0
0x128e	0x128d	0
0x1290	0x128f	0
0x1293	0x1292	0
0x1294	0x1293	0
0x1296	0x1295	0
0x12c8	0x12c0	0
0x12f6	0x12ee	0
0x12f8	0x12f7	0
0x12fa	0x12f9	0
0x12fb	0x12fa	0
0x12fc	0x12fb	0
0x12fd	0x12fc	0
0x12fe	0x12fd	0
0x12ff	0x12fe	0
0x1301	0x1300	0
0x1306	0x1305	0
0x1317	0x1316	0
0x1348	0x1340	0
0x1374	0x136c	0
0x1377	0x1376	0
0x1378	0x1377	0
0x137f	0x137e	0
0x1383	0x1382	0
0x1384	0x1383	0
0x138b	0x138a	0
0x1397	0x1396	0
0x13c2	0x13ba	0
0x13ee	0x13e6	0
0x13f1	0x13f0	0
0x13f2	0x13f1	0
0x13f9	0x13f8	0
0x13fd	0x13fc	0
0x13fe	0x13fd	0
0x1405	0x1404	0
0x140d	0x140c	0
0x1410	0x140f	0
0x1411	0x1410	0
0x1412	0x1411	0
0x1440	0x1438	0
0x146e	0x1466	0
0x1479	0x1471	0
0x1496	0x1495	0
0x14a0	0x1497	0
0x14b8	0x14b7	0
0x14b9	0x14b8	0
0x14bf	0x14be	0
0x14c0	0x14bf	0
0x14c7	0x14c6	0
0x14c9	0x14c3	0
0x14ca	0x14c9	0
0x14cc	0x14cb	0
0x14d2	0x14d1	0
0x14d3	0x14d2	0
0x14d7	0x14d0	0
0x14e1	0x14e0	0
0x14e4	0x14e3	0
0x14e9	0x14cd	0
0x14ea	0x14e9	0
0x14ec	0x14eb	0
0x14ee	0x14ed	0
0x14f0	0x14ef	0
0x14fa	0x14f9	0
0x14fe	0x14fd	0
0x1502	0x1501	0
0x1504	0x1503	0
0x150d	0x150c	0
0x1513	0x1512	0
0x153e	0x1536	0
0x156a	0x1562	0
0x156d	0x156c	0
0x156e	0x156d	0
0x1575	0x1574	0
0x1579	0x1578	0
0x157a	0x1579	0
0x1581	0x1580	0
0x15b8	0x15b0	0
0x15e4	0x15dc	0
0x15e7	0x15e6	0
0x15e8	0x15e7	0
0x15ef	0x15ee	0
0x15f3	0x15f2	0
0x15f4	0x15f3	0
0x15fb	0x15fa	0
0x1602	0x1601	0
0x1606	0x1605	0
0x1607	0x1606	0
0x1608	0x1607	0
0x1609	0x1608	0
0x160a	0x1609	0
0x160b	0x160a	0
0x160c	0x160b	0
0x160d	0x160c	0
0x160f	0x160e	0
0x165c	0x1654	0
0x1688	0x1680	0
0x168b	0x168a	0
0x168c	0x168b	0
0x1693	0x1692	0
0x1697	0x1696	0
0x1698	0x1697	0
0x169f	0x169e	0
0x16d6	0x16ce	0
0x1702	0x16fa	0
0x1705	0x1704	0
0x1706	0x1705	0
0x170d	0x170c	0
0x1711	0x1710	0
0x1712	0x1711	0
0x1719	0x1718	0
0x1720	0x171f	0
0x1723	0x1722	0
0x1724	0x1723	0
0x1738	0x1730	0
0x173a	0x1739	0
0x173c	0x173b	0
0x1741	0x173d	0
0x1772	0x176a	0
0x179e	0x1796	0
0x17a1	0x17a0	0
0x17a2	0x17a1	0
0x17a9	0x17a8	0
0x17ad	0x17ac	0
0x17ae	0x17ad	0
0x17b5	0x17b4	0
0x17ec	0x17e4	0
0x1818	0x1810	0
0x181b	0x181a	0
0x181c	0x181b	0
0x1823	0x1822	0
0x1827	0x1826	0
0x1828	0x1827	0
0x182f	0x182e	0
0x1837	0x1836	0
0x183a	0x1839	0
0x183b	0x183a	0
0x183c	0x183b	0
0x183f	0x183e	0
0x184b	0x184a	0
0x184c	0x184b	0
0x1852	0x184e	0
0x1857	0x1853	0
0x185a	0x1859	0
0x1860	0x185f	0
0x1862	0x1861	0
0x1864	0x1863	0
0x1866	0x1865	0
0x1868	0x1867	0
0x186e	0x1864	0
0x1871	0x1870	0
0x1872	0x1871	0
0x1874	0x1873	0
0x1880	0x187f	0
0x1885	0x1884	0
0x1887	0x1886	0
0x189a	0x1892	0
0x18cc	0x18c4	0
0x18fa	0x18f2	0
0x18fc	0x18fb	0
0x18fe	0x18fd	0
0x18ff	0x18fe	0
0x1900	0x18ff	0
0x1901	0x1900	0
0x1902	0x1901	0
0x1903	0x1902	0
0x1905	0x1904	0
0x191a	0x1912	0
0x1921	0x1920	0
0x1952	0x194a	0
0x197e	0x1976	0
0x1981	0x1980	0
0x1982	0x1981	0
0x1989	0x1988	0
0x198d	0x198c	0
0x198e	0x198d	0
0x1995	0x1994	0
0x19cc	0x19c4	0
0x19f8	0x19f0	0
0x19fb	0x19fa	0
0x19fc	0x19fb	0
0x1a03	0x1a02	0
0x1a07	0x1a06	0
0x1a08	0x1a07	0
0x1a0f	0x1a0e	0
0x1a16	0x1a15	0
0x1a19	0x1a18	0
0x1a1a	0x1a19	0
0x1a21	0x1a1c	0
0x1a2e	0x1a26	0
0x1a30	0x1a2f	0
0x1a32	0x1a31	0
0x1a37	0x1a33	0
0x1a68	0x1a60	0
0x1a94	0x1a8c	0
0x1a97	0x1a96	0
0x1a98	0x1a97	0
0x1a9f	0x1a9e	0
0x1aa3	0x1aa2	0
0x1aa4	0x1aa3	0
0x1aab	0x1aaa	0
0x1ab7	0x1ab6	0
0x1ae2	0x1ada	0
0x1b0e	0x1b06	0
0x1b11	0x1b10	0
0x1b12	0x1b11	0
0x1b19	0x1b18	0
0x1b1d	0x1b1c	0
0x1b1e	0x1b1d	0
0x1b25	0x1b24	0
0x1b2d	0x1b2c	0
0x1b30	0x1b2f	0
0x1b31	0x1b30	0
0x1b32	0x1b31	0
0x1b60	0x1b58	0
0x1b8e	0x1b86	0
0x1b99	0x1b91	0
0x1bb6	0x1bb5	0
0x1bc0	0x1bb7	0
0x1bd5	0x1bd4	0
0x1c06	0x1bfe	0
0x1c32	0x1c2a	0
0x1c35	0x1c34	0
0x1c36	0x1c35	0
0x1c3d	0x1c3c	0
0x1c41	0x1c40	0
0x1c42	0x1c41	0
0x1c49	0x1c48	0
0x1c80	0x1c78	0
0x1cac	0x1ca4	0
0x1caf	0x1cae	0
0x1cb0	0x1caf	0
0x1cb7	0x1cb6	0
0x1cbb	0x1cba	0
0x1cbc	0x1cbb	0
0x1cc3	0x1cc2	0
0x1cca	0x1cc9	0
0x1cd0	0x1ccf	0
0x1cd1	0x1cd0	0
0x1cd7	0x1cd6	0
0x1cd8	0x1cd7	0
0x1cdf	0x1cde	0
0x1ce1	0x1cdb	0
0x1ce2	0x1ce1	0
0x1ce4	0x1ce3	0
0x1cea	0x1ce9	0
0x1ceb	0x1cea	0
0x1cef	0x1ce8	0
0x1cf9	0x1cf8	0
0x1cfc	0x1cfb	0
0x1d01	0x1ce5	0
0x1d02	0x1d01	0
0x1d04	0x1d03	0
0x1d06	0x1d05	0
0x1d08	0x1d07	0
0x1d0f	0x1d0e	0
0x1d18	0x1d11	0
0x1d1e	0x1d1d	0
0x1d23	0x1d1f	0
0x1d25	0x1d24	0
0x1d41	0x1d40	0
0x1d42	0x1d41	0
0x1d4d	0x1d4c	0
0x1d50	0x1d4f	0
0x1d55	0x1d3e	0
0x1d56	0x1d55	0
0x1d58	0x1d57	0
0x1d5a	0x1d59	0
0x1d5c	0x1d5b	0
0x1d70	0x1d69	0
0x1d71	0x1d70	0
0x1d72	0x1d71	0
0x1d73	0x1d72	0
0x1d75	0x1d74	0
0x1d91	0x1d90	0
0x1d92	0x1d91	0
0x1d96	0x1d95	0
0x1d98	0x1d97	0
0x1d9e	0x1d9d	0
0x1da5	0x1da4	0
0x1db1	0x1db0	0
0x1db2	0x1db1	0
0x1db9	0x1da5	0
0x1dc6	0x1dbe	0
0x1dc8	0x1dc7	0
0x1dca	0x1dc9	0
0x1dd1	0x1dc8	0
0x1dd4	0x1dd3	0
0x1dd6	0x1dd5	0
0x1dd8	0x1dd7	0
0x1e10	0x1e08	0
0x1e3c	0x1e34	0
0x1e3f	0x1e3e	0
0x1e40	0x1e3f	0
0x1e47	0x1e46	0
0x1e4b	0x1e4a	0
0x1e4c	0x1e4b	0
0x1e53	0x1e52	0
0x1e5a	0x1e59	0
0x1e5e	0x1e5d	0
0x1e61	0x1e56	0
0x1e64	0x1e63	0
0x1e66	0x1e65	0
0x1e68	0x1e67	0
0x1e76	0x1e75	0
0x1e78	0x1e77	0
0x1e7d	0x1e79	0
0x1e7f	0x1e7e	0
0x1ebe	0x1eb6	0
0x1ec3	0x1ec2	0
0x1eca	0x1ec9	0
0x1ecf	0x1ece	0
0x1ed1	0x1ed0	0
0x1f04	0x1efc	0
0x1f30	0x1f28	0
0x1f40	0x1f3b	0
0x1f42	0x1f10	0
0x1f44	0x1f43	0
0x1f54	0x1f53	0
0x1f78	0x1f77	0
0x1f79	0x1f78	0
0x1f7e	0x1f7d	0
0x1f7f	0x1f7e	0
0x1f83	0x1f7c	0
0x1f91	0x1f90	0
0x1f97	0x1f96	0
0x1f99	0x1f98	0
0x1fa0	0x1f9d	0
0x1fa3	0x1fa2	0
0x1fd0	0x1fcf	0
0x1fd2	0x1fbe	0
0x2002	0x1ffa	0
0x2006	0x2005	0
0x200a	0x2009	0
0x200b	0x200a	0
0x200c	0x200b	0
0x200e	0x200d	0
0x2010	0x200f	0
0x2019	0x2018	0
0x2020	0x201f	0
0x2025	0x2024	0
0x2027	0x2026	0
0x205a	0x2052	0
0x205e	0x205d	0
0x2062	0x2061	0
0x2064	0x2063	0
0x206d	0x206c	0
0x2074	0x2073	0
0x2079	0x2078	0
0x207b	0x207a	0
0x20ae	0x20a6	0
0x20da	0x20d2	0
0x2108	0x2100	0
0x210a	0x2109	0
0x210e	0x210d	0
0x2112	0x2111	0
0x2114	0x2113	0
0x211c	0x211b	0
0x2121	0x2120	0
0x2123	0x2122	0
0x2127	0x2126	0
0x2128	0x2127	0
0x212a	0x2129	0
0x212b	0x212a	0
0x212d	0x212c	0
0x212f	0x212e	0
0x2136	0x2135	0
0x2144	0x2143	0
0x214f	0x2142	0
0x2159	0x2158	0
0x215e	0x215d	0
0x215f	0x215e	0
0x2163	0x2162	0
0x2165	0x2164	0
0x216a	0x2169	0
0x2171	0x2167	0
0x2175	0x2174	0
0x2177	0x2176	0
0x2178	0x2177	0
0x217f	0x217e	0
0x2184	0x2183	0
0x2189	0x2188	0
0x218b	0x218a	0
0x218f	0x218e	0
0x2190	0x218f	0
0x2192	0x2191	0
0x2193	0x2192	0
0x2195	0x2194	0
0x2197	0x2196	0
0x219e	0x219d	0
0x21aa	0x21a9	0
0x21ab	0x21aa	0
0x21ad	0x21ac	0
0x21ae	0x21ad	0
0x21af	0x21ae	0
0x21b2	0x21b1	0
0x21b8	0x21b7	0
0x21c1	0x21b9	0
0x21c2	0x21c1	0
0x21c5	0x21c4	0
0x21c7	0x21c6	0
0x21ce	0x21cd	0
0x21d6	0x21d5	0
0x21d9	0x21d3	0
0x21df	0x21de	0
0x21e1	0x21db	0
0x21e3	0x21e2	0
0x21e4	0x21e3	0
0x21e5	0x21e4	0
0x21e8	0x21e7	0
0x21ea	0x21e9	0
0x21ef	0x21eb	0
0x21f1	0x21e6	0
0x21f8	0x21f7	0
0x2206	0x2205	0
0x220d	0x220c	0
0x220e	0x220d	0
0x2215	0x2214	0
0x2217	0x2216	0
0x221f	0x221e	0
0x2224	0x2223	0
0x2225	0x2224	0
0x2227	0x2226	0
0x2228	0x2227	0
0x2229	0x2228	0
0x222c	0x222b	0
0x2236	0x2235	0
0x223f	0x2237	0
0x2240	0x223f	0
0x2246	0x2245	0
0x2248	0x2247	0
0x224a	0x2249	0
0x224d	0x224c	0
0x224e	0x224d	0
0x2250	0x224f	0
0x2255	0x2251	0
0x2257	0x2256	0
0x225b	0x225a	0
0x225c	0x225b	0
0x2262	0x2261	0
0x2267	0x2263	0
0x2269	0x2268	0
0x226a	0x2269	0
0x226b	0x226a	0
0x227f	0x227e	0
0x2281	0x2280	0
0x2283	0x2282	0
0x2284	0x2283	0
0x2288	0x2285	0
0x228a	0x2289	0
0x2290	0x228f	0
0x2295	0x2291	0
0x2296	0x2295	0
0x2297	0x2296	0
0x229b	0x229a	0
0x229c	0x229b	0
0x22a0	0x229d	0
0x22a2	0x22a1	0
0x22d8	0x22d0	0
0x2306	0x22fe	0
0x2308	0x2307	0
0x230a	0x2309	0
0x230b	0x230a	0
0x230c	0x230b	0
0x230d	0x230c	0
0x230e	0x230d	0
0x230f	0x230e	0
0x2311	0x2310	0
0x2312	0x2311	0
0x2313	0x2312	0
0x2316	0x2315	0
0x2326	0x231e	0
0x235e	0x2356	0
0x238a	0x2382	0
0x238d	0x238c	0
0x238e	0x238d	0
0x2395	0x2394	0
0x2399	0x2398	0
0x239a	0x2399	0
0x23a1	0x23a0	0
0x23d8	0x23d0	0
0x2404	0x23fc	0
0x2407	0x2406	0
0x2408	0x2407	0
0x240f	0x240e	0
0x2413	0x2412	0
0x2414	0x2413	0
0x241b	0x241a	0
0x2422	0x2421	0
0x2425	0x2424	0
0x2426	0x2425	0
0x243a	0x2432	0
0x243c	0x243b	0
0x243e	0x243d	0
0x2443	0x243f	0
0x2474	0x246c	0
0x24a0	0x2498	0
0x24a3	0x24a2	0
0x24a4	0x24a3	0
0x24ab	0x24aa	0
0x24af	0x24ae	0
0x24b0	0x24af	0
0x24b7	0x24b6	0
0x24c3	0x24c2	0
0x24ee	0x24e6	0
0x251a	0x2512	0
0x251d	0x251c	0
0x251e	0x251d	0
0x2525	0x2524	0
0x2529	0x2528	0
0x252a	0x2529	0
0x2531	0x2530	0
0x2539	0x2538	0
0x253c	0x253b	0
0x253d	0x253c	0
0x253e	0x253d	0
0x256c	0x2564	0
0x259a	0x2592	0
0x25a5	0x259d	0
0x25c2	0x25c1	0
0x25cc	0x25c3	0
0x25e1	0x25e0	0
0x2612	0x260a	0
0x263e	0x2636	0
0x2641	0x2640	0
0x2642	0x2641	0
0x2649	0x2648	0
0x264d	0x264c	0
0x264e	0x264d	0
0x2655	0x2654	0
0x268c	0x2684	0
0x26b8	0x26b0	0
0x26bb	0x26ba	0
0x26bc	0x26bb	0
0x26c3	0x26c2	0
0x26c7	0x26c6	0
0x26c8	0x26c7	0
0x26cf	0x26ce	0
0x26d6	0x26d5	0
0x26dc	0x26db	0
0x26dd	0x26dc	0
0x26e3	0x26e2	0
0x26e4	0x26e3	0
0x26eb	0x26ea	0
0x26ed	0x26e7	0
0x26ee	0x26ed	0
0x26f0	0x26ef	0
0x26f6	0x26f5	0
0x26f7	0x26f6	0
0x26fb	0x26f4	0
0x2705	0x2704	0
0x2708	0x2707	0
0x270d	0x26f1	0
0x270e	0x270d	0
0x2710	0x270f	0
0x2712	0x2711	0
0x2714	0x2713	0
0x271b	0x271a	0
0x271c	0x271b	0
0x2727	0x2726	0
0x2728	0x2727	0
0x272e	0x272a	0
0x2733	0x272f	0
0x2736	0x2735	0
0x273b	0x2723	0
0x273c	0x273b	0
0x273e	0x273d	0
0x2740	0x273f	0
0x2742	0x2741	0
0x2749	0x2748	0
0x274a	0x2749	0
0x2755	0x2754	0
0x2756	0x2755	0
0x275d	0x274c	0
0x276a	0x2762	0
0x276c	0x276b	0
0x276e	0x276d	0
0x2775	0x276c	0
0x2778	0x2777	0
0x277a	0x2779	0
0x277c	0x277b	0
0x2785	0x2784	0
0x27b6	0x27ae	0
0x27e2	0x27da	0
0x27e5	0x27e4	0
0x27e6	0x27e5	0
0x27ed	0x27ec	0
0x27f1	0x27f0	0
0x27f2	0x27f1	0
0x27f9	0x27f8	0
0x2830	0x2828	0
0x285c	0x2854	0
0x285f	0x285e	0
0x2860	0x285f	0
0x2867	0x2866	0
0x286b	0x286a	0
0x286c	0x286b	0
0x2873	0x2872	0
0x287a	0x2879	0
0x287e	0x287d	0
0x2883	0x2874	0
0x2884	0x2883	0
0x2886	0x2885	0
0x2888	0x2887	0
0x288a	0x2889	0
0x28a0	0x2898	0
0x28a6	0x28a5	0
0x28a9	0x28a8	0
0x28aa	0x28a9	0
0x28ae	0x28ad	0
0x28b0	0x28af	0
0x28b5	0x28b1	0
0x28b7	0x28b6	0
0x28b8	0x28b7	0
0x28bc	0x28bb	0
0x28d2	0x28cd	0
0x28d8	0x28d7	0
0x28de	0x28dd	0
0x28e9	0x28e8	0
0x28f2	0x28eb	0
0x28f3	0x28f2	0
0x28f4	0x28f3	0
0x28f5	0x28f4	0
0x28f7	0x28f6	0
0x28f8	0x28f7	0
0x28fc	0x28fb	0
0x2912	0x290d	0
0x2918	0x2913	0
0x291e	0x291d	0
0x292a	0x2929	0
0x292b	0x292a	0
0x292c	0x292b	0
0x292d	0x292c	0
0x292e	0x292d	0
0x292f	0x292e	0
0x2930	0x292f	0
0x2931	0x2930	0
0x2933	0x2932	0
0x2934	0x2933	0
0x294c	0x294b	0
0x2951	0x294c	0
0x2952	0x2951	0
0x2954	0x2953	0
0x2959	0x293d	0
0x295a	0x2959	0
0x295c	0x295b	0
0x295e	0x295d	0
0x2960	0x295f	0
0x2994	0x298c	0
0x29c0	0x29b8	0
0x29c3	0x29c2	0
0x29c4	0x29c3	0
0x29cb	0x29ca	0
0x29cf	0x29ce	0
0x29d0	0x29cf	0
0x29d7	0x29d6	0
0x29de	0x29dd	0
0x29e1	0x29e0	0
0x29e2	0x29e1	0
0x29e3	0x29e2	0
0x29e4	0x29e3	0
0x29e5	0x29e4	0
0x29e6	0x29e5	0
0x29e7	0x29e6	0
0x29e8	0x29e7	0
0x29e9	0x29e8	0
0x29eb	0x29ea	0
0x29ec	0x29eb	0
0x2a2a	0x2a22	0
0x2a58	0x2a50	0
0x2a5a	0x2a59	0
0x2a5c	0x2a5b	0
0x2a5d	0x2a5c	0
0x2a5e	0x2a5d	0
0x2a5f	0x2a5e	0
0x2a60	0x2a5f	0
0x2a61	0x2a60	0
0x2a63	0x2a62	0
0x2a64	0x2a63	0
0x2a65	0x2a64	0
0x2a68	0x2a5a	0
0x2aae	0x2aa6	0
0x2ada	0x2ad2	0
0x2add	0x2adc	0
0x2ade	0x2add	0
0x2ae5	0x2ae4	0
0x2ae9	0x2ae8	0
0x2aea	0x2ae9	0
0x2af1	0x2af0	0
0x2af8	0x2af7	0
0x2afb	0x2afa	0
0x2afc	0x2afb	0
0x2b10	0x2b08	0
0x2b12	0x2b11	0
0x2b14	0x2b13	0
0x2b1d	0x2b1c	0
0x2b48	0x2b40	0
0x2b74	0x2b6c	0
0x2b77	0x2b76	0
0x2b78	0x2b77	0
0x2b7f	0x2b7e	0
0x2b83	0x2b82	0
0x2b84	0x2b83	0
0x2b8b	0x2b8a	0
0x2b93	0x2b92	0
0x2b96	0x2b95	0
0x2b97	0x2b96	0
0x2b98	0x2b97	0
0x2b9b	0x2b9a	0
0x2b9c	0x2b9b	0
0x2b9e	0x2b9d	0
0x2ba9	0x2ba8	0
0x2bd4	0x2bcc	0
0x2c00	0x2bf8	0
0x2c03	0x2c02	0
0x2c04	0x2c03	0
0x2c0b	0x2c0a	0
0x2c0f	0x2c0e	0
0x2c10	0x2c0f	0
0x2c17	0x2c16	0
0x2c1e	0x2c1d	0
0x2c21	0x2c20	0
0x2c22	0x2c21	0
0x2c29	0x2c24	0
0x2c36	0x2c2e	0
0x2c38	0x2c37	0
0x2c3a	0x2c39	0
0x2c6e	0x2c66	0
0x2c9a	0x2c92	0
0x2c9d	0x2c9c	0
0x2c9e	0x2c9d	0
0x2ca5	0x2ca4	0
0x2ca9	0x2ca8	0
0x2caa	0x2ca9	0
0x2cb1	0x2cb0	0
0x2cb9	0x2cb8	0
0x2cbc	0x2cbb	0
0x2cbd	0x2cbc	0
0x2cbe	0x2cbd	0
0x2cc1	0x2cc0	0
0x2cec	0x2ce4	0
0x2d1a	0x2d12	0
0x2d3f	0x2d2d	0
0x2d45	0x2d41	0
0x2d64	0x2d63	0
0x2d65	0x2d64	0
0x2d6b	0x2d6a	0
0x2d6c	0x2d6b	0
0x2d73	0x2d72	0
0x2d75	0x2d6f	0
0x2d76	0x2d75	0
0x2d78	0x2d77	0
0x2d7e	0x2d7d	0
0x2d7f	0x2d7e	0
0x2d83	0x2d7c	0
0x2d8c	0x2d8b	0
0x2d8e	0x2d8d	0
0x2d90	0x2d8f	0
0x2d92	0x2d91	0
0x2d9f	0x2d9e	0
0x2da2	0x2da1	0
0x2da7	0x2da6	0
0x2da8	0x2da7	0
0x2daa	0x2da9	0
0x2dab	0x2daa	0
0x2dac	0x2dab	0
0x2dad	0x2dac	0
0x2dae	0x2dad	0
0x2daf	0x2dae	0
0x2db1	0x2db0	0
0x2db2	0x2db1	0
0x2dc6	0x2dbe	0
0x2dc8	0x2dc7	0
0x2dcd	0x2dbb	0
0x2dce	0x2dcd	0
0x2dd0	0x2dcf	0
0x2dd2	0x2dd1	0
0x2dd4	0x2dd3	0
0x2e06	0x2dfe	0
0x2e08	0x2e07	0
0x2e0a	0x2e09	0
0x2e0b	0x2e0a	0
0x2e0c	0x2e0b	0
0x2e0d	0x2e0c	0
0x2e0e	0x2e0d	0
0x2e0f	0x2e0e	0
0x2e11	0x2e10	0
0x2e12	0x2e11	0
0x2e14	0x2e06	0
0x2e16	0x2e15	0
0x2e27	0x2e26	0
0x2e29	0x2e28	0
0x2e2e	0x2e2d	0
0x2e31	0x2e30	0
0x2e32	0x2e31	0
0x2e39	0x2e34	0
0x2e46	0x2e3e	0
0x2e48	0x2e47	0
0x2e4a	0x2e49	0
0x2e51	0x2e50	0
0x2e54	0x2e53	0
0x2e55	0x2e54	0
0x2e56	0x2e55	0
0x2e59	0x2e58	0
0x2e5a	0x2e59	0
0x2e67	0x2e66	0
0x2e92	0x2e8a	0
0x2ebe	0x2eb6	0
0x2ec1	0x2ec0	0
0x2ec2	0x2ec1	0
0x2ec9	0x2ec8	0
0x2ecd	0x2ecc	0
0x2ece	0x2ecd	0
0x2ed5	0x2ed4	0
0x2edc	0x2edb	0
0x2edf	0x2ede	0
0x2ee0	0x2edf	0
0x2ee7	0x2ee2	0
0x2ef4	0x2eec	0
0x2ef6	0x2ef5	0
0x2ef8	0x2ef7	0
0x2f2c	0x2f24	0
0x2f58	0x2f50	0
0x2f5b	0x2f5a	0
0x2f5c	0x2f5b	0
0x2f63	0x2f62	0
0x2f67	0x2f66	0
0x2f68	0x2f67	0
0x2f6f	0x2f6e	0
0x2f77	0x2f76	0
0x2f7a	0x2f79	0
0x2f7b	0x2f7a	0
0x2f7c	0x2f7b	0
0x2f7f	0x2f7e	0
0x2faa	0x2fa2	0
0x2fda	0x2fd2	0
0x2fff	0x2fed	0
0x3005	0x3001	0
0x3024	0x3023	0
0x3025	0x3024	0
0x302b	0x302a	0
0x302c	0x302b	0
0x3033	0x3032	0
0x3035	0x302f	0
0x3036	0x3035	0
0x3038	0x3037	0
0x303e	0x303d	0
0x303f	0x303e	0
0x3043	0x303c	0
0x304c	0x304b	0
0x304e	0x304d	0
0x3050	0x304f	0
0x3082	0x307a	0
0x3084	0x3083	0
0x3086	0x3085	0
0x3087	0x3086	0
0x3088	0x3087	0
0x3089	0x3088	0
0x308a	0x3089	0
0x308b	0x308a	0
0x308d	0x308c	0
0x308e	0x308d	0
0x30d0	0x30c8	0
0x30fc	0x30f4	0
0x30ff	0x30fe	0
0x3100	0x30ff	0
0x3107	0x3106	0
0x310b	0x310a	0
0x310c	0x310b	0
0x3113	0x3112	0
0x311a	0x3119	0
0x311d	0x311c	0
0x311e	0x311d	0
0x311f	0x311e	0
0x3120	0x311f	0
0x3121	0x3120	0
0x3122	0x3121	0
0x3123	0x3122	0
0x3124	0x3123	0
0x3125	0x3124	0
0x3127	0x3126	0
0x3128	0x3127	0
0x3144	0x3143	0
0x3147	0x3146	0
0x3148	0x3147	0
0x315c	0x3154	0
0x315e	0x315d	0
0x3160	0x315f	0
0x3167	0x3166	0
0x316a	0x3169	0
0x316b	0x316a	0
0x316c	0x316b	0
0x316f	0x316e	0
0x3170	0x316f	0
0x3175	0x3174	0
0x317d	0x317c	0
0x31a8	0x31a0	0
0x31d4	0x31cc	0
0x31d7	0x31d6	0
0x31d8	0x31d7	0
0x31df	0x31de	0
0x31e3	0x31e2	0
0x31e4	0x31e3	0
0x31eb	0x31ea	0
0x31f2	0x31f1	0
0x31f5	0x31f4	0
0x31f6	0x31f5	0
0x320a	0x3202	0
0x320c	0x320b	0
0x320e	0x320d	0
0x3242	0x323a	0
0x326e	0x3266	0
0x3271	0x3270	0
0x3272	0x3271	0
0x3279	0x3278	0
0x327d	0x327c	0
0x327e	0x327d	0
0x3285	0x3284	0
0x328d	0x328c	0
0x3290	0x328f	0
0x3291	0x3290	0
0x3292	0x3291	0
0x32c2	0x32ba	0
0x32f0	0x32e8	0
0x3315	0x3303	0
0x331b	0x3317	0
0x333a	0x3339	0
0x333b	0x333a	0
0x3341	0x3340	0
0x3342	0x3341	0
0x3349	0x3348	0
0x334b	0x3345	0
0x334c	0x334b	0
0x334e	0x334d	0
0x3354	0x3353	0
0x3355	0x3354	0
0x3359	0x3352	0
0x3362	0x3361	0
0x3364	0x3363	0
0x3366	0x3365	0
0x3398	0x3390	0
0x33c6	0x33be	0
0x33c8	0x33c7	0
0x33ca	0x33c9	0
0x33cb	0x33ca	0
0x33cc	0x33cb	0
0x33cd	0x33cc	0
0x33ce	0x33cd	0
0x33cf	0x33ce	0
0x33d1	0x33d0	0
0x33d2	0x33d1	0
0x33e9	0x33e8	0
0x341a	0x3412	0
0x3446	0x343e	0
0x3449	0x3448	0
0x344a	0x3449	0
0x3451	0x3450	0
0x3455	0x3454	0
0x3456	0x3455	0
0x345d	0x345c	0
0x346a	0x3469	0
0x346f	0x346e	0
0x3471	0x3470	0
0x3487	0x3475	0
0x3488	0x3487	0
0x348a	0x3489	0
0x348c	0x348b	0
0x348e	0x348d	0
0x3497	0x3496	0
0x349d	0x349c	0
0x349e	0x349d	0
0x34a5	0x349a	0
0x34b2	0x34aa	0
0x34b4	0x34b3	0
0x34b6	0x34b5	0
0x34e4	0x34dc	0
0x34f8	0x34f1	0
0x352c	0x352b	0
0x352d	0x352c	0
0x3532	0x3531	0
0x3533	0x3532	0
0x3537	0x3530	0
0x3540	0x353f	0
0x3542	0x3541	0
0x354b	0x354a	0
0x3551	0x3550	0
0x3552	0x3551	0
0x3559	0x3553	0
0x3566	0x355e	0
0x3568	0x3567	0
0x356a	0x3569	0
0x3598	0x3590	0
0x35bd	0x35ba	0
0x35c8	0x35c2	0
0x35e0	0x35df	0
0x35e1	0x35e0	0
0x35e6	0x35e5	0
0x35e7	0x35e6	0
0x35eb	0x35e4	0
0x35f4	0x35f3	0
0x35f6	0x35f5	0
0x35ff	0x35fb	0
0x3605	0x3604	0
0x3606	0x3605	0
0x360d	0x3607	0
0x361a	0x3612	0
0x361c	0x361b	0
0x361e	0x361d	0
0x364c	0x3644	0
0x366b	0x3664	0
0x3674	0x366c	0
0x3675	0x3674	0
0x3694	0x3693	0
0x3695	0x3694	0
0x369a	0x3699	0
0x369b	0x369a	0
0x369f	0x3698	0
0x36a8	0x36a7	0
0x36aa	0x36a9	0
0x36da	0x36d2	0
0x36dd	0x36dc	0
0x3708	0x3700	0
0x370a	0x3709	0
0x370c	0x370b	0
0x370d	0x370c	0
0x370e	0x370d	0
0x370f	0x370e	0
0x3710	0x370f	0
0x3711	0x3710	0
0x3713	0x3712	0
0x3714	0x3713	0
0x3750	0x3748	0
0x3755	0x3754	0
0x375c	0x375b	0
0x3761	0x3760	0
0x3763	0x3762	0
0x3796	0x378e	0
0x37c2	0x37ba	0
0x37d2	0x37cd	0
0x37d4	0x37a2	0
0x37d6	0x37d5	0
0x37e6	0x37e5	0
0x380a	0x3809	0
0x380b	0x380a	0
0x3810	0x380f	0
0x3811	0x3810	0
0x3815	0x380e	0
0x3821	0x3820	0
0x3827	0x3826	0
0x3829	0x3828	0
0x3830	0x382d	0
0x3833	0x3832	0
0x3860	0x385f	0
0x3862	0x384e	0
0x3892	0x388a	0
0x3896	0x3895	0
0x389a	0x3899	0
0x389b	0x389a	0
0x389c	0x389b	0
0x389e	0x389d	0
0x38a0	0x389f	0
0x38a2	0x38a1	0
0x38b1	0x38b0	0
0x38b2	0x38b1	0
0x38b9	0x38ae	0
0x38c6	0x38be	0
0x38c8	0x38c7	0
0x38ca	0x38c9	0
0x38f8	0x38f0	0
0x390b	0x390a	0
0x390e	0x38e0	0
0x3910	0x38cf	0
0x3911	0x3910	0
0x3919	0x3913	0
0x391b	0x391a	0
0x3939	0x3938	0
0x3940	0x393f	0
0x3941	0x3940	0
0x3946	0x3945	0
0x3947	0x3946	0
0x394b	0x3944	0
0x3954	0x3953	0
0x3956	0x3955	0
0x3986	0x397e	0
0x3989	0x3988	0
0x39b4	0x39ac	0
0x39b6	0x39b5	0
0x39b8	0x39b7	0
0x39b9	0x39b8	0
0x39ba	0x39b9	0
0x39bb	0x39ba	0
0x39bc	0x39bb	0
0x39bd	0x39bc	0
0x39bf	0x39be	0
0x39c0	0x39bf	0
0x39dc	0x39d4	0
0x39e2	0x39de	0
0x39e7	0x39e3	0
0x39e8	0x39e7	0
0x39e9	0x39e8	0
0x39eb	0x39ea	0
0x39ec	0x39eb	0
0x3a07	0x3a06	0
0x3a38	0x3a30	0
0x3a64	0x3a5c	0
0x3a67	0x3a66	0
0x3a68	0x3a67	0
0x3a6f	0x3a6e	0
0x3a73	0x3a72	0
0x3a74	0x3a73	0
0x3a7b	0x3a7a	0
0x3a87	0x3a86	0
0x3a89	0x3a88	0
0x3a90	0x3a8d	0
0x3a93	0x3a92	0
0x3aa2	0x3aa1	0
0x3aa3	0x3aa2	0
0x3aa4	0x3aa3	0
0x3aa5	0x3aa4	0
0x3aa8	0x3aa7	0
0x3aac	0x3aab	0
0x3aad	0x3aac	0
0x3aae	0x3aad	0
0x3ab0	0x3aaf	0
0x3ab2	0x3ab1	0
0x3ab4	0x3ab3	0
0x3ab6	0x3ab5	0
0x3ae6	0x3ade	0
0x3ae9	0x3ae8	0
0x3b14	0x3b0c	0
0x3b16	0x3b15	0
0x3b18	0x3b17	0
0x3b19	0x3b18	0
0x3b1a	0x3b19	0
0x3b1b	0x3b1a	0
0x3b1c	0x3b1b	0
0x3b1d	0x3b1c	0
0x3b1f	0x3b1e	0
0x3b20	0x3b1f	0
0x3b3b	0x3b3a	0
0x3b3c	0x3b3b	0
0x3b42	0x3b3e	0
0x3b47	0x3b43	0
0x3b49	0x3b48	0
0x3b4a	0x3b49	0
0x3b65	0x3b64	0
0x3b96	0x3b8e	0
0x3bc2	0x3bba	0
0x3bc5	0x3bc4	0
0x3bc6	0x3bc5	0
0x3bcd	0x3bcc	0
0x3bd1	0x3bd0	0
0x3bd2	0x3bd1	0
0x3bd9	0x3bd8	0
0x3be5	0x3be4	0
0x3be7	0x3be6	0
0x3bee	0x3beb	0
0x3bf1	0x3bf0	0
0x3c00	0x3bff	0
0x3c01	0x3c00	0
0x3c02	0x3c01	0
0x3c03	0x3c02	0
0x3c06	0x3c05	0
0x3c0a	0x3c09	0
0x3c0b	0x3c0a	0
0x3c0c	0x3c0b	0
0x3c0e	0x3c0d	0
0x3c10	0x3c0f	0
0x3c12	0x3c11	0
0x3c19	0x3c16	0
0x3c24	0x3c23	0
0x3c2c	0x3c28	0
0x3c33	0x3c2e	0
0x3c37	0x3c2d	0
0x3c38	0x3c37	0
0x3c39	0x3c38	0
0x3c3a	0x3c39	0
0x3c62	0x3c3a	0
0x3c66	0x3c24	0
0x81	0x7d	2
0x81	0x7e	1
0x81	0x80	0
0xad	0xa9	2
0xad	0xaa	1
0xad	0xac	0
0xc3	0xbf	2
0xc3	0xc0	1
0xc3	0xc2	0
0xef	0xea	2
0xef	0xec	1
0xef	0xee	0
0x105	0x101	2
0x105	0x102	1
0x105	0x104	0
0x11b	0x116	2
0x11b	0x117	1
0x11b	0x118	0
0x14c	0x149	2
0x14c	0x14a	1
0x14c	0x14b	0
0x15d	0x154	2
0x15d	0x155	1
0x15d	0x15c	0
0x162	0x15f	2
0x162	0x160	1
0x162	0x161	0
0x189	0x185	2
0x189	0x186	1
0x189	0x188	0
0x1d6	0x1d3	2
0x1d6	0x1d4	1
0x1d6	0x1d5	0
0x1e9	0x1df	2
0x1e9	0x1e5	1
0x1e9	0x1e6	0
0x1f4	0x1f1	2
0x1f4	0x1f2	1
0x1f4	0x1f3	0
0x1f7	0x1ea	2
0x1f7	0x1ef	1
0x1f7	0x1f6	0
0x215	0x210	2
0x215	0x211	1
0x215	0x212	0
0x21f	0x216	2
0x21f	0x217	1
0x21f	0x21e	0
0x239	0x201	2
0x239	0x207	1
0x239	0x238	0
0x24f	0x24a	2
0x24f	0x24c	1
0x24f	0x24e	0
0x263	0x260	2
0x263	0x261	1
0x263	0x262	0
0x265	0x25c	2
0x265	0x25d	1
0x265	0x264	0
0x30b	0x2fa	2
0x30b	0x300	1
0x30b	0x30a	0
0x32c	0x327	2
0x32c	0x329	1
0x32c	0x32b	0
0x3de	0x3da	2
0x3de	0x3db	1
0x3de	0x3dd	0
0x47f	0x47b	2
0x47f	0x47c	1
0x47f	0x47e	0
0x4fe	0x4fa	2
0x4fe	0x4fb	1
0x4fe	0x4fd	0
0x53e	0x53a	2
0x53e	0x53b	1
0x53e	0x53d	0
0x697	0x692	2
0x697	0x694	1
0x697	0x696	0
0x6c0	0x6bc	2
0x6c0	0x6bd	1
0x6c0	0x6bf	0
0x78a	0x786	2
0x78a	0x787	1
0x78a	0x789	0
0x883	0x880	2
0x883	0x881	1
0x883	0x882	0
0x885	0x877	2
0x885	0x87d	1
0x885	0x884	0
0x896	0x88c	2
0x896	0x894	1
0x896	0x895	0
0x8ae	0x8aa	2
0x8ae	0x8ab	1
0x8ae	0x8ad	0
0x93b	0x936	2
0x93b	0x937	1
0x93b	0x938	0
0x964	0x960	2
0x964	0x961	1
0x964	0x963	0
0xa17	0xa11	2
0xa17	0xa14	1
0xa17	0xa16	0
0xa3e	0xa3b	2
0xa3e	0xa3c	1
0xa3e	0xa3d	0
0xa6a	0xa58	2
0xa6a	0xa68	1
0xa6a	0xa69	0
0xac3	0xabf	2
0xac3	0xac1	1
0xac3	0xac2	0
0xac5	0xaa7	2
0xac5	0xab3	1
0xac5	0xac4	0
0xad6	0xacb	2
0xad6	0xacc	1
0xad6	0xad5	0
0xb23	0xb05	2
0xb23	0xb11	1
0xb23	0xb22	0
0xc43	0xc3f	2
0xc43	0xc40	1
0xc43	0xc42	0
0xc6c	0xc68	2
0xc6c	0xc69	1
0xc6c	0xc6b	0
0xcc9	0xcbb	2
0xcc9	0xcc1	1
0xcc9	0xcc8	0
0xcda	0xcd0	2
0xcda	0xcd8	1
0xcda	0xcd9	0
0xcf7	0xcf3	2
0xcf7	0xcf4	1
0xcf7	0xcf6	0
0xd20	0xd1c	2
0xd20	0xd1d	1
0xd20	0xd1f	0
0xdd1	0xdc7	2
0xdd1	0xdc8	1
0xdd1	0xdd0	0
0xdea	0xde6	2
0xdea	0xde7	1
0xdea	0xde9	0
0xe87	0xe83	2
0xe87	0xe85	1
0xe87	0xe86	0
0xe9b	0xe91	2
0xe9b	0xe92	1
0xe9b	0xe9a	0
0xe9c	0xe8e	2
0xe9c	0xe8f	1
0xe9c	0xe90	0
0xeb4	0xeb0	2
0xeb4	0xeb1	1
0xeb4	0xeb3	0
0xf3d	0xf39	2
0xf3d	0xf3b	1
0xf3d	0xf3c	0
0xf41	0xf23	2
0xf41	0xf2f	1
0xf41	0xf3e	0
0xf51	0xf47	2
0xf51	0xf48	1
0xf51	0xf50	0
0xf6a	0xf66	2
0xf6a	0xf67	1
0xf6a	0xf69	0
0xfaa	0xfa6	2
0xfaa	0xfa7	1
0xfaa	0xfa9	0
0x105d	0x1059	2
0x105d	0x105a	1
0x105d	0x105c	0
0x1086	0x1082	2
0x1086	0x1083	1
0x1086	0x1085	0
0x10e0	0x10dd	2
0x10e0	0x10de	1
0x10e0	0x10df	0
0x10e3	0x10d5	2
0x10e3	0x10db	1
0x10e3	0x10e2	0
0x110c	0x1108	2
0x110c	0x1109	1
0x110c	0x110b	0
0x11f9	0x11ee	2
0x11f9	0x11f6	1
0x11f9	0x11f8	0
0x1209	0x11fe	2
0x1209	0x11ff	1
0x1209	0x1208	0
0x1273	0x1268	2
0x1273	0x1270	1
0x1273	0x1272	0
0x129e	0x129b	2
0x129e	0x129c	1
0x129e	0x129d	0
0x12cc	0x12c9	2
0x12cc	0x12ca	1
0x12cc	0x12cb	0
0x1307	0x12f8	2
0x1307	0x1304	1
0x1307	0x1306	0
0x131e	0x131b	2
0x131e	0x131c	1
0x131e	0x131d	0
0x134a	0x1338	2
0x134a	0x1348	1
0x134a	0x1349	0
0x1398	0x1394	2
0x1398	0x1395	1
0x1398	0x1397	0
0x13c4	0x13b2	2
0x13c4	0x13c2	1
0x13c4	0x13c3	0
0x1416	0x1413	2
0x1416	0x1414	1
0x1416	0x1415	0
0x1444	0x1441	2
0x1444	0x1442	1
0x1444	0x1443	0
0x1470	0x145e	2
0x1470	0x146e	1
0x1470	0x146f	0
0x1514	0x1510	2
0x1514	0x1511	1
0x1514	0x1513	0
0x1540	0x152e	2
0x1540	0x153e	1
0x1540	0x153f	0
0x158e	0x158b	2
0x158e	0x158c	1
0x158e	0x158d	0
0x15ba	0x15a8	2
0x15ba	0x15b8	1
0x15ba	0x15b9	0
0x1615	0x160f	2
0x1615	0x1610	1
0x1615	0x1611	0
0x1631	0x162e	2
0x1631	0x162f	1
0x1631	0x1630	0
0x1632	0x1625	2
0x1632	0x162c	1
0x1632	0x162d	0
0x165e	0x164c	2
0x165e	0x165c	1
0x165e	0x165d	0
0x16ac	0x16a9	2
0x16ac	0x16aa	1
0x16ac	0x16ab	0
0x16d8	0x16c6	2
0x16d8	0x16d6	1
0x16d8	0x16d7	0
0x1748	0x1745	2
0x1748	0x1746	1
0x1748	0x1747	0
0x1774	0x1762	2
0x1774	0x1772	1
0x1774	0x1773	0
0x17c2	0x17bf	2
0x17c2	0x17c0	1
0x17c2	0x17c1	0
0x17ee	0x17dc	2
0x17ee	0x17ec	1
0x17ee	0x17ed	0
0x18a2	0x189f	2
0x18a2	0x18a0	1
0x18a2	0x18a1	0
0x18d0	0x18cd	2
0x18d0	0x18ce	1
0x18d0	0x18cf	0
0x1928	0x1925	2
0x1928	0x1926	1
0x1928	0x1927	0
0x1954	0x1942	2
0x1954	0x1952	1
0x1954	0x1953	0
0x19a2	0x199f	2
0x19a2	0x19a0	1
0x19a2	0x19a1	0
0x19ce	0x19bc	2
0x19ce	0x19cc	1
0x19ce	0x19cd	0
0x1a3e	0x1a3b	2
0x1a3e	0x1a3c	1
0x1a3e	0x1a3d	0
0x1a6a	0x1a58	2
0x1a6a	0x1a68	1
0x1a6a	0x1a69	0
0x1ab8	0x1ab4	2
0x1ab8	0x1ab5	1
0x1ab8	0x1ab7	0
0x1ae4	0x1ad2	2
0x1ae4	0x1ae2	1
0x1ae4	0x1ae3	0
0x1b36	0x1b33	2
0x1b36	0x1b34	1
0x1b36	0x1b35	0
0x1b64	0x1b61	2
0x1b64	0x1b62	1
0x1b64	0x1b63	0
0x1b90	0x1b7e	2
0x1b90	0x1b8e	1
0x1b90	0x1b8f	0
0x1bdc	0x1bd9	2
0x1bdc	0x1bda	1
0x1bdc	0x1bdb	0
0x1c08	0x1bf6	2
0x1c08	0x1c06	1
0x1c08	0x1c07	0
0x1c55	0x1c52	2
0x1c55	0x1c53	1
0x1c55	0x1c54	0
0x1c56	0x1c4f	2
0x1c56	0x1c50	1
0x1c56	0x1c51	0
0x1c82	0x1c70	2
0x1c82	0x1c80	1
0x1c82	0x1c81	0
0x1de6	0x1de3	2
0x1de6	0x1de4	1
0x1de6	0x1de5	0
0x1e12	0x1e00	2
0x1e12	0x1e10	1
0x1e12	0x1e11	0
0x1e94	0x1e8a	2
0x1e94	0x1e8b	1
0x1e94	0x1e8c	0
0x1eda	0x1ed5	2
0x1eda	0x1ed8	1
0x1eda	0x1ed9	0
0x1f06	0x1ef4	2
0x1f06	0x1f04	1
0x1f06	0x1f05	0
0x1f32	0x1f20	2
0x1f32	0x1f30	1
0x1f32	0x1f31	0
0x1f58	0x1f46	2
0x1f58	0x1f47	1
0x1f58	0x1f48	0
0x1fa4	0x1fa0	2
0x1fa4	0x1fa1	1
0x1fa4	0x1fa3	0
0x1fd8	0x1fd5	2
0x1fd8	0x1fd6	1
0x1fd8	0x1fd7	0
0x2007	0x2003	2
0x2007	0x2004	1
0x2007	0x2006	0
0x2030	0x202b	2
0x2030	0x202e	1
0x2030	0x202f	0
0x2084	0x207f	2
0x2084	0x2082	1
0x2084	0x2083	0
0x20b0	0x209e	2
0x20b0	0x20ae	1
0x20b0	0x20af	0
0x20de	0x20db	2
0x20de	0x20dc	1
0x20de	0x20dd	0
0x2119	0x2112	2
0x2119	0x2114	1
0x2119	0x2115	0
0x21b3	0x21af	2
0x21b3	0x21b0	1
0x21b3	0x21b2	0
0x21c3	0x21b6	2
0x21c3	0x21b8	1
0x21c3	0x21c2	0
0x222d	0x2229	2
0x222d	0x222a	1
0x222d	0x222c	0
0x22ae	0x22ab	2
0x22ae	0x22ac	1
0x22ae	0x22ad	0
0x22dc	0x22d9	2
0x22dc	0x22da	1
0x22dc	0x22db	0
0x2317	0x22f6	2
0x2317	0x2306	1
0x2317	0x2316	0
0x2334	0x2331	2
0x2334	0x2332	1
0x2334	0x2333	0
0x2360	0x234e	2
0x2360	0x235e	1
0x2360	0x235f	0
0x23ae	0x23ab	2
0x23ae	0x23ac	1
0x23ae	0x23ad	0
0x23da	0x23c8	2
0x23da	0x23d8	1
0x23da	0x23d9	0
0x244a	0x2447	2
0x244a	0x2448	1
0x244a	0x2449	0
0x2476	0x2464	2
0x2476	0x2474	1
0x2476	0x2475	0
0x24c4	0x24c0	2
0x24c4	0x24c1	1
0x24c4	0x24c3	0
0x24f0	0x24de	2
0x24f0	0x24ee	1
0x24f0	0x24ef	0
0x2542	0x253f	2
0x2542	0x2540	1
0x2542	0x2541	0
0x2570	0x256d	2
0x2570	0x256e	1
0x2570	0x256f	0
0x259c	0x258a	2
0x259c	0x259a	1
0x259c	0x259b	0
0x25e8	0x25e5	2
0x25e8	0x25e6	1
0x25e8	0x25e7	0
0x2614	0x2602	2
0x2614	0x2612	1
0x2614	0x2613	0
0x2661	0x265e	2
0x2661	0x265f	1
0x2661	0x2660	0
0x2662	0x265b	2
0x2662	0x265c	1
0x2662	0x265d	0
0x268e	0x267c	2
0x268e	0x268c	1
0x268e	0x268d	0
0x271f	0x2712	2
0x271f	0x2714	1
0x271f	0x2715	0
0x278c	0x2789	2
0x278c	0x278a	1
0x278c	0x278b	0
0x27b8	0x27a6	2
0x27b8	0x27b6	1
0x27b8	0x27b7	0
0x2806	0x2803	2
0x2806	0x2804	1
0x2806	0x2805	0
0x2832	0x2820	2
0x2832	0x2830	1
0x2832	0x2831	0
0x28bd	0x28b9	2
0x28bd	0x28ba	1
0x28bd	0x28bc	0
0x28e4	0x28de	2
0x28e4	0x28df	1
0x28e4	0x28e3	0
0x28fd	0x28f9	2
0x28fd	0x28fa	1
0x28fd	0x28fc	0
0x2939	0x2934	2
0x2939	0x2935	1
0x2939	0x2936	0
0x296a	0x2967	2
0x296a	0x2968	1
0x296a	0x2969	0
0x2996	0x2984	2
0x2996	0x2994	1
0x2996	0x2995	0
0x2a00	0x29f6	2
0x2a00	0x29f7	1
0x2a00	0x29f8	0
0x2a2e	0x2a2b	2
0x2a2e	0x2a2c	1
0x2a2e	0x2a2d	0
0x2a69	0x2a48	2
0x2a69	0x2a58	1
0x2a69	0x2a68	0
0x2a84	0x2a81	2
0x2a84	0x2a82	1
0x2a84	0x2a83	0
0x2ab0	0x2a9e	2
0x2ab0	0x2aae	1
0x2ab0	0x2aaf	0
0x2b1e	0x2b1a	2
0x2b1e	0x2b1b	1
0x2b1e	0x2b1d	0
0x2b4a	0x2b38	2
0x2b4a	0x2b48	1
0x2b4a	0x2b49	0
0x2baa	0x2ba6	2
0x2baa	0x2ba7	1
0x2baa	0x2ba9	0
0x2bd6	0x2bc4	2
0x2bd6	0x2bd4	1
0x2bd6	0x2bd5	0
0x2c44	0x2c41	2
0x2c44	0x2c42	1
0x2c44	0x2c43	0
0x2c70	0x2c5e	2
0x2c70	0x2c6e	1
0x2c70	0x2c6f	0
0x2cc2	0x2cbe	2
0x2cc2	0x2cbf	1
0x2cc2	0x2cc1	0
0x2cf0	0x2ced	2
0x2cf0	0x2cee	1
0x2cf0	0x2cef	0
0x2d1c	0x2d0a	2
0x2d1c	0x2d1a	1
0x2d1c	0x2d1b	0
0x2ddc	0x2dd9	2
0x2ddc	0x2dda	1
0x2ddc	0x2ddb	0
0x2e13	0x2e08	2
0x2e13	0x2e0f	1
0x2e13	0x2e12	0
0x2e17	0x2df6	2
0x2e17	0x2e14	1
0x2e17	0x2e16	0
0x2e5b	0x2e56	2
0x2e5b	0x2e57	1
0x2e5b	0x2e5a	0
0x2e5c	0x2e46	2
0x2e5c	0x2e48	1
0x2e5c	0x2e4a	0
0x2e68	0x2e64	2
0x2e68	0x2e65	1
0x2e68	0x2e67	0
0x2e94	0x2e82	2
0x2e94	0x2e92	1
0x2e94	0x2e93	0
0x2f02	0x2eff	2
0x2f02	0x2f00	1
0x2f02	0x2f01	0
0x2f2e	0x2f1c	2
0x2f2e	0x2f2c	1
0x2f2e	0x2f2d	0
0x2f80	0x2f7c	2
0x2f80	0x2f7d	1
0x2f80	0x2f7f	0
0x2fb0	0x2fad	2
0x2fb0	0x2fae	1
0x2fb0	0x2faf	0
0x2fdc	0x2fca	2
0x2fdc	0x2fda	1
0x2fdc	0x2fdb	0
0x3058	0x3055	2
0x3058	0x3056	1
0x3058	0x3057	0
0x30a6	0x30a3	2
0x30a6	0x30a4	1
0x30a6	0x30a5	0
0x30d2	0x30c0	2
0x30d2	0x30d0	1
0x30d2	0x30d1	0
0x3173	0x315e	2
0x3173	0x3160	1
0x3173	0x3172	0
0x317e	0x317a	2
0x317e	0x317b	1
0x317e	0x317d	0
0x31aa	0x3198	2
0x31aa	0x31a8	1
0x31aa	0x31a9	0
0x3218	0x3215	2
0x3218	0x3216	1
0x3218	0x3217	0
0x3244	0x3232	2
0x3244	0x3242	1
0x3244	0x3243	0
0x3298	0x3295	2
0x3298	0x3296	1
0x3298	0x3297	0
0x32c6	0x32c3	2
0x32c6	0x32c4	1
0x32c6	0x32c5	0
0x32f2	0x32e0	2
0x32f2	0x32f0	1
0x32f2	0x32f1	0
0x336e	0x336b	2
0x336e	0x336c	1
0x336e	0x336d	0
0x339c	0x3399	2
0x339c	0x339a	1
0x339c	0x339b	0
0x33f0	0x33ed	2
0x33f0	0x33ee	1
0x33f0	0x33ef	0
0x341c	0x340a	2
0x341c	0x341a	1
0x341c	0x341b	0
0x34e6	0x34d4	2
0x34e6	0x34e4	1
0x34e6	0x34e5	0
0x34f0	0x34cc	2
0x34f0	0x34e7	1
0x34f0	0x34ef	0
0x359a	0x3588	2
0x359a	0x3598	1
0x359a	0x3599	0
0x35b8	0x35ac	2
0x35b8	0x35b1	1
0x35b8	0x35b7	0
0x364e	0x363c	2
0x364e	0x364c	1
0x364e	0x364d	0
0x36b0	0x36aa	2
0x36b0	0x36ab	1
0x36b0	0x36af	0
0x36de	0x36da	2
0x36de	0x36db	1
0x36de	0x36dd	0
0x3719	0x3711	2
0x3719	0x3714	1
0x3719	0x3715	0
0x376c	0x3767	2
0x376c	0x376a	1
0x376c	0x376b	0
0x3798	0x3786	2
0x3798	0x3796	1
0x3798	0x3797	0
0x37c4	0x37b2	2
0x37c4	0x37c2	1
0x37c4	0x37c3	0
0x37ea	0x37d8	2
0x37ea	0x37d9	1
0x37ea	0x37da	0
0x3834	0x3830	2
0x3834	0x3831	1
0x3834	0x3833	0
0x3868	0x3865	2
0x3868	0x3866	1
0x3868	0x3867	0
0x3897	0x3893	2
0x3897	0x3894	1
0x3897	0x3896	0
0x38fa	0x38e8	2
0x38fa	0x38f8	1
0x38fa	0x38f9	0
0x390f	0x38d0	2
0x390f	0x38d8	1
0x390f	0x390e	0
0x395c	0x3956	2
0x395c	0x3957	1
0x395c	0x395b	0
0x398a	0x3986	2
0x398a	0x3987	1
0x398a	0x3989	0
0x3a0e	0x3a0b	2
0x3a0e	0x3a0c	1
0x3a0e	0x3a0d	0
0x3a3a	0x3a28	2
0x3a3a	0x3a38	1
0x3a3a	0x3a39	0
0x3aa9	0x3aa5	2
0x3aa9	0x3aa6	1
0x3aa9	0x3aa8	0
0x3abc	0x3ab6	2
0x3abc	0x3ab7	1
0x3abc	0x3abb	0
0x3aea	0x3ae6	2
0x3aea	0x3ae7	1
0x3aea	0x3ae9	0
0x3b6c	0x3b69	2
0x3b6c	0x3b6a	1
0x3b6c	0x3b6b	0
0x3b98	0x3b86	2
0x3b98	0x3b96	1
0x3b98	0x3b97	0
0x3c07	0x3c03	2
0x3c07	0x3c04	1
0x3c07	0x3c06	0
0x3c1c	0x3c19	2
0x3c1c	0x3c1a	1
0x3c1c	0x3c1b	0
0x3c20	0x3c14	2
0x3c20	0x3c15	1
0x3c20	0x3c1d	0
0x3c36	0x3c33	2
0x3c36	0x3c34	1
0x3c36	0x3c35	0
0x3c65	0x3c25	2
0x3c65	0x3c26	1
0x3c65	0x3c27	0
0x5c	0x59	2
0x5c	0x5a	1
0x5c	0x5b	0
0x87	0x84	2
0x87	0x85	1
0x87	0x86	0
0xf5	0xf2	2
0xf5	0xf3	1
0xf5	0xf4	0
0xf8	0xf0	2
0xf8	0xf6	1
0xf8	0xf7	0
0x111	0x10a	2
0x111	0x10b	1
0x111	0x10c	0
0x122	0x11f	2
0x122	0x120	1
0x122	0x121	0
0x15a	0x157	2
0x15a	0x158	1
0x15a	0x159	0
0x1a4	0x1a1	2
0x1a4	0x1a2	1
0x1a4	0x1a3	0
0x1ba	0x1b7	2
0x1ba	0x1b8	1
0x1ba	0x1b9	0
0x1d0	0x1cd	2
0x1d0	0x1ce	1
0x1d0	0x1cf	0
0x200	0x1fa	2
0x200	0x1fb	1
0x200	0x1ff	0
0x236	0x228	2
0x236	0x22e	1
0x236	0x22f	0
0x237	0x209	2
0x237	0x220	1
0x237	0x221	0
0x2de	0x2da	2
0x2de	0x2db	1
0x2de	0x2dd	0
0x2e6	0x2e1	2
0x2e6	0x2e2	1
0x2e6	0x2e5	0
0x2ee	0x2ea	2
0x2ee	0x2eb	1
0x2ee	0x2ed	0
0x308	0x303	2
0x308	0x305	1
0x308	0x307	0
0x324	0x31f	2
0x324	0x321	1
0x324	0x323	0
0x33a	0x336	2
0x33a	0x338	1
0x33a	0x339	0
0x33e	0x334	2
0x33e	0x33c	1
0x33e	0x33d	0
0x344	0x33f	2
0x344	0x341	1
0x344	0x343	0
0x379	0x373	2
0x379	0x374	1
0x379	0x378	0
0x386	0x382	2
0x386	0x383	1
0x386	0x385	0
0x39e	0x39b	2
0x39e	0x39c	1
0x39e	0x39d	0
0x3a2	0x39f	2
0x3a2	0x3a0	1
0x3a2	0x3a1	0
0x3d6	0x3d1	2
0x3d6	0x3d3	1
0x3d6	0x3d5	0
0x40a	0x3f8	2
0x40a	0x408	1
0x40a	0x409	0
0x412	0x40e	2
0x412	0x40f	1
0x412	0x411	0
0x414	0x40c	2
0x414	0x40d	1
0x414	0x413	0
0x416	0x3f0	2
0x416	0x40b	1
0x416	0x415	0
0x418	0x3df	2
0x418	0x3e0	1
0x418	0x417	0
0x41e	0x41a	2
0x41e	0x41b	1
0x41e	0x41d	0
0x426	0x422	2
0x426	0x423	1
0x426	0x425	0
0x428	0x420	2
0x428	0x421	1
0x428	0x427	0
0x42a	0x419	2
0x42a	0x41f	1
0x42a	0x429	0
0x42c	0x3d7	2
0x42c	0x3d8	1
0x42c	0x42b	0
0x437	0x433	2
0x437	0x435	1
0x437	0x436	0
0x45a	0x456	2
0x45a	0x457	1
0x45a	0x459	0
0x468	0x465	2
0x468	0x466	1
0x468	0x467	0
0x46c	0x469	2
0x46c	0x46a	1
0x46c	0x46b	0
0x4b0	0x4ac	2
0x4b0	0x4ad	1
0x4b0	0x4af	0
0x4be	0x4bb	2
0x4be	0x4bc	1
0x4be	0x4bd	0
0x4c2	0x4bf	2
0x4c2	0x4c0	1
0x4c2	0x4c1	0
0x4f6	0x4f1	2
0x4f6	0x4f3	1
0x4f6	0x4f5	0
0x52a	0x518	2
0x52a	0x528	1
0x52a	0x529	0
0x532	0x52e	2
0x532	0x52f	1
0x532	0x531	0
0x534	0x52c	2
0x534	0x52d	1
0x534	0x533	0
0x536	0x510	2
0x536	0x52b	1
0x536	0x535	0
0x538	0x4ff	2
0x538	0x500	1
0x538	0x537	0
0x56a	0x558	2
0x56a	0x568	1
0x56a	0x569	0
0x572	0x56e	2
0x572	0x56f	1
0x572	0x571	0
0x574	0x56c	2
0x574	0x56d	1
0x574	0x573	0
0x576	0x550	2
0x576	0x56b	1
0x576	0x575	0
0x578	0x53f	2
0x578	0x540	1
0x578	0x577	0
0x57e	0x57a	2
0x57e	0x57b	1
0x57e	0x57d	0
0x586	0x582	2
0x586	0x583	1
0x586	0x585	0
0x588	0x580	2
0x588	0x581	1
0x588	0x587	0
0x58a	0x579	2
0x58a	0x57f	1
0x58a	0x589	0
0x58c	0x4f8	2
0x58c	0x4f9	1
0x58c	0x58b	0
0x5ba	0x5b6	2
0x5ba	0x5b7	1
0x5ba	0x5b9	0
0x5c8	0x5c5	2
0x5c8	0x5c6	1
0x5c8	0x5c7	0
0x5cc	0x5c9	2
0x5cc	0x5ca	1
0x5cc	0x5cb	0
0x610	0x60c	2
0x610	0x60d	1
0x610	0x60f	0
0x61e	0x61b	2
0x61e	0x61c	1
0x61e	0x61d	0
0x622	0x61f	2
0x622	0x620	1
0x622	0x621	0
0x672	0x66e	2
0x672	0x66f	1
0x672	0x671	0
0x680	0x67d	2
0x680	0x67e	1
0x680	0x67f	0
0x684	0x681	2
0x684	0x682	1
0x684	0x683	0
0x6b8	0x6b3	2
0x6b8	0x6b5	1
0x6b8	0x6b7	0
0x6ec	0x6da	2
0x6ec	0x6ea	1
0x6ec	0x6eb	0
0x6f4	0x6f0	2
0x6f4	0x6f1	1
0x6f4	0x6f3	0
0x6f6	0x6ee	2
0x6f6	0x6ef	1
0x6f6	0x6f5	0
0x6f8	0x6d2	2
0x6f8	0x6ed	1
0x6f8	0x6f7	0
0x6fa	0x6c1	2
0x6fa	0x6c2	1
0x6fa	0x6f9	0
0x700	0x6fc	2
0x700	0x6fd	1
0x700	0x6ff	0
0x708	0x704	2
0x708	0x705	1
0x708	0x707	0
0x70a	0x702	2
0x70a	0x703	1
0x70a	0x709	0
0x70c	0x6fb	2
0x70c	0x701	1
0x70c	0x70b	0
0x70e	0x6b9	2
0x70e	0x6ba	1
0x70e	0x70d	0
0x73c	0x738	2
0x73c	0x739	1
0x73c	0x73b	0
0x74a	0x747	2
0x74a	0x748	1
0x74a	0x749	0
0x74e	0x74b	2
0x74e	0x74c	1
0x74e	0x74d	0
0x782	0x77d	2
0x782	0x77f	1
0x782	0x781	0
0x7b6	0x7a4	2
0x7b6	0x7b4	1
0x7b6	0x7b5	0
0x7be	0x7ba	2
0x7be	0x7bb	1
0x7be	0x7bd	0
0x7c0	0x7b8	2
0x7c0	0x7b9	1
0x7c0	0x7bf	0
0x7c2	0x79c	2
0x7c2	0x7b7	1
0x7c2	0x7c1	0
0x7c4	0x78b	2
0x7c4	0x78c	1
0x7c4	0x7c3	0
0x7ca	0x7c6	2
0x7ca	0x7c7	1
0x7ca	0x7c9	0
0x7d2	0x7ce	2
0x7d2	0x7cf	1
0x7d2	0x7d1	0
0x7d4	0x7cc	2
0x7d4	0x7cd	1
0x7d4	0x7d3	0
0x7d6	0x7c5	2
0x7d6	0x7cb	1
0x7d6	0x7d5	0
0x7d8	0x783	2
0x7d8	0x784	1
0x7d8	0x7d7	0
0x806	0x802	2
0x806	0x803	1
0x806	0x805	0
0x814	0x811	2
0x814	0x812	1
0x814	0x813	0
0x818	0x815	2
0x818	0x816	1
0x818	0x817	0
0x83d	0x83a	2
0x83d	0x83b	1
0x83d	0x83c	0
0x84c	0x847	2
0x84c	0x849	1
0x84c	0x84b	0
0x854	0x850	2
0x854	0x851	1
0x854	0x853	0
0x85c	0x858	2
0x85c	0x859	1
0x85c	0x85b	0
0x85e	0x856	2
0x85e	0x857	1
0x85e	0x85d	0
0x860	0x84f	2
0x860	0x855	1
0x860	0x85f	0
0x862	0x846	2
0x862	0x84d	1
0x862	0x861	0
0x8a6	0x8a1	2
0x8a6	0x8a3	1
0x8a6	0x8a5	0
0x8da	0x8c8	2
0x8da	0x8d8	1
0x8da	0x8d9	0
0x8e2	0x8de	2
0x8e2	0x8df	1
0x8e2	0x8e1	0
0x8e4	0x8dc	2
0x8e4	0x8dd	1
0x8e4	0x8e3	0
0x8e6	0x8c0	2
0x8e6	0x8db	1
0x8e6	0x8e5	0
0x8e8	0x8af	2
0x8e8	0x8b0	1
0x8e8	0x8e7	0
0x916	0x912	2
0x916	0x913	1
0x916	0x915	0
0x924	0x921	2
0x924	0x922	1
0x924	0x923	0
0x928	0x925	2
0x928	0x926	1
0x928	0x927	0
0x95c	0x957	2
0x95c	0x959	1
0x95c	0x95b	0
0x990	0x97e	2
0x990	0x98e	1
0x990	0x98f	0
0x998	0x994	2
0x998	0x995	1
0x998	0x997	0
0x99a	0x992	2
0x99a	0x993	1
0x99a	0x999	0
0x99c	0x976	2
0x99c	0x991	1
0x99c	0x99b	0
0x99e	0x965	2
0x99e	0x966	1
0x99e	0x99d	0
0x9c4	0x9c0	2
0x9c4	0x9c1	1
0x9c4	0x9c3	0
0x9d2	0x9cf	2
0x9d2	0x9d0	1
0x9d2	0x9d1	0
0x9d6	0x9d3	2
0x9d6	0x9d4	1
0x9d6	0x9d5	0
0xa29	0xa1d	2
0xa29	0xa1e	1
0xa29	0xa28	0
0xaa0	0xa9c	2
0xaa0	0xa9d	1
0xaa0	0xa9f	0
0xaae	0xaab	2
0xaae	0xaac	1
0xaae	0xaad	0
0xab2	0xaaf	2
0xab2	0xab0	1
0xab2	0xab1	0
0xafe	0xafa	2
0xafe	0xafb	1
0xafe	0xafd	0
0xb0c	0xb09	2
0xb0c	0xb0a	1
0xb0c	0xb0b	0
0xb10	0xb0d	2
0xb10	0xb0e	1
0xb10	0xb0f	0
0xb20	0xb1b	2
0xb20	0xb1d	1
0xb20	0xb1f	0
0xb34	0xb29	2
0xb34	0xb2a	1
0xb34	0xb33	0
0xb6c	0xb68	2
0xb6c	0xb69	1
0xb6c	0xb6b	0
0xb74	0xb6f	2
0xb74	0xb70	1
0xb74	0xb73	0
0xb7c	0xb78	2
0xb7c	0xb79	1
0xb7c	0xb7b	0
0xbb2	0xbad	2
0xbb2	0xbaf	1
0xbb2	0xbb1	0
0xbc8	0xbc4	2
0xbc8	0xbc6	1
0xbc8	0xbc7	0
0xbcc	0xbbf	2
0xbcc	0xbca	1
0xbcc	0xbcb	0
0xbd2	0xbcd	2
0xbd2	0xbcf	1
0xbd2	0xbd1	0
0xc07	0xc01	2
0xc07	0xc02	1
0xc07	0xc06	0
0xc14	0xc10	2
0xc14	0xc11	1
0xc14	0xc13	0
0xc2c	0xc29	2
0xc2c	0xc2a	1
0xc2c	0xc2b	0
0xc30	0xc2d	2
0xc30	0xc2e	1
0xc30	0xc2f	0
0xc64	0xc5f	2
0xc64	0xc61	1
0xc64	0xc63	0
0xc98	0xc86	2
0xc98	0xc96	1
0xc98	0xc97	0
0xca0	0xc9c	2
0xca0	0xc9d	1
0xca0	0xc9f	0
0xca2	0xc9a	2
0xca2	0xc9b	1
0xca2	0xca1	0
0xca4	0xc7e	2
0xca4	0xc99	1
0xca4	0xca3	0
0xca6	0xc6d	2
0xca6	0xc6e	1
0xca6	0xca5	0
0xcc7	0xcc4	2
0xcc7	0xcc5	1
0xcc7	0xcc6	0
0xd18	0xd13	2
0xd18	0xd15	1
0xd18	0xd17	0
0xd4c	0xd3a	2
0xd4c	0xd4a	1
0xd4c	0xd4b	0
0xd54	0xd50	2
0xd54	0xd51	1
0xd54	0xd53	0
0xd56	0xd4e	2
0xd56	0xd4f	1
0xd56	0xd55	0
0xd58	0xd32	2
0xd58	0xd4d	1
0xd58	0xd57	0
0xd5a	0xd21	2
0xd5a	0xd22	1
0xd5a	0xd59	0
0xd60	0xd5c	2
0xd60	0xd5d	1
0xd60	0xd5f	0
0xd68	0xd64	2
0xd68	0xd65	1
0xd68	0xd67	0
0xd6a	0xd62	2
0xd6a	0xd63	1
0xd6a	0xd69	0
0xd6c	0xd5b	2
0xd6c	0xd61	1
0xd6c	0xd6b	0
0xd6e	0xd19	2
0xd6e	0xd1a	1
0xd6e	0xd6d	0
0xd9c	0xd98	2
0xd9c	0xd99	1
0xd9c	0xd9b	0
0xdaa	0xda7	2
0xdaa	0xda8	1
0xdaa	0xda9	0
0xdae	0xdab	2
0xdae	0xdac	1
0xdae	0xdad	0
0xde2	0xddd	2
0xde2	0xddf	1
0xde2	0xde1	0
0xe16	0xe04	2
0xe16	0xe14	1
0xe16	0xe15	0
0xe1e	0xe1a	2
0xe1e	0xe1b	1
0xe1e	0xe1d	0
0xe20	0xe18	2
0xe20	0xe19	1
0xe20	0xe1f	0
0xe22	0xdfc	2
0xe22	0xe17	1
0xe22	0xe21	0
0xe24	0xdeb	2
0xe24	0xdec	1
0xe24	0xe23	0
0xe2a	0xe26	2
0xe2a	0xe27	1
0xe2a	0xe29	0
0xe32	0xe2e	2
0xe32	0xe2f	1
0xe32	0xe31	0
0xe34	0xe2c	2
0xe34	0xe2d	1
0xe34	0xe33	0
0xe36	0xe25	2
0xe36	0xe2b	1
0xe36	0xe35	0
0xe38	0xde3	2
0xe38	0xde4	1
0xe38	0xe37	0
0xe66	0xe62	2
0xe66	0xe63	1
0xe66	0xe65	0
0xe74	0xe71	2
0xe74	0xe72	1
0xe74	0xe73	0
0xe78	0xe75	2
0xe78	0xe76	1
0xe78	0xe77	0
0xeac	0xea7	2
0xeac	0xea9	1
0xeac	0xeab	0
0xee0	0xece	2
0xee0	0xede	1
0xee0	0xedf	0
0xee8	0xee4	2
0xee8	0xee5	1
0xee8	0xee7	0
0xeea	0xee2	2
0xeea	0xee3	1
0xeea	0xee9	0
0xeec	0xec6	2
0xeec	0xee1	1
0xeec	0xeeb	0
0xeee	0xeb5	2
0xeee	0xeb6	1
0xeee	0xeed	0
0xf1c	0xf18	2
0xf1c	0xf19	1
0xf1c	0xf1b	0
0xf2a	0xf27	2
0xf2a	0xf28	1
0xf2a	0xf29	0
0xf2e	0xf2b	2
0xf2e	0xf2c	1
0xf2e	0xf2d	0
0xf62	0xf5d	2
0xf62	0xf5f	1
0xf62	0xf61	0
0xf96	0xf84	2
0xf96	0xf94	1
0xf96	0xf95	0
0xf9e	0xf9a	2
0xf9e	0xf9b	1
0xf9e	0xf9d	0
0xfa0	0xf98	2
0xfa0	0xf99	1
0xfa0	0xf9f	0
0xfa2	0xf7c	2
0xfa2	0xf97	1
0xfa2	0xfa1	0
0xfa4	0xf6b	2
0xfa4	0xf6c	1
0xfa4	0xfa3	0
0xfd6	0xfc4	2
0xfd6	0xfd4	1
0xfd6	0xfd5	0
0xfde	0xfda	2
0xfde	0xfdb	1
0xfde	0xfdd	0
0xfe0	0xfd8	2
0xfe0	0xfd9	1
0xfe0	0xfdf	0
0xfe2	0xfbc	2
0xfe2	0xfd7	1
0xfe2	0xfe1	0
0xfe4	0xfab	2
0xfe4	0xfac	1
0xfe4	0xfe3	0
0x100a	0x1006	2
0x100a	0x1007	1
0x100a	0x1009	0
0x1018	0x1015	2
0x1018	0x1016	1
0x1018	0x1017	0
0x101c	0x1019	2
0x101c	0x101a	1
0x101c	0x101b	0
0x107e	0x1079	2
0x107e	0x107b	1
0x107e	0x107d	0
0x10b2	0x10a0	2
0x10b2	0x10b0	1
0x10b2	0x10b1	0
0x10ba	0x10b6	2
0x10ba	0x10b7	1
0x10ba	0x10b9	0
0x10bc	0x10b4	2
0x10bc	0x10b5	1
0x10bc	0x10bb	0
0x10be	0x1098	2
0x10be	0x10b3	1
0x10be	0x10bd	0
0x10c0	0x1087	2
0x10c0	0x1088	1
0x10c0	0x10bf	0
0x1104	0x10ff	2
0x1104	0x1101	1
0x1104	0x1103	0
0x1138	0x1126	2
0x1138	0x1136	1
0x1138	0x1137	0
0x1140	0x113c	2
0x1140	0x113d	1
0x1140	0x113f	0
0x1142	0x113a	2
0x1142	0x113b	1
0x1142	0x1141	0
0x1144	0x111e	2
0x1144	0x1139	1
0x1144	0x1143	0
0x1146	0x110d	2
0x1146	0x110e	1
0x1146	0x1145	0
0x1182	0x117f	2
0x1182	0x1180	1
0x1182	0x1181	0
0x1194	0x118a	2
0x1194	0x118b	1
0x1194	0x1193	0
0x11a6	0x11a1	2
0x11a6	0x11a2	1
0x11a6	0x11a5	0
0x11b4	0x11b1	2
0x11b4	0x11b2	1
0x11b4	0x11b3	0
0x11b6	0x11ae	2
0x11b6	0x11b0	1
0x11b6	0x11b5	0
0x11b8	0x11ab	2
0x11b8	0x11ac	1
0x11b8	0x11b7	0
0x11ea	0x11e7	2
0x11ea	0x11e8	1
0x11ea	0x11e9	0
0x11f5	0x11f1	2
0x11f5	0x11f3	1
0x11f5	0x11f4	0
0x121e	0x121a	2
0x121e	0x121c	1
0x121e	0x121d	0
0x1226	0x1222	2
0x1226	0x1223	1
0x1226	0x1225	0
0x122b	0x1227	2
0x122b	0x1229	1
0x122b	0x122a	0
0x1236	0x122e	2
0x1236	0x1230	1
0x1236	0x1235	0
0x1238	0x121f	2
0x1238	0x1220	1
0x1238	0x1237	0
0x124a	0x1247	2
0x124a	0x1248	1
0x124a	0x1249	0
0x1256	0x1251	2
0x1256	0x1254	1
0x1256	0x1255	0
0x125e	0x1259	2
0x125e	0x125b	1
0x125e	0x125d	0
0x126f	0x126b	2
0x126f	0x126d	1
0x126f	0x126e	0
0x1276	0x1267	2
0x1276	0x1274	1
0x1276	0x1275	0
0x1303	0x12ff	2
0x1303	0x1301	1
0x1303	0x1302	0
0x1380	0x137c	2
0x1380	0x137d	1
0x1380	0x137f	0
0x13fa	0x13f6	2
0x13fa	0x13f7	1
0x13fa	0x13f9	0
0x140e	0x140a	2
0x140e	0x140b	1
0x140e	0x140d	0
0x149f	0x1498	2
0x149f	0x149d	1
0x149f	0x149e	0
0x14c8	0x14c4	2
0x14c8	0x14c5	1
0x14c8	0x14c7	0
0x14d6	0x14d3	2
0x14d6	0x14d4	1
0x14d6	0x14d5	0
0x14da	0x14d7	2
0x14da	0x14d8	1
0x14da	0x14d9	0
0x14e2	0x14dc	2
0x14e2	0x14df	1
0x14e2	0x14e1	0
0x14e6	0x14db	2
0x14e6	0x14e4	1
0x14e6	0x14e5	0
0x14e8	0x14ce	2
0x14e8	0x14cf	1
0x14e8	0x14e7	0
0x14fc	0x14f8	2
0x14fc	0x14fa	1
0x14fc	0x14fb	0
0x1500	0x14f7	2
0x1500	0x14fe	1
0x1500	0x14ff	0
0x1576	0x1572	2
0x1576	0x1573	1
0x1576	0x1575	0
0x15f0	0x15ec	2
0x15f0	0x15ed	1
0x15f0	0x15ef	0
0x1624	0x161a	2
0x1624	0x161b	1
0x1624	0x161c	0
0x1694	0x1690	2
0x1694	0x1691	1
0x1694	0x1693	0
0x170e	0x170a	2
0x170e	0x170b	1
0x170e	0x170d	0
0x17aa	0x17a6	2
0x17aa	0x17a7	1
0x17aa	0x17a9	0
0x1824	0x1820	2
0x1824	0x1821	1
0x1824	0x1823	0
0x1838	0x1834	2
0x1838	0x1835	1
0x1838	0x1837	0
0x1858	0x184d	2
0x1858	0x1852	1
0x1858	0x1857	0
0x185c	0x184c	2
0x185c	0x185a	1
0x185c	0x185b	0
0x185e	0x1848	2
0x185e	0x1849	1
0x185e	0x185d	0
0x186d	0x1866	2
0x186d	0x1868	1
0x186d	0x1869	0
0x187e	0x187b	2
0x187e	0x187c	1
0x187e	0x187d	0
0x1882	0x187a	2
0x1882	0x1880	1
0x1882	0x1881	0
0x191b	0x1910	2
0x191b	0x1911	1
0x191b	0x191a	0
0x198a	0x1986	2
0x198a	0x1987	1
0x198a	0x1989	0
0x1a04	0x1a00	2
0x1a04	0x1a01	1
0x1a04	0x1a03	0
0x1a22	0x1a1a	2
0x1a22	0x1a1b	1
0x1a22	0x1a21	0
0x1aa0	0x1a9c	2
0x1aa0	0x1a9d	1
0x1aa0	0x1a9f	0
0x1b1a	0x1b16	2
0x1b1a	0x1b17	1
0x1b1a	0x1b19	0
0x1b2e	0x1b2a	2
0x1b2e	0x1b2b	1
0x1b2e	0x1b2d	0
0x1bbf	0x1bb8	2
0x1bbf	0x1bbd	1
0x1bbf	0x1bbe	0
0x1c3e	0x1c3a	2
0x1c3e	0x1c3b	1
0x1c3e	0x1c3d	0
0x1cb8	0x1cb4	2
0x1cb8	0x1cb5	1
0x1cb8	0x1cb7	0
0x1ce0	0x1cdc	2
0x1ce0	0x1cdd	1
0x1ce0	0x1cdf	0
0x1cee	0x1ceb	2
0x1cee	0x1cec	1
0x1cee	0x1ced	0
0x1cf2	0x1cef	2
0x1cf2	0x1cf0	1
0x1cf2	0x1cf1	0
0x1cfa	0x1cf4	2
0x1cfa	0x1cf7	1
0x1cfa	0x1cf9	0
0x1cfe	0x1cf3	2
0x1cfe	0x1cfc	1
0x1cfe	0x1cfd	0
0x1d00	0x1ce6	2
0x1d00	0x1ce7	1
0x1d00	0x1cff	0
0x1d4e	0x1d44	2
0x1d4e	0x1d4b	1
0x1d4e	0x1d4d	0
0x1d52	0x1d43	2
0x1d52	0x1d50	1
0x1d52	0x1d51	0
0x1d54	0x1d3f	2
0x1d54	0x1d42	1
0x1d54	0x1d53	0
0x1db3	0x1dae	2
0x1db3	0x1daf	1
0x1db3	0x1db2	0
0x1db8	0x1da6	2
0x1db8	0x1da7	1
0x1db8	0x1db4	0
0x1dba	0x1d9f	2
0x1dba	0x1da3	1
0x1dba	0x1db9	0
0x1dd0	0x1dca	2
0x1dd0	0x1dcb	1
0x1dd0	0x1dcf	0
0x1dd2	0x1dbd	2
0x1dd2	0x1dc6	1
0x1dd2	0x1dd1	0
0x1e48	0x1e44	2
0x1e48	0x1e45	1
0x1e48	0x1e47	0
0x1e5c	0x1e58	2
0x1e5c	0x1e5a	1
0x1e5c	0x1e5b	0
0x1e60	0x1e57	2
0x1e60	0x1e5e	1
0x1e60	0x1e5f	0
0x1e62	0x1e54	2
0x1e62	0x1e55	1
0x1e62	0x1e61	0
0x1ec8	0x1ec5	2
0x1ec8	0x1ec6	1
0x1ec8	0x1ec7	0
0x1ecc	0x1ec4	2
0x1ecc	0x1eca	1
0x1ecc	0x1ecb	0
0x1f41	0x1f18	2
0x1f41	0x1f33	1
0x1f41	0x1f40	0
0x1f55	0x1f51	2
0x1f55	0x1f52	1
0x1f55	0x1f54	0
0x1f57	0x1f4d	2
0x1f57	0x1f4e	1
0x1f57	0x1f56	0
0x1f82	0x1f7f	2
0x1f82	0x1f80	1
0x1f82	0x1f81	0
0x1f86	0x1f83	2
0x1f86	0x1f84	1
0x1f86	0x1f85	0
0x1fd1	0x1fc6	2
0x1fd1	0x1fce	1
0x1fd1	0x1fd0	0
0x1fd4	0x1fb6	2
0x1fd4	0x1fd2	1
0x1fd4	0x1fd3	0
0x2008	0x1fea	2
0x2008	0x1ff2	1
0x2008	0x2002	0
0x201e	0x201b	2
0x201e	0x201c	1
0x201e	0x201d	0
0x2022	0x201a	2
0x2022	0x2020	1
0x2022	0x2021	0
0x205c	0x204a	2
0x205c	0x205a	1
0x205c	0x205b	0
0x2060	0x2042	2
0x2060	0x205e	1
0x2060	0x205f	0
0x2072	0x206f	2
0x2072	0x2070	1
0x2072	0x2071	0
0x2076	0x206e	2
0x2076	0x2074	1
0x2076	0x2075	0
0x210c	0x2108	2
0x210c	0x210a	1
0x210c	0x210b	0
0x2110	0x20f8	2
0x2110	0x210e	1
0x2110	0x210f	0
0x213c	0x2139	2
0x213c	0x213a	1
0x213c	0x213b	0
0x214e	0x2144	2
0x214e	0x2145	1
0x214e	0x214d	0
0x2160	0x215b	2
0x2160	0x215c	1
0x2160	0x215f	0
0x216e	0x216b	2
0x216e	0x216c	1
0x216e	0x216d	0
0x2170	0x2168	2
0x2170	0x216a	1
0x2170	0x216f	0
0x2172	0x2165	2
0x2172	0x2166	1
0x2172	0x2171	0
0x21a4	0x21a1	2
0x21a4	0x21a2	1
0x21a4	0x21a3	0
0x21d8	0x21d4	2
0x21d8	0x21d6	1
0x21d8	0x21d7	0
0x21e0	0x21dc	2
0x21e0	0x21dd	1
0x21e0	0x21df	0
0x21f0	0x21e8	2
0x21f0	0x21ea	1
0x21f0	0x21ef	0
0x21f2	0x21e1	2
0x21f2	0x21e5	1
0x21f2	0x21f1	0
0x2204	0x2201	2
0x2204	0x2202	1
0x2204	0x2203	0
0x2210	0x220b	2
0x2210	0x220e	1
0x2210	0x220f	0
0x2218	0x2213	2
0x2218	0x2215	1
0x2218	0x2217	0
0x2230	0x2225	2
0x2230	0x222e	1
0x2230	0x222f	0
0x2314	0x2308	2
0x2314	0x230f	1
0x2314	0x2313	0
0x2396	0x2392	2
0x2396	0x2393	1
0x2396	0x2395	0
0x2410	0x240c	2
0x2410	0x240d	1
0x2410	0x240f	0
0x24ac	0x24a8	2
0x24ac	0x24a9	1
0x24ac	0x24ab	0
0x2526	0x2522	2
0x2526	0x2523	1
0x2526	0x2525	0
0x253a	0x2536	2
0x253a	0x2537	1
0x253a	0x2539	0
0x25cb	0x25c4	2
0x25cb	0x25c9	1
0x25cb	0x25ca	0
0x264a	0x2646	2
0x264a	0x2647	1
0x264a	0x2649	0
0x26c4	0x26c0	2
0x26c4	0x26c1	1
0x26c4	0x26c3	0
0x26ec	0x26e8	2
0x26ec	0x26e9	1
0x26ec	0x26eb	0
0x26fa	0x26f7	2
0x26fa	0x26f8	1
0x26fa	0x26f9	0
0x26fe	0x26fb	2
0x26fe	0x26fc	1
0x26fe	0x26fd	0
0x2706	0x2700	2
0x2706	0x2703	1
0x2706	0x2705	0
0x270a	0x26ff	2
0x270a	0x2708	1
0x270a	0x2709	0
0x270c	0x26f2	2
0x270c	0x26f3	1
0x270c	0x270b	0
0x271e	0x2719	2
0x271e	0x271c	1
0x271e	0x271d	0
0x2734	0x2729	2
0x2734	0x272e	1
0x2734	0x2733	0
0x2738	0x2728	2
0x2738	0x2736	1
0x2738	0x2737	0
0x273a	0x2724	2
0x273a	0x2725	1
0x273a	0x2739	0
0x2757	0x2752	2
0x2757	0x2753	1
0x2757	0x2756	0
0x275c	0x2750	2
0x275c	0x2751	1
0x275c	0x2758	0
0x275e	0x274a	2
0x275e	0x274b	1
0x275e	0x275d	0
0x2774	0x276e	2
0x2774	0x276f	1
0x2774	0x2773	0
0x2776	0x2761	2
0x2776	0x276a	1
0x2776	0x2775	0
0x27ee	0x27ea	2
0x27ee	0x27eb	1
0x27ee	0x27ed	0
0x2868	0x2864	2
0x2868	0x2865	1
0x2868	0x2867	0
0x287c	0x2878	2
0x287c	0x287a	1
0x287c	0x287b	0
0x2880	0x2877	2
0x2880	0x287e	1
0x2880	0x287f	0
0x2882	0x2875	2
0x2882	0x2876	1
0x2882	0x2881	0
0x294a	0x2940	2
0x294a	0x2948	1
0x294a	0x2949	0
0x2950	0x294d	2
0x2950	0x294e	1
0x2950	0x294f	0
0x2956	0x2952	2
0x2956	0x2954	1
0x2956	0x2955	0
0x2958	0x293e	2
0x2958	0x293f	1
0x2958	0x2957	0
0x29cc	0x29c8	2
0x29cc	0x29c9	1
0x29cc	0x29cb	0
0x2a67	0x2a61	2
0x2a67	0x2a65	1
0x2a67	0x2a66	0
0x2ae6	0x2ae2	2
0x2ae6	0x2ae3	1
0x2ae6	0x2ae5	0
0x2b80	0x2b7c	2
0x2b80	0x2b7d	1
0x2b80	0x2b7f	0
0x2b94	0x2b90	2
0x2b94	0x2b91	1
0x2b94	0x2b93	0
0x2c0c	0x2c08	2
0x2c0c	0x2c09	1
0x2c0c	0x2c0b	0
0x2c2a	0x2c22	2
0x2c2a	0x2c23	1
0x2c2a	0x2c29	0
0x2ca6	0x2ca2	2
0x2ca6	0x2ca3	1
0x2ca6	0x2ca5	0
0x2cba	0x2cb6	2
0x2cba	0x2cb7	1
0x2cba	0x2cb9	0
0x2d2c	0x2d1d	2
0x2d2c	0x2d25	1
0x2d2c	0x2d2b	0
0x2d3e	0x2d31	2
0x2d3e	0x2d32	1
0x2d3e	0x2d36	0
0x2d74	0x2d70	2
0x2d74	0x2d71	1
0x2d74	0x2d73	0
0x2d82	0x2d7f	2
0x2d82	0x2d80	1
0x2d82	0x2d81	0
0x2d86	0x2d83	2
0x2d86	0x2d84	1
0x2d86	0x2d85	0
0x2da0	0x2d9c	2
0x2da0	0x2d9d	1
0x2da0	0x2d9f	0
0x2dca	0x2dc6	2
0x2dca	0x2dc8	1
0x2dca	0x2dc9	0
0x2dcc	0x2dbc	2
0x2dcc	0x2dbd	1
0x2dcc	0x2dcb	0
0x2e3a	0x2e32	2
0x2e3a	0x2e33	1
0x2e3a	0x2e39	0
0x2e52	0x2e4b	2
0x2e52	0x2e4f	1
0x2e52	0x2e51	0
0x2eca	0x2ec6	2
0x2eca	0x2ec7	1
0x2eca	0x2ec9	0
0x2ee8	0x2ee0	2
0x2ee8	0x2ee1	1
0x2ee8	0x2ee7	0
0x2f64	0x2f60	2
0x2f64	0x2f61	1
0x2f64	0x2f63	0
0x2f78	0x2f74	2
0x2f78	0x2f75	1
0x2f78	0x2f77	0
0x2fec	0x2fdd	2
0x2fec	0x2fe5	1
0x2fec	0x2feb	0
0x2ffe	0x2ff1	2
0x2ffe	0x2ff2	1
0x2ffe	0x2ff6	0
0x3034	0x3030	2
0x3034	0x3031	1
0x3034	0x3033	0
0x3042	0x303f	2
0x3042	0x3040	1
0x3042	0x3041	0
0x3046	0x3043	2
0x3046	0x3044	1
0x3046	0x3045	0
0x3108	0x3104	2
0x3108	0x3105	1
0x3108	0x3107	0
0x312a	0x3125	2
0x312a	0x3128	1
0x312a	0x3129	0
0x3168	0x3161	2
0x3168	0x3165	1
0x3168	0x3167	0
0x3171	0x316c	2
0x3171	0x316d	1
0x3171	0x3170	0
0x31e0	0x31dc	2
0x31e0	0x31dd	1
0x31e0	0x31df	0
0x327a	0x3276	2
0x327a	0x3277	1
0x327a	0x3279	0
0x328e	0x328a	2
0x328e	0x328b	1
0x328e	0x328d	0
0x3302	0x32f3	2
0x3302	0x32fb	1
0x3302	0x3301	0
0x3314	0x3307	2
0x3314	0x3308	1
0x3314	0x330c	0
0x334a	0x3346	2
0x334a	0x3347	1
0x334a	0x3349	0
0x3358	0x3355	2
0x3358	0x3356	1
0x3358	0x3357	0
0x335c	0x3359	2
0x335c	0x335a	1
0x335c	0x335b	0
0x33d3	0x33c8	2
0x33d3	0x33cf	1
0x33d3	0x33d2	0
0x3452	0x344e	2
0x3452	0x344f	1
0x3452	0x3451	0
0x3468	0x3465	2
0x3468	0x3466	1
0x3468	0x3467	0
0x346c	0x3464	2
0x346c	0x346a	1
0x346c	0x346b	0
0x3484	0x347a	2
0x3484	0x347b	1
0x3484	0x347c	0
0x3486	0x3478	2
0x3486	0x3479	1
0x3486	0x3485	0
0x34a4	0x349b	2
0x34a4	0x349e	1
0x34a4	0x349f	0
0x34a6	0x3498	2
0x34a6	0x3499	1
0x34a6	0x34a5	0
0x3536	0x3533	2
0x3536	0x3534	1
0x3536	0x3535	0
0x353a	0x3537	2
0x353a	0x3538	1
0x353a	0x3539	0
0x355a	0x354f	2
0x355a	0x3552	1
0x355a	0x3559	0
0x35a3	0x3578	2
0x35a3	0x3580	1
0x35a3	0x359b	0
0x35da	0x35d1	2
0x35da	0x35d8	1
0x35da	0x35d9	0
0x35ea	0x35e7	2
0x35ea	0x35e8	1
0x35ea	0x35e9	0
0x35ee	0x35eb	2
0x35ee	0x35ec	1
0x35ee	0x35ed	0
0x360e	0x3603	2
0x360e	0x3606	1
0x360e	0x360d	0
0x3663	0x365d	2
0x3663	0x3661	1
0x3663	0x3662	0
0x368c	0x367f	2
0x368c	0x3684	1
0x368c	0x3685	0
0x369e	0x369b	2
0x369e	0x369c	1
0x369e	0x369d	0
0x36a2	0x369f	2
0x36a2	0x36a0	1
0x36a2	0x36a1	0
0x375a	0x3757	2
0x375a	0x3758	1
0x375a	0x3759	0
0x375e	0x3756	2
0x375e	0x375c	1
0x375e	0x375d	0
0x37d3	0x37aa	2
0x37d3	0x37c5	1
0x37d3	0x37d2	0
0x37e7	0x37e3	2
0x37e7	0x37e4	1
0x37e7	0x37e6	0
0x37e9	0x37df	2
0x37e9	0x37e0	1
0x37e9	0x37e8	0
0x3814	0x3811	2
0x3814	0x3812	1
0x3814	0x3813	0
0x3818	0x3815	2
0x3818	0x3816	1
0x3818	0x3817	0
0x3861	0x3856	2
0x3861	0x385e	1
0x3861	0x3860	0
0x3864	0x3846	2
0x3864	0x3862	1
0x3864	0x3863	0
0x3898	0x387a	2
0x3898	0x3882	1
0x3898	0x3892	0
0x38b8	0x38af	2
0x38b8	0x38b2	1
0x38b8	0x38b3	0
0x38ba	0x38ac	2
0x38ba	0x38ad	1
0x38ba	0x38b9	0
0x3909	0x3903	2
0x3909	0x3904	1
0x3909	0x3908	0
0x390d	0x38fb	2
0x390d	0x390b	1
0x390d	0x390c	0
0x3937	0x392f	2
0x3937	0x3930	1
0x3937	0x3933	0
0x394a	0x3947	2
0x394a	0x3948	1
0x394a	0x3949	0
0x394e	0x394b	2
0x394e	0x394c	1
0x394e	0x394d	0
0x39dd	0x39cb	2
0x39dd	0x39cc	1
0x39dd	0x39dc	0
0x3a70	0x3a6c	2
0x3a70	0x3a6d	1
0x3a70	0x3a6f	0
0x3a9e	0x3a94	2
0x3a9e	0x3a95	1
0x3a9e	0x3a96	0
0x3aaa	0x3a93	2
0x3aaa	0x3a9f	1
0x3aaa	0x3aa0	0
0x3b3d	0x3b38	2
0x3b3d	0x3b39	1
0x3b3d	0x3b3c	0
0x3bce	0x3bca	2
0x3bce	0x3bcb	1
0x3bce	0x3bcd	0
0x3bfc	0x3bf2	2
0x3bfc	0x3bf3	1
0x3bfc	0x3bf4	0
0x3c08	0x3bf1	2
0x3c08	0x3bfd	1
0x3c08	0x3bfe	0
0x3c4b	0x3c3b	2
0x3c4b	0x3c3c	1
0x3c4b	0x3c43	0
0x3c56	0x3c4c	2
0x3c56	0x3c52	1
0x3c56	0x3c55	0
0x3c61	0x3c57	2
0x3c61	0x3c5c	1
0x3c61	0x3c60	0
0x3c64	0x3c2c	2
0x3c64	0x3c62	1
0x3c64	0x3c63	0
