0x40	0x3f	0
0x3f	0x3e	0
0x8	0x7	0
0xc	0xb	0
0xd	0xc	0
0xf	0xe	0
0x2f	0x2e	0
0x32	0x31	0
0x36	0x35	0
0x3d	0x3c	0
0x43	0x42	0
0x4e	0x46	0
0x50	0x4f	0
0x56	0x55	0
0x59	0x58	0
0x5b	0x5a	0
0x5c	0x5b	0
0x64	0x63	0
0x66	0x65	0
0x6f	0x69	0
0x71	0x70	0
0x7b	0x7a	0
0x85	0x84	0
0x87	0x86	0
0x88	0x87	0
0x9b	0x9a	0
0x9d	0x9c	0
0xa0	0x9f	0
0xae	0xad	0
0xb1	0xb0	0
0xb3	0xb2	0
0xd2	0xd1	0
0xda	0xd3	0
0xdd	0xdc	0
0xdf	0xde	0
0xf0	0xea	0
0xf3	0xf2	0
0xf5	0xf4	0
0x109	0x108	0
0x10d	0x10c	0
0x10e	0x10d	0
0x11c	0x11b	0
0x11f	0x11e	0
0x124	0x123	0
0x132	0x12d	0
0x135	0x134	0
0x139	0x138	0
0x13a	0x139	0
0x14b	0x147	0
0x150	0x14b	0
0x161	0x160	0
0x177	0x176	0
0x18d	0x18c	0
0x1a3	0x1a2	0
0x1a6	0x1a5	0
0x1a8	0x1a7	0
0x1cc	0x1c4	0
0x1cf	0x1ce	0
0x1d2	0x1d1	0
0x1ec	0x1e4	0
0x1ee	0x1ed	0
0x1f4	0x1f3	0
0x1fd	0x1f9	0
0x1ff	0x1fe	0
0x201	0x200	0
0x204	0x203	0
0x225	0x224	0
0x226	0x225	0
0x229	0x228	0
0x239	0x235	0
0x23b	0x23a	0
0x23d	0x23c	0
0x240	0x23f	0
0x254	0x251	0
0x25c	0x25b	0
0x25d	0x25c	0
0x25f	0x255	0
0x262	0x261	0
0x264	0x263	0
0x265	0x264	0
0x269	0x268	0
0x273	0x272	0
0x27f	0x27e	0
0x281	0x280	0
0x284	0x283	0
0x2a0	0x29f	0
0x2a1	0x2a0	0
0x2a3	0x295	0
0x2a6	0x2a5	0
0x2a8	0x2a7	0
0x2a9	0x2a8	0
0x2ad	0x2ac	0
0x2b7	0x2b6	0
0x2c3	0x2c2	0
0x2c5	0x2c4	0
0x2c8	0x2c7	0
0x2e4	0x2e3	0
0x2e5	0x2e4	0
0x2e7	0x2d9	0
0x2ea	0x2e9	0
0x2ec	0x2eb	0
0x2ed	0x2ec	0
0x2f1	0x2f0	0
0x2fb	0x2fa	0
0x307	0x306	0
0x309	0x308	0
0x30c	0x30b	0
0x31e	0x2fe	0
0x320	0x31f	0
0x328	0x327	0
0x329	0x328	0
0x32b	0x321	0
0x32e	0x32d	0
0x330	0x32f	0
0x331	0x330	0
0x335	0x334	0
0x33f	0x33e	0
0x34b	0x34a	0
0x34d	0x34c	0
0x36c	0x36b	0
0x36d	0x36c	0
0x37c	0x37b	0
0x380	0x37f	0
0x382	0x381	0
0x383	0x382	0
0x387	0x386	0
0x391	0x390	0
0x39d	0x39c	0
0x39f	0x39e	0
0x3a6	0x3a0	0
0x3b4	0x3ac	0
0x3b6	0x3b5	0
0x3bf	0x3bb	0
0x3c1	0x3c0	0
0x3c3	0x3c2	0
0x3cf	0x3cb	0
0x3d8	0x3d5	0
0x3da	0x3d9	0
0x3e2	0x3e1	0
0x3e3	0x3e2	0
0x3e5	0x3db	0
0x3e8	0x3e7	0
0x3ea	0x3e9	0
0x3eb	0x3ea	0
0x3ef	0x3ee	0
0x3f9	0x3f8	0
0x405	0x404	0
0x40a	0x405	0
0x41c	0x419	0
0x41e	0x41d	0
0x426	0x425	0
0x427	0x426	0
0x429	0x41f	0
0x42c	0x42b	0
0x42e	0x42d	0
0x42f	0x42e	0
0x433	0x432	0
0x43d	0x43c	0
0x449	0x448	0
0x44e	0x449	0
0x460	0x45d	0
0x462	0x461	0
0x46a	0x469	0
0x46b	0x46a	0
0x46d	0x463	0
0x470	0x46f	0
0x472	0x471	0
0x473	0x472	0
0x477	0x476	0
0x481	0x480	0
0x48d	0x48c	0
0x4a4	0x4a1	0
0x4a6	0x4a5	0
0x4ae	0x4ad	0
0x4af	0x4ae	0
0x4b1	0x4a7	0
0x4b4	0x4b3	0
0x4b6	0x4b5	0
0x4b7	0x4b6	0
0x4bb	0x4ba	0
0x4c5	0x4c4	0
0x4d1	0x4d0	0
0x4df	0x4db	0
0x4e8	0x4e5	0
0x4ea	0x4e9	0
0x4f2	0x4f1	0
0x4f3	0x4f2	0
0x4f5	0x4eb	0
0x4f8	0x4f7	0
0x4fa	0x4f9	0
0x4fb	0x4fa	0
0x4ff	0x4fe	0
0x509	0x508	0
0x515	0x514	0
0x521	0x519	0
0x527	0x526	0
0x52c	0x529	0
0x52e	0x52d	0
0x536	0x535	0
0x537	0x536	0
0x53b	0x53a	0
0x54c	0x54b	0
0x550	0x54f	0
0x552	0x551	0
0x553	0x552	0
0x557	0x556	0
0x561	0x560	0
0x574	0x56c	0
0x576	0x575	0
0x57f	0x57b	0
0x581	0x580	0
0x598	0x595	0
0x59a	0x599	0
0x5a2	0x5a1	0
0x5a3	0x5a2	0
0x5a5	0x59b	0
0x5a8	0x5a7	0
0x5aa	0x5a9	0
0x5ab	0x5aa	0
0x5af	0x5ae	0
0x5b9	0x5b8	0
0x5c5	0x5c4	0
0x5de	0x5db	0
0x5e4	0x5e3	0
0x5e5	0x5e4	0
0x5ef	0x5ee	0
0x5f0	0x5ef	0
0x5f1	0x5f0	0
0x5f2	0x5f1	0
0x5f3	0x5f2	0
0x5f5	0x5f4	0
0x60f	0x60e	0
0x611	0x60b	0
0x612	0x611	0
0x614	0x613	0
0x61a	0x619	0
0x61b	0x61a	0
0x61f	0x618	0
0x62d	0x62c	0
0x630	0x62f	0
0x653	0x652	0
0x655	0x654	0
0x656	0x655	0
0x65f	0x65e	0
0x661	0x660	0
0x662	0x661	0
0x66b	0x66a	0
0x66c	0x66b	0
0x66f	0x66e	0
0x676	0x671	0
0x67f	0x67b	0
0x681	0x680	0
0x685	0x684	0
0x686	0x685	0
0x6a7	0x6a6	0
0x6a8	0x6a7	0
0x6af	0x6ae	0
0x6b1	0x6b0	0
0x6bc	0x6bb	0
0x6c1	0x6bd	0
0x6c3	0x6c2	0
0x6c8	0x6c7	0
0x6d6	0x6d3	0
0x6d7	0x6d6	0
0x6da	0x6d9	0
0x6dc	0x6db	0
0x6e4	0x6e3	0
0x6e5	0x6e4	0
0x6e7	0x6dd	0
0x6ea	0x6e9	0
0x6ec	0x6eb	0
0x6ed	0x6ec	0
0x6f1	0x6f0	0
0x6fb	0x6fa	0
0x717	0x716	0
0x71f	0x71e	0
0x720	0x71f	0
0x721	0x720	0
0x728	0x722	0
0x729	0x728	0
0x72b	0x72a	0
0x750	0x74f	0
0x752	0x751	0
0x753	0x752	0
0x755	0x754	0
0x774	0x761	0
0x776	0x775	0
0x781	0x780	0
0x782	0x781	0
0x783	0x782	0
0x785	0x784	0
0x79c	0x794	0
0x7a4	0x7a3	0
0x7a5	0x7a4	0
0x7af	0x7aa	0
0x7b3	0x7b2	0
0x7b5	0x7b4	0
0x7b8	0x7b7	0
0x7bc	0x7bb	0
0x7bd	0x7bc	0
0x7c7	0x7bf	0
0x801	0x800	0
0x802	0x801	0
0x807	0x806	0
0x817	0x816	0
0x818	0x817	0
0x821	0x820	0
0x822	0x821	0
0x826	0x825	0
0x827	0x826	0
0x829	0x828	0
0x82f	0x81d	0
0x836	0x835	0
0x84f	0x84e	0
0x853	0x849	0
0x85d	0x85c	0
0x86d	0x869	0
0x86f	0x86e	0
0x878	0x873	0
0x89a	0x892	0
0x8a0	0x89f	0
0x8a1	0x8a0	0
0x8a4	0x8a3	0
0x8a5	0x8a4	0
0x8a8	0x8a7	0
0x8b4	0x8ac	0
0x8b7	0x8b6	0
0x8b9	0x8b8	0
0x8bf	0x8be	0
0x8d2	0x8ca	0
0x8d4	0x8d3	0
0x8d6	0x8d5	0
0x8d7	0x8d6	0
0x8d9	0x8d8	0
0x8dd	0x8d7	0
0x8de	0x8dd	0
0x8f3	0x8f0	0
0x902	0x901	0
0x903	0x902	0
0x904	0x903	0
0x905	0x904	0
0x907	0x906	0
0x90f	0x90e	0
0x91b	0x913	0
0x935	0x934	0
0x936	0x935	0
0x93e	0x93d	0
0x945	0x944	0
0x94c	0x948	0
0x963	0x962	0
0x964	0x963	0
0x96c	0x96b	0
0x972	0x971	0
0x977	0x973	0
0x978	0x977	0
0x97b	0x97a	0
0x985	0x97e	0
0x992	0x98f	0
0x99f	0x99e	0
0x9ab	0x9aa	0
0x9b8	0x9b5	0
0x9bb	0x9ba	0
0x9bc	0x9bb	0
0x9c2	0x9bf	0
0x9cc	0x9cb	0
0x9cd	0x9cc	0
0x9ce	0x9cd	0
0x9cf	0x9ce	0
0x9d1	0x9d0	0
0x9dc	0x9db	0
0x9de	0x9dd	0
0x9f5	0x9f4	0
0x9f6	0x9f5	0
0x9f8	0x9f7	0
0x9f9	0x9f8	0
0x9fa	0x9f9	0
0x9fc	0x9fb	0
0x9fe	0x9fd	0
0xa0a	0xa09	0
0xa0b	0xa0a	0
0xa0c	0xa0b	0
0xa0d	0xa0c	0
0xa0f	0xa0e	0
0xa14	0xa13	0
0xa1a	0xa19	0
0xa1f	0xa1e	0
0xa2c	0xa29	0
0xa3f	0xa3e	0
0xa41	0xa40	0
0xa43	0xa42	0
0xa47	0xa46	0
0xa54	0xa53	0
0xa55	0xa54	0
0xa57	0xa56	0
0xa62	0xa5a	0
0xa71	0xa70	0
0xa72	0xa71	0
0xa79	0xa78	0
0xa7d	0xa7c	0
0xa81	0xa80	0
0xa8e	0xa8b	0
0xa93	0xa92	0
0xaa0	0xa9d	0
0xaa3	0xaa2	0
0xaa4	0xaa3	0
0xaab	0xaaa	0
0xaaf	0xaae	0
0xab0	0xaaf	0
0xab7	0xab6	0
0xaba	0xab9	0
0xabb	0xaba	0
0xabc	0xabb	0
0xabd	0xabc	0
0xabe	0xabd	0
0xabf	0xabe	0
0xac0	0xabf	0
0xac1	0xac0	0
0xac3	0xac2	0
0xac4	0xac3	0
0xacb	0xaca	0
0xad8	0xad0	0
0xae4	0xadc	0
0xae7	0xae6	0
0xae8	0xae7	0
0xaef	0xaee	0
0xaf2	0xaf1	0
0xaf4	0xaf3	0
0xaf6	0xaf5	0
0xaf8	0xaf7	0
0xafa	0xaf9	0
0xb04	0xb03	0
0xb05	0xb04	0
0xb0d	0xb0c	0
0xb1b	0xb17	0
0xb1d	0xb1c	0
0xb1f	0xb1e	0
0xb22	0xb21	0
0xb3b	0xb3a	0
0xb4c	0xb4b	0
0xb52	0xb51	0
0xb53	0xb52	0
0xb57	0xb56	0
0xb67	0xb5a	0
0xb68	0xb67	0
0xb6b	0xb58	0
0xb6c	0xb6b	0
0xb70	0xb6f	0
0xb71	0xb70	0
0xb73	0xb72	0
0xb85	0xb84	0
0xb87	0xb86	0
0xb89	0xb88	0
0xb8b	0xb8a	0
0xb98	0xb90	0
0xb9a	0xb99	0
0xb9c	0xb9b	0
0xb9d	0xb9c	0
0xb9e	0xb9d	0
0xb9f	0xb9e	0
0xba1	0xba0	0
0xba3	0xba2	0
0xbaa	0xba4	0
0xbaf	0xbab	0
0xbb0	0xbaf	0
0xbb3	0xbb2	0
0xbb5	0xbb4	0
0xbc9	0xbc8	0
0xbd5	0xbd4	0
0xbe2	0xbdf	0
0xbe5	0xbe4	0
0xbe6	0xbe5	0
0xbf0	0xbe9	0
0xbf4	0xbf3	0
0xbf6	0xbf5	0
0xbfb	0xbf7	0
0xbfe	0xbfd	0
0xc03	0xc02	0
0xc16	0xc15	0
0xc1b	0xc1a	0
0xc46	0xc45	0
0xc4c	0xc4b	0
0xc4f	0xc1c	0
0xc53	0xc16	0
0xc54	0xc53	0
0xc58	0xc57	0
0xc59	0xc58	0
0xc60	0xc5f	0
0xc61	0xc60	0
0xc63	0xc62	0
0xc65	0xc64	0
0xc66	0xc65	0
0xc6d	0xc6c	0
0xc6f	0xc6e	0
0xc74	0xc73	0
0xc77	0xc76	0
0xc78	0xc77	0
0xc79	0xc78	0
0xc7d	0xc7c	0
0xc8c	0xc8b	0
0xcb2	0xcb1	0
0xcdb	0xcda	0
0xcf7	0xcf6	0
0xcf8	0xcf7	0
0xcfe	0xcfb	0
0xd00	0xcff	0
0xd0b	0xd0a	0
0xd0c	0xd0b	0
0xd0d	0xd0c	0
0xd0e	0xd0d	0
0xd0f	0xd0e	0
0xd11	0xd10	0
0xd1c	0xd1b	0
0xd1d	0xd1c	0
0xd21	0xd20	0
0xd30	0xd2f	0
0xd36	0xd35	0
0xd37	0xd36	0
0xd39	0xd38	0
0xd4b	0xd4a	0
0xd4d	0xd4c	0
0xd4f	0xd4e	0
0xd51	0xd50	0
0xd5e	0xd56	0
0xd60	0xd5f	0
0xd62	0xd61	0
0xd63	0xd62	0
0xd64	0xd63	0
0xd65	0xd64	0
0xd67	0xd66	0
0xd76	0xd6e	0
0xd78	0xd77	0
0xd7a	0xd79	0
0xd7c	0xd7b	0
0xd7e	0xd7d	0
0xd80	0xd7f	0
0xd82	0xd81	0
0xd88	0xd87	0
0xd8f	0xd8e	0
0xd9f	0xd9e	0
0xda0	0xd9f	0
0xda3	0xd96	0
0xda4	0xda3	0
0xda6	0xda5	0
0xda9	0xda8	0
0xdc2	0xdc1	0
0xdee	0xde6	0
0xdf0	0xdce	0
0xdf5	0xdf4	0
0xe04	0xe03	0
0xe06	0xe05	0
0xe0a	0xe09	0
0xe0b	0xe0a	0
0xe0c	0xe0b	0
0xe12	0xe11	0
0xe14	0xe13	0
0xe19	0xe15	0
0xe26	0xe23	0
0xe37	0xe33	0
0xe41	0xe40	0
0xe4c	0xe4b	0
0xe63	0xe62	0
0xe6e	0xe6d	0
0xe7b	0xe77	0
0xe80	0xe7f	0
0xe85	0xe81	0
0xe90	0xe8f	0
0xea1	0xe9e	0
0xeb2	0xeb1	0
0xeb7	0xeb3	0
0xeb9	0xeb8	0
0xebb	0xeba	0
0xedb	0xeda	0
0xedc	0xedb	0
0xede	0xedd	0
0xefb	0xefa	0
0xefc	0xefb	0
0xefe	0xefd	0
0xf0b	0xf0a	0
0xf0c	0xf0b	0
0xf0e	0xf0d	0
0xf18	0xf17	0
0xf21	0xf20	0
0xf26	0xf23	0
0xf28	0xf27	0
0xf2f	0xf2e	0
0xf30	0xf2f	0
0xf31	0xf30	0
0xf32	0xf31	0
0xf33	0xf32	0
0xf35	0xf34	0
0xf42	0xf41	0
0xf43	0xf42	0
0xf45	0xf44	0
0xf51	0xf50	0
0xf5b	0xf57	0
0xf64	0xf63	0
0xf67	0xf66	0
0xf74	0xf73	0
0xf82	0xf7f	0
0xf84	0xf83	0
0xf8b	0xf8a	0
0xf8c	0xf8b	0
0xf8d	0xf8c	0
0xf8e	0xf8d	0
0xf8f	0xf8e	0
0xf91	0xf90	0
0xfa1	0xfa0	0
0xfab	0xfaa	0
0xfc0	0xfbf	0
0xfc6	0xfc5	0
0xfd0	0xfcf	0
0xfd8	0xfd7	0
0xfdf	0xfde	0
0xfef	0xfee	0
0xff0	0xfef	0
0xff3	0xfe6	0
0xff4	0xff3	0
0xff6	0xff5	0
0xff9	0xff8	0
0xffd	0xffc	0
0xffe	0xffd	0
0x1010	0x1008	0
0x1016	0x1015	0
0x1019	0x1018	0
0x101e	0x101b	0
0x1020	0x101f	0
0x1027	0x1026	0
0x1028	0x1027	0
0x1029	0x1028	0
0x102a	0x1029	0
0x102b	0x102a	0
0x102d	0x102c	0
0x1030	0x102f	0
0x1040	0x103f	0
0x1052	0x104a	0
0x1055	0x1054	0
0x105f	0x105e	0
0x107b	0x107a	0
0x107c	0x107b	0
0x107f	0x1078	0
0x1081	0x1080	0
0x1087	0x1084	0
0x108b	0x108a	0
0x1093	0x1089	0
0x1096	0x1095	0
0x10a1	0x109d	0
0x10ab	0x10aa	0
0x10b6	0x10b5	0
0x10cd	0x10cc	0
0x10d8	0x10d7	0
0x10e5	0x10e1	0
0x10ea	0x10e9	0
0x10ef	0x10eb	0
0x10fa	0x10f9	0
0x110b	0x1108	0
0x111c	0x111b	0
0x1121	0x111d	0
0x1123	0x1122	0
0x1125	0x1124	0
0x114f	0x114e	0
0x1150	0x114f	0
0x1156	0x1153	0
0x1158	0x1157	0
0x1167	0x1166	0
0x1168	0x1167	0
0x116e	0x116b	0
0x1170	0x116f	0
0x117b	0x117a	0
0x117c	0x117b	0
0x117d	0x117c	0
0x117e	0x117d	0
0x117f	0x117e	0
0x1181	0x1180	0
0x1186	0x1177	0
0x118c	0x118b	0
0x1194	0x1193	0
0x1195	0x1194	0
0x11d9	0x11d8	0
0x11da	0x11d9	0
0x11e1	0x11e0	0
0x11e3	0x11e2	0
0x11e8	0x11e7	0
0x11ec	0x11eb	0
0x11ed	0x11ec	0
0x11f1	0x11f0	0
0x1202	0x1201	0
0x1205	0x11f3	0
0x1208	0x1207	0
0x121b	0x121a	0
0x1227	0x1215	0
0x1231	0x1230	0
0x1233	0x1232	0
0x123f	0x123b	0
0x1241	0x1240	0
0x1245	0x1244	0
0x1246	0x1245	0
0x1262	0x1261	0
0x126c	0x1264	0
0x126e	0x126d	0
0x1274	0x1273	0
0x127c	0x127b	0
0x127d	0x127c	0
0x1287	0x127f	0
0x12c1	0x12c0	0
0x12c2	0x12c1	0
0x12c6	0x12c5	0
0x12c7	0x12c6	0
0x12cb	0x12ca	0
0x12dc	0x12db	0
0x12df	0x12cd	0
0x12eb	0x12e3	0
0x12f5	0x12f4	0
0x1301	0x12ef	0
0x130b	0x130a	0
0x130d	0x130c	0
0x1319	0x1315	0
0x131b	0x131a	0
0x1320	0x131f	0
0x134c	0x134b	0
0x134f	0x1349	0
0x137c	0x137b	0
0x137e	0x1378	0
0x1381	0x1376	0
0x1383	0x1382	0
0x13ae	0x13ad	0
0x13b2	0x13b1	0
0x13b3	0x13b2	0
0x13b4	0x13b3	0
0x13ba	0x13b9	0
0x13bb	0x13ba	0
0x13da	0x13d9	0
0x13e4	0x13a1	0
0x13f6	0x13f5	0
0x13fc	0x13fb	0
0x140e	0x140d	0
0x1410	0x140f	0
0x141b	0x1417	0
0x1425	0x1424	0
0x1430	0x142f	0
0x1447	0x1446	0
0x1452	0x1451	0
0x145f	0x145b	0
0x1464	0x1463	0
0x1469	0x1465	0
0x1474	0x1473	0
0x1485	0x1482	0
0x1496	0x1495	0
0x149b	0x1497	0
0x149d	0x149c	0
0x149f	0x149e	0
0x14bd	0x14bc	0
0x14be	0x14bd	0
0x14c0	0x14bf	0
0x14c5	0x14c1	0
0x14c6	0x14c5	0
0x14cb	0x14ca	0
0x14d7	0x14d6	0
0x14e4	0x14e1	0
0x14e6	0x14e5	0
0x14ec	0x14eb	0
0x14fa	0x14f4	0
0x14fc	0x14fb	0
0x1501	0x14fd	0
0x1502	0x1501	0
0x1515	0x1514	0
0x1522	0x151f	0
0x1524	0x1523	0
0x152a	0x1529	0
0x152f	0x152b	0
0x153c	0x1539	0
0x1545	0x1544	0
0x1546	0x1545	0
0x1548	0x1547	0
0x154e	0x154d	0
0x1553	0x1552	0
0x1560	0x155d	0
0x1563	0x1562	0
0x1564	0x1563	0
0x1566	0x1565	0
0x1574	0x156c	0
0x157a	0x1579	0
0x1583	0x157a	0
0x1585	0x1584	0
0x15c2	0x15bf	0
0x15c4	0x15b5	0
0x15cb	0x15ca	0
0x15d8	0x15d7	0
0x15dd	0x15dc	0
0x1615	0x1614	0
0x161c	0x160c	0
0x1621	0x1620	0
0x1623	0x1622	0
0x162e	0x162d	0
0x163d	0x1639	0
0x1650	0x1648	0
0x1652	0x1651	0
0x1654	0x1653	0
0x1655	0x1654	0
0x1657	0x1656	0
0x165e	0x1655	0
0x1665	0x1664	0
0x1677	0x1673	0
0x1681	0x1680	0
0x168c	0x168b	0
0x16a3	0x16a2	0
0x16ae	0x16ad	0
0x16bb	0x16b7	0
0x16c0	0x16bf	0
0x16c5	0x16c1	0
0x16d0	0x16cf	0
0x16e1	0x16de	0
0x16f2	0x16f1	0
0x16f7	0x16f3	0
0x16f8	0x16f7	0
0x16fb	0x16f0	0
0x1701	0x16ed	0
0x1705	0x16d8	0
0x1707	0x1706	0
0x1709	0x16d6	0
0x170d	0x16c8	0
0x170f	0x170e	0
0x1711	0x16ae	0
0x1715	0x16a8	0
0x1717	0x1716	0
0x1737	0x1736	0
0x1741	0x1740	0
0x1751	0x1750	0
0x175b	0x175a	0
0x175c	0x175b	0
0x175f	0x1758	0
0x176e	0x176d	0
0x1771	0x1770	0
0x1772	0x1771	0
0x177d	0x177c	0
0x1784	0x1775	0
0x1789	0x1788	0
0x178b	0x178a	0
0x1796	0x1795	0
0x179f	0x179e	0
0x17a5	0x17a1	0
0x17b8	0x17b0	0
0x17ba	0x17b9	0
0x17bc	0x17bb	0
0x17bd	0x17bc	0
0x17bf	0x17be	0
0x17c7	0x17c6	0
0x17ce	0x17cd	0
0x17ea	0x17e2	0
0x17f5	0x17f4	0
0x180e	0x1806	0
0x1810	0x180f	0
0x1812	0x1811	0
0x1813	0x1812	0
0x1815	0x1814	0
0x181c	0x1817	0
0x1823	0x1822	0
0x1833	0x1832	0
0x1841	0x1840	0
0x1842	0x1841	0
0x1848	0x1847	0
0x184e	0x184d	0
0x1855	0x1854	0
0x1865	0x1864	0
0x1866	0x1865	0
0x1869	0x185c	0
0x186a	0x1869	0
0x186c	0x186b	0
0x186f	0x186e	0
0x1886	0x187e	0
0x1894	0x1891	0
0x1896	0x1895	0
0x189d	0x189c	0
0x189e	0x189d	0
0x189f	0x189e	0
0x18a0	0x189f	0
0x18a1	0x18a0	0
0x18a3	0x18a2	0
0x18c9	0x18c8	0
0x18d6	0x18d3	0
0x18dd	0x18dc	0
0x18ea	0x18e7	0
0x18fe	0x18fd	0
0x18ff	0x18fe	0
0x1905	0x1904	0
0x1906	0x1905	0
0x190c	0x190b	0
0x190d	0x190c	0
0x190f	0x190e	0
0x191a	0x1912	0
0x1929	0x1928	0
0x192a	0x1929	0
0x1931	0x1930	0
0x1936	0x1935	0
0x1940	0x193f	0
0x1941	0x1940	0
0x1949	0x1948	0
0x1957	0x1953	0
0x1959	0x1958	0
0x1988	0x1987	0
0x1989	0x1988	0
0x198a	0x1989	0
0x198b	0x198a	0
0x198f	0x198e	0
0x199c	0x1999	0
0x199f	0x1997	0
0x19a3	0x1990	0
0x19a4	0x19a3	0
0x19a8	0x19a7	0
0x19ab	0x19aa	0
0x19d0	0x19cf	0
0x19d2	0x19d1	0
0x19d3	0x19d2	0
0x19d4	0x19d3	0
0x19d5	0x19d4	0
0x19d7	0x19d6	0
0x19fb	0x19fa	0
0x19fc	0x19fb	0
0x19fe	0x19fd	0
0x19ff	0x19fe	0
0x1a00	0x19ff	0
0x1a01	0x1a00	0
0x1a03	0x1a02	0
0x1a1c	0x1a1b	0
0x1a21	0x1a20	0
0x1a32	0x1a31	0
0x1a5e	0x1a56	0
0x1a64	0x1a63	0
0x1a66	0x1a65	0
0x1a6e	0x1a6d	0
0x1a6f	0x1a6e	0
0x1a76	0x1a75	0
0x1a7c	0x1a7b	0
0x1a82	0x1a81	0
0x1a84	0x1a83	0
0x1a88	0x1a87	0
0x1a89	0x1a88	0
0x1a90	0x1a8f	0
0x1a93	0x1a92	0
0x1a96	0x1a95	0
0x1a9a	0x1a99	0
0x1aa2	0x1aa1	0
0x1aa5	0x1a76	0
0x1aaa	0x1aa9	0
0x1aab	0x1aaa	0
0x1aad	0x1a72	0
0x1ab0	0x1aaf	0
0x1ab3	0x1aad	0
0x1abf	0x1ab3	0
0x1ac0	0x1abf	0
0x1ac3	0x1ac2	0
0x1ad1	0x1acd	0
0x1adb	0x1ada	0
0x1ae6	0x1ae5	0
0x1afd	0x1afc	0
0x1b08	0x1b07	0
0x1b19	0x1b18	0
0x1b1a	0x1b19	0
0x1b29	0x1b28	0
0x1b3c	0x1b3b	0
0x1b3d	0x1b3c	0
0x1b3f	0x1b3e	0
0x1b4a	0x1b42	0
0x1b59	0x1b58	0
0x1b5a	0x1b59	0
0x1b61	0x1b60	0
0x1b65	0x1b64	0
0x1b69	0x1b68	0
0x1b76	0x1b73	0
0x1b7b	0x1b7a	0
0x1b88	0x1b85	0
0x1b8b	0x1b8a	0
0x1b8c	0x1b8b	0
0x1b93	0x1b92	0
0x1b97	0x1b96	0
0x1b98	0x1b97	0
0x1b9f	0x1b9e	0
0x1ba2	0x1ba1	0
0x1ba3	0x1ba2	0
0x1ba4	0x1ba3	0
0x1ba5	0x1ba4	0
0x1ba6	0x1ba5	0
0x1ba7	0x1ba6	0
0x1ba8	0x1ba7	0
0x1ba9	0x1ba8	0
0x1bab	0x1baa	0
0x1bac	0x1bab	0
0x1bb3	0x1bb2	0
0x1bc0	0x1bb8	0
0x1bcc	0x1bc4	0
0x1bcf	0x1bce	0
0x1bd0	0x1bcf	0
0x1bd7	0x1bd6	0
0x1bda	0x1bd9	0
0x1bdc	0x1bdb	0
0x1bde	0x1bdd	0
0x1be0	0x1bdf	0
0x1be2	0x1be1	0
0x1bec	0x1beb	0
0x1bed	0x1bec	0
0x1bf5	0x1bf4	0
0x1c03	0x1bff	0
0x1c05	0x1c04	0
0x1c0e	0x1c07	0
0x1c2a	0x1c23	0
0x1c34	0x1c33	0
0x1c3a	0x1c39	0
0x1c3f	0x1c3e	0
0x1c4d	0x1c46	0
0x1c50	0x1c4f	0
0x1c54	0x1c53	0
0x1c61	0x1c55	0
0x1c62	0x1c61	0
0x1c65	0x1c64	0
0x1c73	0x1c6f	0
0x1c78	0x1c77	0
0x1c7d	0x1c79	0
0x1c88	0x1c87	0
0x1c99	0x1c96	0
0x1cab	0x1caa	0
0x1cc3	0x1cc2	0
0x1cc4	0x1cc3	0
0x1cd1	0x1cd0	0
0x1cd3	0x1cd2	0
0x1ce6	0x1ce5	0
0x1ce7	0x1ce6	0
0x1ce9	0x1ce8	0
0x1cf4	0x1cec	0
0x1d03	0x1d02	0
0x1d04	0x1d03	0
0x1d0b	0x1d0a	0
0x1d0f	0x1d0e	0
0x1d13	0x1d12	0
0x1d20	0x1d1d	0
0x1d25	0x1d24	0
0x1d32	0x1d2f	0
0x1d35	0x1d34	0
0x1d36	0x1d35	0
0x1d3d	0x1d3c	0
0x1d41	0x1d40	0
0x1d42	0x1d41	0
0x1d49	0x1d48	0
0x1d4c	0x1d4b	0
0x1d4d	0x1d4c	0
0x1d4e	0x1d4d	0
0x1d4f	0x1d4e	0
0x1d50	0x1d4f	0
0x1d51	0x1d50	0
0x1d52	0x1d51	0
0x1d53	0x1d52	0
0x1d55	0x1d54	0
0x1d56	0x1d55	0
0x1d5d	0x1d5c	0
0x1d6a	0x1d62	0
0x1d76	0x1d6e	0
0x1d79	0x1d78	0
0x1d7a	0x1d79	0
0x1d81	0x1d80	0
0x1d84	0x1d83	0
0x1d86	0x1d85	0
0x1d88	0x1d87	0
0x1d8a	0x1d89	0
0x1d8c	0x1d8b	0
0x1d96	0x1d95	0
0x1d97	0x1d96	0
0x1d9f	0x1d9e	0
0x1dad	0x1da9	0
0x1daf	0x1dae	0
0x1db8	0x1db1	0
0x1dd4	0x1dcd	0
0x1de0	0x1ddf	0
0x1e0e	0x1e0d	0
0x1e10	0x1e0a	0
0x1e15	0x1e14	0
0x1e3e	0x1e3d	0
0x1e42	0x1e41	0
0x1e43	0x1e42	0
0x1e44	0x1e43	0
0x1e4a	0x1e49	0
0x1e4b	0x1e4a	0
0x1e56	0x1e55	0
0x1e58	0x1e57	0
0x1e8c	0x1e8b	0
0x1e8d	0x1e8c	0
0x1e9e	0x1e9d	0
0x1ea0	0x1e9f	0
0x1ea2	0x1ea1	0
0x1ea4	0x1ea3	0
0x1eac	0x1eab	0
0x1eb3	0x1eb2	0
0x1ec3	0x1ec2	0
0x1ec4	0x1ec3	0
0x1ec7	0x1eba	0
0x1ec8	0x1ec7	0
0x1eca	0x1ec9	0
0x1ecd	0x1ecc	0
0x1ee7	0x1ee6	0
0x1eec	0x1ee9	0
0x1eee	0x1eed	0
0x1ef8	0x1ef7	0
0x1f01	0x1f00	0
0x1f02	0x1f01	0
0x1f03	0x1f02	0
0x1f04	0x1f03	0
0x1f05	0x1f04	0
0x1f07	0x1f06	0
0x1f17	0x1f16	0
0x1f24	0x1f23	0
0x1f2d	0x1f2c	0
0x1f2e	0x1f2d	0
0x1f2f	0x1f2e	0
0x1f30	0x1f2f	0
0x1f31	0x1f30	0
0x1f33	0x1f32	0
0x1f45	0x1f41	0
0x1f51	0x1f50	0
0x1f52	0x1f51	0
0x1f5b	0x1f5a	0
0x1f5c	0x1f5b	0
0x1f5d	0x1f5c	0
0x1f5e	0x1f5d	0
0x1f5f	0x1f5e	0
0x1f61	0x1f60	0
0x1f73	0x1f6f	0
0x1f75	0x1f74	0
0x1f8c	0x1f84	0
0x1f8f	0x1f8e	0
0x1f99	0x1f91	0
0x1fb3	0x1fb2	0
0x1fc0	0x1fbd	0
0x1fc3	0x1fc2	0
0x1fc4	0x1fc3	0
0x1fce	0x1fc7	0
0x1fd2	0x1fd1	0
0x1fd4	0x1fd3	0
0x1fd9	0x1fd5	0
0x1fdc	0x1fdb	0
0x1fe1	0x1fe0	0
0x1ff4	0x1ff3	0
0x202d	0x200c	0
0x2031	0x1ffa	0
0x2032	0x2031	0
0x2036	0x2035	0
0x2037	0x2036	0
0x2048	0x2045	0
0x2059	0x2055	0
0x2063	0x2062	0
0x206e	0x206d	0
0x2085	0x2084	0
0x2090	0x208f	0
0x209d	0x2099	0
0x20a2	0x20a1	0
0x20a7	0x20a3	0
0x20b2	0x20b1	0
0x20c3	0x20c0	0
0x20d4	0x20d3	0
0x20d9	0x20d5	0
0x20db	0x20da	0
0x20dd	0x20dc	0
0x20ff	0x20fe	0
0x2105	0x2104	0
0x2108	0x2107	0
0x2109	0x2108	0
0x210c	0x210b	0
0x2111	0x2110	0
0x2113	0x2112	0
0x211f	0x211e	0
0x212c	0x2129	0
0x2131	0x2130	0
0x213e	0x213b	0
0x2140	0x213f	0
0x2141	0x2140	0
0x2142	0x2141	0
0x2143	0x2142	0
0x2144	0x2143	0
0x2145	0x2144	0
0x2146	0x2145	0
0x2147	0x2146	0
0x2149	0x2148	0
0x214a	0x2149	0
0x2160	0x2158	0
0x2165	0x2164	0
0x2172	0x216f	0
0x2185	0x2184	0
0x2187	0x2186	0
0x2188	0x2187	0
0x219a	0x2199	0
0x219b	0x219a	0
0x219d	0x219c	0
0x21a8	0x21a0	0
0x21b7	0x21b6	0
0x21b8	0x21b7	0
0x21bf	0x21be	0
0x21c3	0x21c2	0
0x21c7	0x21c6	0
0x21d4	0x21d1	0
0x21d9	0x21d8	0
0x21e6	0x21e3	0
0x21e9	0x21e8	0
0x21ea	0x21e9	0
0x21f1	0x21f0	0
0x21f5	0x21f4	0
0x21f6	0x21f5	0
0x21fd	0x21fc	0
0x2200	0x21ff	0
0x2201	0x2200	0
0x2202	0x2201	0
0x2203	0x2202	0
0x2204	0x2203	0
0x2205	0x2204	0
0x2206	0x2205	0
0x2207	0x2206	0
0x2209	0x2208	0
0x220a	0x2209	0
0x2211	0x2210	0
0x221e	0x2216	0
0x222a	0x2222	0
0x222d	0x222c	0
0x222e	0x222d	0
0x2235	0x2234	0
0x2238	0x2237	0
0x223a	0x2239	0
0x223c	0x223b	0
0x223e	0x223d	0
0x2240	0x223f	0
0x224a	0x2249	0
0x224b	0x224a	0
0x2253	0x2252	0
0x2261	0x225d	0
0x2263	0x2262	0
0x2264	0x2263	0
0x2265	0x2264	0
0x2268	0x2267	0
0x2280	0x2278	0
0x2281	0x2280	0
0x2284	0x2283	0
0x2294	0x2293	0
0x2295	0x2294	0
0x2299	0x2298	0
0x229a	0x2299	0
0x22a7	0x22a6	0
0x22a8	0x22a7	0
0x22ab	0x22aa	0
0x22ac	0x22ab	0
0x22ad	0x22ac	0
0x22b1	0x22b0	0
0x22c0	0x22b9	0
0x22c4	0x22c3	0
0x22e8	0x22e7	0
0x230b	0x22f0	0
0x230d	0x230c	0
0x2315	0x22e1	0
0x2317	0x2316	0
0x2322	0x2321	0
0x2324	0x2323	0
0x2326	0x2325	0
0x2328	0x2327	0
0x2333	0x232f	0
0x233d	0x233c	0
0x2348	0x2347	0
0x235f	0x235e	0
0x236a	0x2369	0
0x2377	0x2373	0
0x237c	0x237b	0
0x2381	0x237d	0
0x238c	0x238b	0
0x239d	0x239a	0
0x23ae	0x23ad	0
0x23b3	0x23af	0
0x23b5	0x23b4	0
0x23b7	0x23b6	0
0x23b9	0x23b8	0
0x23ba	0x23b9	0
0x23bc	0x23bb	0
0x23c7	0x23c6	0
0x23d6	0x23d5	0
0x23d8	0x23d7	0
0x23d9	0x23d8	0
0x23da	0x23d9	0
0x23db	0x23da	0
0x23dd	0x23dc	0
0x23de	0x23dd	0
0x23df	0x23de	0
0x23e9	0x23d6	0
0x23ea	0x23e9	0
0x23ed	0x23ec	0
0x23ee	0x23ed	0
0x23f1	0x23f0	0
0x23f2	0x23f1	0
0x23f4	0x23f3	0
0x2403	0x2402	0
0x2404	0x2403	0
0x2405	0x2404	0
0x2407	0x23ff	0
0x2408	0x2407	0
0x240a	0x2409	0
0x240f	0x240b	0
0x2412	0x2411	0
0x2414	0x2413	0
0x2416	0x2415	0
0x2424	0x2423	0
0x2425	0x2424	0
0x2429	0x2428	0
0x242a	0x2429	0
0x242e	0x2427	0
0x2430	0x2422	0
0x2439	0x2438	0
0x243a	0x2439	0
0x243b	0x243a	0
0x243c	0x243b	0
0x243d	0x243c	0
0x243f	0x243e	0
0x2440	0x243f	0
0x2444	0x2443	0
0x244e	0x2446	0
0x2453	0x244f	0
0x2455	0x2454	0
0x2456	0x2455	0
0x2463	0x2457	0
0x2464	0x2463	0
0x2466	0x2465	0
0x246d	0x2464	0
0x246e	0x246d	0
0x2470	0x246f	0
0x2472	0x2471	0
0x2474	0x2473	0
0x247e	0x247d	0
0x247f	0x247e	0
0x2480	0x247f	0
0x2481	0x2480	0
0x2483	0x2482	0
0x2484	0x2483	0
0x2488	0x2487	0
0x2496	0x2495	0
0x249b	0x2497	0
0x249c	0x249b	0
0x249e	0x249d	0
0x24a0	0x249f	0
0x24a2	0x24a1	0
0x24b1	0x24b0	0
0x24b2	0x24b1	0
0x24b3	0x24b2	0
0x24b4	0x24b3	0
0x24b5	0x24b4	0
0x24b7	0x24b6	0
0x24b8	0x24b7	0
0x24bc	0x24bb	0
0x24c6	0x24be	0
0x24cb	0x24c6	0
0x24cc	0x24cb	0
0x24ce	0x24cd	0
0x24d5	0x24cc	0
0x24d6	0x24d5	0
0x24d8	0x24d7	0
0x24da	0x24d9	0
0x24dc	0x24db	0
0x24e7	0x24e6	0
0x24eb	0x24ea	0
0x24ec	0x24eb	0
0x24ee	0x24ed	0
0x24ef	0x24ee	0
0x24f1	0x24f0	0
0x24f2	0x24f1	0
0x24ff	0x24f3	0
0x2500	0x24ff	0
0x2502	0x2501	0
0x2509	0x2500	0
0x250a	0x2509	0
0x250c	0x250b	0
0x250e	0x250d	0
0x2510	0x250f	0
0x2519	0x2518	0
0x2528	0x2527	0
0x252c	0x252b	0
0x252f	0x252e	0
0x2530	0x252f	0
0x2538	0x2533	0
0x253e	0x253d	0
0x2544	0x2543	0
0x2546	0x2545	0
0x254d	0x254a	0
0x2558	0x2557	0
0x2577	0x2576	0
0x257b	0x257a	0
0x257d	0x2577	0
0x7d	0x71	2
0x7d	0x72	1
0x7d	0x73	0
0xa1	0x9d	2
0xa1	0x9e	1
0xa1	0xa0	0
0xb7	0xb1	2
0xb7	0xb3	1
0xb7	0xb4	0
0xfe	0xf3	2
0xfe	0xf5	1
0xfe	0xf6	0
0x10f	0x10a	2
0x10f	0x10b	1
0x10f	0x10e	0
0x125	0x121	2
0x125	0x122	1
0x125	0x124	0
0x12b	0x128	2
0x12b	0x129	1
0x12b	0x12a	0
0x13b	0x136	2
0x13b	0x137	1
0x13b	0x13a	0
0x14f	0x14c	2
0x14f	0x14d	1
0x14f	0x14e	0
0x151	0x140	2
0x151	0x141	1
0x151	0x150	0
0x1a9	0x1a4	2
0x1a9	0x1a6	1
0x1a9	0x1a8	0
0x1b4	0x1ac	2
0x1b4	0x1ad	1
0x1b4	0x1ae	0
0x205	0x201	2
0x205	0x202	1
0x205	0x204	0
0x241	0x23d	2
0x241	0x23e	1
0x241	0x240	0
0x24f	0x24a	2
0x24f	0x24b	1
0x24f	0x24e	0
0x285	0x281	2
0x285	0x282	1
0x285	0x284	0
0x293	0x28e	2
0x293	0x28f	1
0x293	0x292	0
0x2c9	0x2c5	2
0x2c9	0x2c6	1
0x2c9	0x2c8	0
0x2d7	0x2d2	2
0x2d7	0x2d3	1
0x2d7	0x2d6	0
0x2d8	0x2ba	2
0x2d8	0x2c3	1
0x2d8	0x2ca	0
0x30d	0x309	2
0x30d	0x30a	1
0x30d	0x30c	0
0x31b	0x316	2
0x31b	0x317	1
0x31b	0x31a	0
0x31d	0x307	2
0x31d	0x30e	1
0x31d	0x31c	0
0x351	0x34b	2
0x351	0x34d	1
0x351	0x34e	0
0x35f	0x352	2
0x35f	0x35a	1
0x35f	0x35e	0
0x409	0x406	2
0x409	0x407	1
0x409	0x408	0
0x40b	0x3fb	2
0x40b	0x3fc	1
0x40b	0x40a	0
0x44f	0x43f	2
0x44f	0x440	1
0x44f	0x44e	0
0x525	0x516	2
0x525	0x517	1
0x525	0x518	0
0x687	0x682	2
0x687	0x683	1
0x687	0x686	0
0x6c9	0x6c5	2
0x6c9	0x6c6	1
0x6c9	0x6c8	0
0x771	0x764	2
0x771	0x76c	1
0x771	0x770	0
0x773	0x762	2
0x773	0x763	1
0x773	0x772	0
0x7be	0x7b9	2
0x7be	0x7ba	1
0x7be	0x7bd	0
0x82b	0x827	2
0x82b	0x829	1
0x82b	0x82a	0
0x83c	0x839	2
0x83c	0x83a	1
0x83c	0x83b	0
0x865	0x859	2
0x865	0x863	1
0x865	0x864	0
0x8c1	0x8bd	2
0x8c1	0x8bf	1
0x8c1	0x8c0	0
0x8dc	0x8d9	2
0x8dc	0x8da	1
0x8dc	0x8db	0
0x8df	0x8d2	2
0x8df	0x8d4	1
0x8df	0x8de	0
0x90d	0x908	2
0x90d	0x909	1
0x90d	0x90a	0
0x9ae	0x9ab	2
0x9ae	0x9ac	1
0x9ae	0x9ad	0
0xa12	0xa0f	2
0xa12	0xa10	1
0xa12	0xa11	0
0xa15	0xa08	2
0xa15	0xa0d	1
0xa15	0xa14	0
0xa45	0xa41	2
0xa45	0xa43	1
0xa45	0xa44	0
0xa49	0xa3f	2
0xa49	0xa47	1
0xa49	0xa48	0
0xb13	0xb10	2
0xb13	0xb11	1
0xb13	0xb12	0
0xb23	0xb15	2
0xb23	0xb16	1
0xb23	0xb22	0
0xb3f	0xb32	2
0xb3f	0xb3b	1
0xb3f	0xb3c	0
0xbd8	0xbd5	2
0xbd8	0xbd6	1
0xbd8	0xbd7	0
0xc06	0xc03	2
0xc06	0xc04	1
0xc06	0xc05	0
0xc22	0xc1f	2
0xc22	0xc20	1
0xc22	0xc21	0
0xc55	0xc00	2
0xc55	0xc01	1
0xc55	0xc54	0
0xc90	0xc86	2
0xc90	0xc87	1
0xc90	0xc8f	0
0xdc4	0xdc0	2
0xdc4	0xdc2	1
0xdc4	0xdc3	0
0xe07	0xe02	2
0xe07	0xe04	1
0xe07	0xe06	0
0xe59	0xe53	2
0xe59	0xe54	1
0xe59	0xe55	0
0xe7d	0xe76	2
0xe7d	0xe7b	1
0xe7d	0xe7c	0
0xe7e	0xe73	2
0xe7e	0xe74	1
0xe7e	0xe75	0
0xe86	0xe6f	2
0xe86	0xe80	1
0xe86	0xe85	0
0xf1d	0xf16	2
0xf1d	0xf18	1
0xf1d	0xf19	0
0xf37	0xf33	2
0xf37	0xf35	1
0xf37	0xf36	0
0xf47	0xf43	2
0xf47	0xf45	1
0xf47	0xf46	0
0xf69	0xf65	2
0xf69	0xf67	1
0xf69	0xf68	0
0xf79	0xf72	2
0xf79	0xf74	1
0xf79	0xf75	0
0xf93	0xf8f	2
0xf93	0xf91	1
0xf93	0xf92	0
0xfa3	0xf99	2
0xfa3	0xfa1	1
0xfa3	0xfa2	0
0xfb3	0xfab	2
0xfb3	0xfac	1
0xfb3	0xfad	0
0xfff	0xffa	2
0xfff	0xffb	1
0xfff	0xffe	0
0x1041	0x103d	2
0x1041	0x103e	1
0x1041	0x1040	0
0x1062	0x105f	2
0x1062	0x1060	1
0x1062	0x1061	0
0x10c3	0x10bd	2
0x10c3	0x10be	1
0x10c3	0x10bf	0
0x10e7	0x10e0	2
0x10e7	0x10e5	1
0x10e7	0x10e6	0
0x10e8	0x10dd	2
0x10e8	0x10de	1
0x10e8	0x10df	0
0x10f0	0x10d9	2
0x10f0	0x10ea	1
0x10f0	0x10ef	0
0x1185	0x1178	2
0x1185	0x1179	1
0x1185	0x1184	0
0x1187	0x1175	2
0x1187	0x1176	1
0x1187	0x1186	0
0x1196	0x1191	2
0x1196	0x1192	1
0x1196	0x1195	0
0x1237	0x1234	2
0x1237	0x1235	1
0x1237	0x1236	0
0x1247	0x1239	2
0x1247	0x123a	1
0x1247	0x1246	0
0x1263	0x1250	2
0x1263	0x1260	1
0x1263	0x1262	0
0x127e	0x1279	2
0x127e	0x127a	1
0x127e	0x127d	0
0x1311	0x130e	2
0x1311	0x130f	1
0x1311	0x1310	0
0x1321	0x130b	2
0x1321	0x130d	1
0x1321	0x1320	0
0x133d	0x1322	2
0x133d	0x132a	1
0x133d	0x133a	0
0x134e	0x134a	2
0x134e	0x134c	1
0x134e	0x134d	0
0x1380	0x1377	2
0x1380	0x137e	1
0x1380	0x137f	0
0x13af	0x13ab	2
0x13af	0x13ac	1
0x13af	0x13ae	0
0x13bc	0x13b7	2
0x13bc	0x13b8	1
0x13bc	0x13bb	0
0x13ca	0x13c5	2
0x13ca	0x13c6	1
0x13ca	0x13c9	0
0x13d2	0x13b6	2
0x13d2	0x13bd	1
0x13d2	0x13cb	0
0x13df	0x13d3	2
0x13df	0x13da	1
0x13df	0x13db	0
0x13e0	0x13a7	2
0x13e0	0x13b4	1
0x13e0	0x13b5	0
0x13e1	0x13a4	2
0x13e1	0x13a5	1
0x13e1	0x13a6	0
0x13f7	0x13f3	2
0x13f7	0x13f4	1
0x13f7	0x13f6	0
0x143d	0x1437	2
0x143d	0x1438	1
0x143d	0x1439	0
0x1461	0x145a	2
0x1461	0x145f	1
0x1461	0x1460	0
0x1462	0x1457	2
0x1462	0x1458	1
0x1462	0x1459	0
0x146a	0x1453	2
0x146a	0x1464	1
0x146a	0x1469	0
0x14da	0x14d7	2
0x14da	0x14d8	1
0x14da	0x14d9	0
0x1518	0x1515	2
0x1518	0x1516	1
0x1518	0x1517	0
0x1582	0x157b	2
0x1582	0x157c	1
0x1582	0x1581	0
0x15c3	0x15b6	2
0x15c3	0x15be	1
0x15c3	0x15c2	0
0x15cd	0x15c9	2
0x15cd	0x15cb	1
0x15cd	0x15cc	0
0x15da	0x15d6	2
0x15da	0x15d8	1
0x15da	0x15d9	0
0x161b	0x1615	2
0x161b	0x1616	1
0x161b	0x1617	0
0x1625	0x1621	2
0x1625	0x1623	1
0x1625	0x1624	0
0x163f	0x1638	2
0x163f	0x163d	1
0x163f	0x163e	0
0x165d	0x1657	2
0x165d	0x1658	1
0x165d	0x1659	0
0x1667	0x1663	2
0x1667	0x1665	1
0x1667	0x1666	0
0x1699	0x1693	2
0x1699	0x1694	1
0x1699	0x1695	0
0x16bd	0x16b6	2
0x16bd	0x16bb	1
0x16bd	0x16bc	0
0x16be	0x16b3	2
0x16be	0x16b4	1
0x16be	0x16b5	0
0x16c6	0x16af	2
0x16c6	0x16c0	1
0x16c6	0x16c5	0
0x1744	0x1741	2
0x1744	0x1742	1
0x1744	0x1743	0
0x1783	0x177d	2
0x1783	0x177e	1
0x1783	0x177f	0
0x178d	0x1789	2
0x178d	0x178b	1
0x178d	0x178c	0
0x17a7	0x17a0	2
0x17a7	0x17a5	1
0x17a7	0x17a6	0
0x17fd	0x17f6	2
0x17fd	0x17f7	1
0x17fd	0x17fc	0
0x1825	0x1821	2
0x1825	0x1823	1
0x1825	0x1824	0
0x1835	0x1831	2
0x1835	0x1833	1
0x1835	0x1834	0
0x194f	0x194c	2
0x194f	0x194d	1
0x194f	0x194e	0
0x1a34	0x1a30	2
0x1a34	0x1a32	1
0x1a34	0x1a33	0
0x1a67	0x1a62	2
0x1a67	0x1a64	1
0x1a67	0x1a66	0
0x1a85	0x1a80	2
0x1a85	0x1a82	1
0x1a85	0x1a84	0
0x1aa3	0x1a8b	2
0x1aa3	0x1a8c	1
0x1aa3	0x1aa2	0
0x1af3	0x1aed	2
0x1af3	0x1aee	1
0x1af3	0x1aef	0
0x1b31	0x1b29	2
0x1b31	0x1b2a	1
0x1b31	0x1b2b	0
0x1bfb	0x1bf8	2
0x1bfb	0x1bf9	1
0x1bfb	0x1bfa	0
0x1c75	0x1c6e	2
0x1c75	0x1c73	1
0x1c75	0x1c74	0
0x1c76	0x1c65	2
0x1c76	0x1c66	1
0x1c76	0x1c67	0
0x1c7e	0x1c63	2
0x1c7e	0x1c78	1
0x1c7e	0x1c7d	0
0x1da5	0x1da2	2
0x1da5	0x1da3	1
0x1da5	0x1da4	0
0x1de2	0x1dde	2
0x1de2	0x1de0	1
0x1de2	0x1de1	0
0x1e12	0x1e09	2
0x1e12	0x1e10	1
0x1e12	0x1e11	0
0x1e3f	0x1e3b	2
0x1e3f	0x1e3c	1
0x1e3f	0x1e3e	0
0x1e4c	0x1e47	2
0x1e4c	0x1e48	1
0x1e4c	0x1e4b	0
0x1e7b	0x1e76	2
0x1e7b	0x1e79	1
0x1e7b	0x1e7a	0
0x1e83	0x1e75	2
0x1e83	0x1e7c	1
0x1e83	0x1e82	0
0x1ee4	0x1eda	2
0x1ee4	0x1edb	1
0x1ee4	0x1edc	0
0x1ee5	0x1ed7	2
0x1ee5	0x1ed8	1
0x1ee5	0x1ed9	0
0x1fb6	0x1fb3	2
0x1fb6	0x1fb4	1
0x1fb6	0x1fb5	0
0x1fe4	0x1fe1	2
0x1fe4	0x1fe2	1
0x1fe4	0x1fe3	0
0x2002	0x1ffd	2
0x2002	0x1ffe	1
0x2002	0x1fff	0
0x2033	0x1ff8	2
0x2033	0x1ff9	1
0x2033	0x2032	0
0x207b	0x2075	2
0x207b	0x2076	1
0x207b	0x2077	0
0x209f	0x2098	2
0x209f	0x209d	1
0x209f	0x209e	0
0x20a0	0x2095	2
0x20a0	0x2096	1
0x20a0	0x2097	0
0x20a8	0x2091	2
0x20a8	0x20a2	1
0x20a8	0x20a7	0
0x2122	0x211f	2
0x2122	0x2120	1
0x2122	0x2121	0
0x2134	0x2131	2
0x2134	0x2132	1
0x2134	0x2133	0
0x214f	0x214a	2
0x214f	0x214b	1
0x214f	0x214c	0
0x218f	0x2188	2
0x218f	0x2189	1
0x218f	0x218a	0
0x2259	0x2256	2
0x2259	0x2257	1
0x2259	0x2258	0
0x2269	0x2265	2
0x2269	0x2266	1
0x2269	0x2268	0
0x2285	0x2281	2
0x2285	0x2282	1
0x2285	0x2284	0
0x22bf	0x22ba	2
0x22bf	0x22bb	1
0x22bf	0x22be	0
0x22c6	0x22b7	2
0x22c6	0x22c4	1
0x22c6	0x22c5	0
0x2355	0x234f	2
0x2355	0x2350	1
0x2355	0x2351	0
0x2379	0x2372	2
0x2379	0x2377	1
0x2379	0x2378	0
0x237a	0x236f	2
0x237a	0x2370	1
0x237a	0x2371	0
0x2382	0x236b	2
0x2382	0x237c	1
0x2382	0x2381	0
0x242d	0x242a	2
0x242d	0x242b	1
0x242d	0x242c	0
0x242f	0x2425	2
0x242f	0x2426	1
0x242f	0x242e	0
0x2445	0x2441	2
0x2445	0x2442	1
0x2445	0x2444	0
0x2489	0x2485	2
0x2489	0x2486	1
0x2489	0x2488	0
0x24bd	0x24b9	2
0x24bd	0x24ba	1
0x24bd	0x24bc	0
0x251c	0x2519	2
0x251c	0x251a	1
0x251c	0x251b	0
0x2550	0x254d	2
0x2550	0x254e	1
0x2550	0x254f	0
0x2554	0x2548	2
0x2554	0x2549	1
0x2554	0x2551	0
0x255c	0x2559	2
0x255c	0x255a	1
0x255c	0x255b	0
0x7c	0x78	2
0x7c	0x79	1
0x7c	0x7b	0
0x95	0x89	2
0x95	0x90	1
0x95	0x91	0
0xe9	0xe6	2
0xe9	0xe7	1
0xe9	0xe8	0
0x25e	0x259	2
0x25e	0x25a	1
0x25e	0x25d	0
0x266	0x260	2
0x266	0x262	1
0x266	0x265	0
0x26a	0x25f	2
0x26a	0x267	1
0x26a	0x269	0
0x274	0x270	2
0x274	0x271	1
0x274	0x273	0
0x2a2	0x29d	2
0x2a2	0x29e	1
0x2a2	0x2a1	0
0x2aa	0x2a4	2
0x2aa	0x2a6	1
0x2aa	0x2a9	0
0x2ae	0x2a3	2
0x2ae	0x2ab	1
0x2ae	0x2ad	0
0x2b8	0x2b4	2
0x2b8	0x2b5	1
0x2b8	0x2b7	0
0x2e6	0x2e1	2
0x2e6	0x2e2	1
0x2e6	0x2e5	0
0x2ee	0x2e8	2
0x2ee	0x2ea	1
0x2ee	0x2ed	0
0x2f2	0x2e7	2
0x2f2	0x2ef	1
0x2f2	0x2f1	0
0x2fc	0x2f8	2
0x2fc	0x2f9	1
0x2fc	0x2fb	0
0x32a	0x325	2
0x32a	0x326	1
0x32a	0x329	0
0x332	0x32c	2
0x332	0x32e	1
0x332	0x331	0
0x336	0x32b	2
0x336	0x333	1
0x336	0x335	0
0x340	0x33c	2
0x340	0x33d	1
0x340	0x33f	0
0x378	0x36e	2
0x378	0x36f	1
0x378	0x370	0
0x37a	0x36a	2
0x37a	0x36d	1
0x37a	0x379	0
0x384	0x37e	2
0x384	0x380	1
0x384	0x383	0
0x388	0x37d	2
0x388	0x385	1
0x388	0x387	0
0x392	0x38e	2
0x392	0x38f	1
0x392	0x391	0
0x3e4	0x3df	2
0x3e4	0x3e0	1
0x3e4	0x3e3	0
0x3ec	0x3e6	2
0x3ec	0x3e8	1
0x3ec	0x3eb	0
0x3f0	0x3e5	2
0x3f0	0x3ed	1
0x3f0	0x3ef	0
0x3fa	0x3f6	2
0x3fa	0x3f7	1
0x3fa	0x3f9	0
0x428	0x423	2
0x428	0x424	1
0x428	0x427	0
0x430	0x42a	2
0x430	0x42c	1
0x430	0x42f	0
0x434	0x429	2
0x434	0x431	1
0x434	0x433	0
0x43e	0x43a	2
0x43e	0x43b	1
0x43e	0x43d	0
0x44d	0x44a	2
0x44d	0x44b	1
0x44d	0x44c	0
0x46c	0x467	2
0x46c	0x468	1
0x46c	0x46b	0
0x474	0x46e	2
0x474	0x470	1
0x474	0x473	0
0x478	0x46d	2
0x478	0x475	1
0x478	0x477	0
0x482	0x47e	2
0x482	0x47f	1
0x482	0x481	0
0x4b0	0x4ab	2
0x4b0	0x4ac	1
0x4b0	0x4af	0
0x4b8	0x4b2	2
0x4b8	0x4b4	1
0x4b8	0x4b7	0
0x4bc	0x4b1	2
0x4bc	0x4b9	1
0x4bc	0x4bb	0
0x4c6	0x4c2	2
0x4c6	0x4c3	1
0x4c6	0x4c5	0
0x4f4	0x4ef	2
0x4f4	0x4f0	1
0x4f4	0x4f3	0
0x4fc	0x4f6	2
0x4fc	0x4f8	1
0x4fc	0x4fb	0
0x500	0x4f5	2
0x500	0x4fd	1
0x500	0x4ff	0
0x50a	0x506	2
0x50a	0x507	1
0x50a	0x509	0
0x524	0x521	2
0x524	0x522	1
0x524	0x523	0
0x548	0x543	2
0x548	0x544	1
0x548	0x545	0
0x54a	0x541	2
0x54a	0x542	1
0x54a	0x549	0
0x554	0x54e	2
0x554	0x550	1
0x554	0x553	0
0x558	0x54d	2
0x558	0x555	1
0x558	0x557	0
0x562	0x55e	2
0x562	0x55f	1
0x562	0x561	0
0x5a4	0x59f	2
0x5a4	0x5a0	1
0x5a4	0x5a3	0
0x5ac	0x5a6	2
0x5ac	0x5a8	1
0x5ac	0x5ab	0
0x5b0	0x5a5	2
0x5b0	0x5ad	1
0x5b0	0x5af	0
0x5ba	0x5b6	2
0x5ba	0x5b7	1
0x5ba	0x5b9	0
0x610	0x60c	2
0x610	0x60d	1
0x610	0x60f	0
0x61e	0x61b	2
0x61e	0x61c	1
0x61e	0x61d	0
0x622	0x61f	2
0x622	0x620	1
0x622	0x621	0
0x658	0x653	2
0x658	0x656	1
0x658	0x657	0
0x664	0x65f	2
0x664	0x662	1
0x664	0x663	0
0x6d8	0x6ca	2
0x6d8	0x6d2	1
0x6d8	0x6d7	0
0x6e6	0x6e1	2
0x6e6	0x6e2	1
0x6e6	0x6e5	0
0x6ee	0x6e8	2
0x6ee	0x6ea	1
0x6ee	0x6ed	0
0x6f2	0x6e7	2
0x6f2	0x6ef	1
0x6f2	0x6f1	0
0x6fc	0x6f8	2
0x6fc	0x6f9	1
0x6fc	0x6fb	0
0x71a	0x717	2
0x71a	0x718	1
0x71a	0x719	0
0x72e	0x72b	2
0x72e	0x72c	1
0x72e	0x72d	0
0x7ae	0x7ab	2
0x7ae	0x7ac	1
0x7ae	0x7ad	0
0x7b6	0x7b1	2
0x7b6	0x7b3	1
0x7b6	0x7b5	0
0x824	0x81f	2
0x824	0x822	1
0x824	0x823	0
0x82e	0x81e	2
0x82e	0x82c	1
0x82e	0x82d	0
0x830	0x81b	2
0x830	0x81c	1
0x830	0x82f	0
0x832	0x819	2
0x832	0x81a	1
0x832	0x831	0
0x834	0x815	2
0x834	0x818	1
0x834	0x833	0
0x838	0x814	2
0x838	0x836	1
0x838	0x837	0
0x850	0x84c	2
0x850	0x84d	1
0x850	0x84f	0
0x852	0x84a	2
0x852	0x84b	1
0x852	0x851	0
0x854	0x847	2
0x854	0x848	1
0x854	0x853	0
0x858	0x855	2
0x858	0x856	1
0x858	0x857	0
0x85e	0x85a	2
0x85e	0x85b	1
0x85e	0x85d	0
0x862	0x85f	2
0x862	0x860	1
0x862	0x861	0
0x8a6	0x8a1	2
0x8a6	0x8a2	1
0x8a6	0x8a5	0
0x8f5	0x8e8	2
0x8f5	0x8f3	1
0x8f5	0x8f4	0
0x912	0x90f	2
0x912	0x910	1
0x912	0x911	0
0x91d	0x907	2
0x91d	0x91b	1
0x91d	0x91c	0
0x99a	0x997	2
0x99a	0x998	1
0x99a	0x999	0
0x9a4	0x9a1	2
0x9a4	0x9a2	1
0x9a4	0x9a3	0
0xa37	0xa34	2
0xa37	0xa35	1
0xa37	0xa36	0
0xaf0	0xaec	2
0xaf0	0xaed	1
0xaf0	0xaef	0
0xb20	0xb1b	2
0xb20	0xb1d	1
0xb20	0xb1f	0
0xb64	0xb5f	2
0xb64	0xb60	1
0xb64	0xb61	0
0xb66	0xb5d	2
0xb66	0xb5e	1
0xb66	0xb65	0
0xb6a	0xb59	2
0xb6a	0xb68	1
0xb6a	0xb69	0
0xb7e	0xb74	2
0xb7e	0xb75	1
0xb7e	0xb76	0
0xbce	0xbcb	2
0xbce	0xbcc	1
0xbce	0xbcd	0
0xc10	0xc0b	2
0xc10	0xc0c	1
0xc10	0xc0d	0
0xc12	0xc09	2
0xc12	0xc0a	1
0xc12	0xc11	0
0xc14	0xc07	2
0xc14	0xc08	1
0xc14	0xc13	0
0xc47	0xc3c	2
0xc47	0xc44	1
0xc47	0xc46	0
0xc48	0xc24	2
0xc48	0xc2c	1
0xc48	0xc34	0
0xc4a	0xc1e	2
0xc4a	0xc23	1
0xc4a	0xc49	0
0xc4e	0xc1d	2
0xc4e	0xc4c	1
0xc4e	0xc4d	0
0xc50	0xc19	2
0xc50	0xc1b	1
0xc50	0xc4f	0
0xc52	0xc17	2
0xc52	0xc18	1
0xc52	0xc51	0
0xc56	0xbfc	2
0xc56	0xbfe	1
0xc56	0xbff	0
0xc72	0xc6f	2
0xc72	0xc70	1
0xc72	0xc71	0
0xc8e	0xc8a	2
0xc8e	0xc8c	1
0xc8e	0xc8d	0
0xcc7	0xcbb	2
0xcc7	0xcbf	1
0xcc7	0xcc0	0
0xcd6	0xcd3	2
0xcd6	0xcd4	1
0xcd6	0xcd5	0
0xcdc	0xcd8	2
0xcdc	0xcd9	1
0xcdc	0xcdb	0
0xd32	0xd2e	2
0xd32	0xd30	1
0xd32	0xd31	0
0xd44	0xd3a	2
0xd44	0xd3b	1
0xd44	0xd3c	0
0xd9c	0xd97	2
0xd9c	0xd98	1
0xd9c	0xd99	0
0xda2	0xd9d	2
0xda2	0xda0	1
0xda2	0xda1	0
0xdef	0xdd6	2
0xdef	0xdde	1
0xdef	0xdee	0
0xe08	0xdfd	2
0xe08	0xdfe	1
0xe08	0xdff	0
0xea2	0xe99	2
0xea2	0xe9d	1
0xea2	0xea1	0
0xf03	0xefc	2
0xf03	0xefe	1
0xf03	0xeff	0
0xf1e	0xf13	2
0xf1e	0xf14	1
0xf1e	0xf15	0
0xf38	0xf28	2
0xf38	0xf29	1
0xf38	0xf2d	0
0xfec	0xfe7	2
0xfec	0xfe8	1
0xfec	0xfe9	0
0xff2	0xfed	2
0xff2	0xff0	1
0xff2	0xff1	0
0x107e	0x1079	2
0x107e	0x107c	1
0x107e	0x107d	0
0x1090	0x108d	2
0x1090	0x108e	1
0x1090	0x108f	0
0x1092	0x108b	2
0x1092	0x108c	1
0x1092	0x1091	0
0x110c	0x1103	2
0x110c	0x1107	1
0x110c	0x110b	0
0x1142	0x113f	2
0x1142	0x1140	1
0x1142	0x1141	0
0x1183	0x117f	2
0x1183	0x1181	1
0x1183	0x1182	0
0x11e6	0x11e3	2
0x11e6	0x11e4	1
0x11e6	0x11e5	0
0x11ea	0x11e1	2
0x11ea	0x11e8	1
0x11ea	0x11e9	0
0x11fe	0x11f9	2
0x11fe	0x11fa	1
0x11fe	0x11fb	0
0x1200	0x11f7	2
0x1200	0x11f8	1
0x1200	0x11ff	0
0x1204	0x11f4	2
0x1204	0x1202	1
0x1204	0x1203	0
0x121c	0x1218	2
0x121c	0x1219	1
0x121c	0x121b	0
0x1222	0x121f	2
0x1222	0x1220	1
0x1222	0x1221	0
0x1224	0x121d	2
0x1224	0x121e	1
0x1224	0x1223	0
0x1226	0x1216	2
0x1226	0x1217	1
0x1226	0x1225	0
0x1228	0x1213	2
0x1228	0x1214	1
0x1228	0x1227	0
0x122c	0x1229	2
0x122c	0x122a	1
0x122c	0x122b	0
0x1243	0x123f	2
0x1243	0x1241	1
0x1243	0x1242	0
0x125f	0x1255	2
0x125f	0x1256	1
0x125f	0x125e	0
0x12c4	0x12bf	2
0x12c4	0x12c2	1
0x12c4	0x12c3	0
0x12d8	0x12d3	2
0x12d8	0x12d4	1
0x12d8	0x12d5	0
0x12da	0x12d1	2
0x12da	0x12d2	1
0x12da	0x12d9	0
0x12de	0x12ce	2
0x12de	0x12dc	1
0x12de	0x12dd	0
0x12f6	0x12f2	2
0x12f6	0x12f3	1
0x12f6	0x12f5	0
0x12fc	0x12f9	2
0x12fc	0x12fa	1
0x12fc	0x12fb	0
0x12fe	0x12f7	2
0x12fe	0x12f8	1
0x12fe	0x12fd	0
0x1300	0x12f0	2
0x1300	0x12f1	1
0x1300	0x12ff	0
0x1302	0x12ed	2
0x1302	0x12ee	1
0x1302	0x1301	0
0x1306	0x1303	2
0x1306	0x1304	1
0x1306	0x1305	0
0x131d	0x1319	2
0x131d	0x131b	1
0x131d	0x131c	0
0x131e	0x1312	2
0x131e	0x1313	1
0x131e	0x1314	0
0x1339	0x132f	2
0x1339	0x1330	1
0x1339	0x1338	0
0x137d	0x1379	2
0x137d	0x137a	1
0x137d	0x137c	0
0x13b0	0x13a8	2
0x13b0	0x13a9	1
0x13b0	0x13aa	0
0x13e3	0x13a2	2
0x13e3	0x13a3	1
0x13e3	0x13e2	0
0x13f8	0x13ee	2
0x13f8	0x13ef	1
0x13f8	0x13f0	0
0x13f9	0x13e5	2
0x13f9	0x13e8	1
0x13f9	0x13ed	0
0x13fe	0x13fa	2
0x13fe	0x13fc	1
0x13fe	0x13fd	0
0x1404	0x1401	2
0x1404	0x1402	1
0x1404	0x1403	0
0x1486	0x147d	2
0x1486	0x1481	1
0x1486	0x1485	0
0x14d0	0x14cd	2
0x14d0	0x14ce	1
0x14d0	0x14cf	0
0x14f1	0x14e7	2
0x14f1	0x14ec	1
0x14f1	0x14ed	0
0x14f2	0x14e0	2
0x14f2	0x14e4	1
0x14f2	0x14e6	0
0x1580	0x157d	2
0x1580	0x157e	1
0x1580	0x157f	0
0x15b0	0x15ad	2
0x15b0	0x15ae	1
0x15b0	0x15af	0
0x1606	0x1603	2
0x1606	0x1604	1
0x1606	0x1605	0
0x162f	0x161f	2
0x162f	0x1626	1
0x162f	0x162e	0
0x1630	0x161c	2
0x1630	0x161d	1
0x1630	0x161e	0
0x16e2	0x16d9	2
0x16e2	0x16dd	1
0x16e2	0x16e1	0
0x16fa	0x16f2	2
0x16fa	0x16f8	1
0x16fa	0x16f9	0
0x16fc	0x16ee	2
0x16fc	0x16ef	1
0x16fc	0x16fb	0
0x1700	0x16fd	2
0x1700	0x16fe	1
0x1700	0x16ff	0
0x1702	0x16eb	2
0x1702	0x16ec	1
0x1702	0x1701	0
0x1704	0x16e3	2
0x1704	0x16ea	1
0x1704	0x1703	0
0x1708	0x16d7	2
0x1708	0x1705	1
0x1708	0x1707	0
0x170a	0x16d1	2
0x170a	0x16d5	1
0x170a	0x1709	0
0x170c	0x16ce	2
0x170c	0x16d0	1
0x170c	0x170b	0
0x1710	0x16c7	2
0x1710	0x170d	1
0x1710	0x170f	0
0x1712	0x16ab	2
0x1712	0x16ac	1
0x1712	0x1711	0
0x1714	0x16a9	2
0x1714	0x16aa	1
0x1714	0x1713	0
0x1734	0x1731	2
0x1734	0x1732	1
0x1734	0x1733	0
0x175e	0x1759	2
0x175e	0x175c	1
0x175e	0x175d	0
0x1797	0x1787	2
0x1797	0x178e	1
0x1797	0x1796	0
0x17cf	0x17c8	2
0x17cf	0x17c9	1
0x17cf	0x17ce	0
0x17d0	0x17c0	2
0x17d0	0x17c1	1
0x17d0	0x17c7	0
0x1862	0x185d	2
0x1862	0x185e	1
0x1862	0x185f	0
0x1868	0x1863	2
0x1868	0x1866	1
0x1868	0x1867	0
0x1934	0x1931	2
0x1934	0x1932	1
0x1934	0x1933	0
0x199e	0x1998	2
0x199e	0x199c	1
0x199e	0x199d	0
0x19a0	0x1995	2
0x19a0	0x1996	1
0x19a0	0x199f	0
0x19a2	0x1991	2
0x19a2	0x1992	1
0x19a2	0x19a1	0
0x19a6	0x198f	2
0x19a6	0x19a4	1
0x19a6	0x19a5	0
0x1a5f	0x1a46	2
0x1a5f	0x1a4e	1
0x1a5f	0x1a5e	0
0x1a60	0x1a35	2
0x1a60	0x1a36	1
0x1a60	0x1a3e	0
0x1a68	0x1a2e	2
0x1a68	0x1a2f	1
0x1a68	0x1a61	0
0x1a6c	0x1a69	2
0x1a6c	0x1a6a	1
0x1a6c	0x1a6b	0
0x1a7e	0x1a7a	2
0x1a7e	0x1a7c	1
0x1a7e	0x1a7d	0
0x1a86	0x1a78	2
0x1a86	0x1a79	1
0x1a86	0x1a7f	0
0x1a98	0x1a94	2
0x1a98	0x1a96	1
0x1a98	0x1a97	0
0x1a9c	0x1a93	2
0x1a9c	0x1a9a	1
0x1a9c	0x1a9b	0
0x1a9e	0x1a90	2
0x1a9e	0x1a91	1
0x1a9e	0x1a9d	0
0x1aa0	0x1a8d	2
0x1aa0	0x1a8e	1
0x1aa0	0x1a9f	0
0x1aa4	0x1a77	2
0x1aa4	0x1a89	1
0x1aa4	0x1a8a	0
0x1aa8	0x1aa5	2
0x1aa8	0x1aa6	1
0x1aa8	0x1aa7	0
0x1aac	0x1a73	2
0x1aac	0x1a74	1
0x1aac	0x1aab	0
0x1ab2	0x1aae	2
0x1ab2	0x1ab0	1
0x1ab2	0x1ab1	0
0x1abd	0x1aba	2
0x1abd	0x1abb	1
0x1abd	0x1abc	0
0x1abe	0x1ab4	2
0x1abe	0x1ab5	1
0x1abe	0x1ab6	0
0x1bd8	0x1bd4	2
0x1bd8	0x1bd5	1
0x1bd8	0x1bd7	0
0x1c4c	0x1c47	2
0x1c4c	0x1c48	1
0x1c4c	0x1c49	0
0x1c52	0x1c4e	2
0x1c52	0x1c50	1
0x1c52	0x1c51	0
0x1c5f	0x1c5c	2
0x1c5f	0x1c5d	1
0x1c5f	0x1c5e	0
0x1c60	0x1c56	2
0x1c60	0x1c57	1
0x1c60	0x1c58	0
0x1c9a	0x1c91	2
0x1c9a	0x1c95	1
0x1c9a	0x1c99	0
0x1d82	0x1d7e	2
0x1d82	0x1d7f	1
0x1d82	0x1d81	0
0x1e0f	0x1e0b	2
0x1e0f	0x1e0c	1
0x1e0f	0x1e0e	0
0x1e40	0x1e38	2
0x1e40	0x1e39	1
0x1e40	0x1e3a	0
0x1e84	0x1e64	2
0x1e84	0x1e68	1
0x1e84	0x1e70	0
0x1e8e	0x1e63	2
0x1e8e	0x1e85	1
0x1e8e	0x1e8d	0
0x1e94	0x1e91	2
0x1e94	0x1e92	1
0x1e94	0x1e93	0
0x1ec0	0x1ebb	2
0x1ec0	0x1ebc	1
0x1ec0	0x1ebd	0
0x1ec6	0x1ec1	2
0x1ec6	0x1ec4	1
0x1ec6	0x1ec5	0
0x1fee	0x1fe9	2
0x1fee	0x1fea	1
0x1fee	0x1feb	0
0x1ff0	0x1fe7	2
0x1ff0	0x1fe8	1
0x1ff0	0x1fef	0
0x1ff2	0x1fe5	2
0x1ff2	0x1fe6	1
0x1ff2	0x1ff1	0
0x202c	0x2014	2
0x202c	0x201c	1
0x202c	0x2024	0
0x202e	0x2003	2
0x202e	0x2004	1
0x202e	0x202d	0
0x2030	0x1ffb	2
0x2030	0x1ffc	1
0x2030	0x202f	0
0x2034	0x1ff5	2
0x2034	0x1ff6	1
0x2034	0x1ff7	0
0x20c4	0x20bb	2
0x20c4	0x20bf	1
0x20c4	0x20c3	0
0x210a	0x2105	2
0x210a	0x2106	1
0x210a	0x2109	0
0x210e	0x2103	2
0x210e	0x210c	1
0x210e	0x210d	0
0x217d	0x217a	2
0x217d	0x217b	1
0x217d	0x217c	0
0x2236	0x2232	2
0x2236	0x2233	1
0x2236	0x2235	0
0x22c2	0x22b8	2
0x22c2	0x22c0	1
0x22c2	0x22c1	0
0x22fd	0x22f1	2
0x22fd	0x22f5	1
0x22fd	0x22f6	0
0x230a	0x22fe	2
0x230a	0x2304	1
0x230a	0x2309	0
0x230e	0x22e9	2
0x230e	0x230b	1
0x230e	0x230d	0
0x2312	0x230f	2
0x2312	0x2310	1
0x2312	0x2311	0
0x2314	0x22e6	2
0x2314	0x22e8	1
0x2314	0x2313	0
0x2318	0x22dd	2
0x2318	0x2315	1
0x2318	0x2317	0
0x239e	0x2395	2
0x239e	0x2399	1
0x239e	0x239d	0
0x23e8	0x23db	2
0x23e8	0x23df	1
0x23e8	0x23e0	0
0x2406	0x2400	2
0x2406	0x2401	1
0x2406	0x2405	0
0x2410	0x2408	2
0x2410	0x240a	1
0x2410	0x240f	0
0x2462	0x2458	2
0x2462	0x2459	1
0x2462	0x2461	0
0x246c	0x2466	2
0x246c	0x2467	1
0x246c	0x246b	0
0x24ca	0x24c7	2
0x24ca	0x24c8	1
0x24ca	0x24c9	0
0x24d4	0x24ce	2
0x24d4	0x24cf	1
0x24d4	0x24d3	0
0x24fe	0x24f4	2
0x24fe	0x24f5	1
0x24fe	0x24fd	0
0x2508	0x2502	2
0x2508	0x2503	1
0x2508	0x2507	0
0x2532	0x252d	2
0x2532	0x2530	1
0x2532	0x2531	0
0x257c	0x2578	2
0x257c	0x2579	1
0x257c	0x257b	0
0x2585	0x257e	2
0x2585	0x2581	1
0x2585	0x2582	0
0x258a	0x257d	2
0x258a	0x2586	1
0x258a	0x2589	0
0x259f	0x259c	2
0x259f	0x259d	1
0x259f	0x259e	0
