0x0	0x0	0
0x40	0x40	0
0x1	0x1	0
0x3f	0x3f	0
0x60	0x60	0
0x4	0x4	0
0x2	0x2	0
0x3	0x3	0
0x5	0x5	0
0x6	0x6	0
0x7	0x7	0
0x8	0x8	0
0x9	0x9	0
0xa	0xa	0
0xb	0xb	0
0xc	0xc	0
0xd	0xd	0
0xe	0xe	0
0xf	0xf	0
0x10	0x10	0
0x11	0x11	0
0x12	0x12	0
0x19	0x19	0
0x21	0x21	0
0x22	0x22	0
0x29	0x29	0
0x2c	0x2c	0
0x2d	0x2d	0
0x2e	0x2e	0
0x2f	0x2f	0
0x30	0x30	0
0x31	0x31	0
0x32	0x32	0
0x33	0x33	0
0x34	0x34	0
0x35	0x35	0
0x36	0x36	0
0x37	0x37	0
0x38	0x38	0
0x3b	0x3b	0
0x3c	0x3c	0
0x3d	0x3d	0
0x3e	0x3e	0
0x41	0x41	0
0x42	0x42	0
0x43	0x43	0
0x44	0x44	0
0x45	0x45	0
0x46	0x46	0
0x4e	0x4e	0
0x4f	0x4f	0
0x50	0x50	0
0x51	0x51	0
0x54	0x54	0
0x55	0x55	0
0x56	0x56	0
0x57	0x57	0
0x58	0x58	0
0x59	0x59	0
0x5a	0x5a	0
0x5b	0x5b	0
0x5c	0x5c	0
0x5d	0x5d	0
0x61	0x61	0
0x62	0x62	0
0x63	0x63	0
0x64	0x64	0
0x65	0x65	0
0x66	0x66	0
0x67	0x67	0
0x68	0x68	0
0x69	0x69	0
0x6f	0x6f	0
0x70	0x70	0
0x71	0x71	0
0x72	0x72	0
0x73	0x73	0
0x78	0x78	0
0x79	0x79	0
0x7a	0x7a	0
0x7b	0x7b	0
0x7e	0x7e	0
0x83	0x83	0
0x84	0x84	0
0x85	0x85	0
0x86	0x86	0
0x87	0x87	0
0x88	0x88	0
0x89	0x89	0
0x90	0x90	0
0x91	0x91	0
0x96	0x96	0
0x99	0x99	0
0x9a	0x9a	0
0x9b	0x9b	0
0x9c	0x9c	0
0x9d	0x9d	0
0x9e	0x9e	0
0x9f	0x9f	0
0xa0	0xa0	0
0xa2	0xa2	0
0xa3	0xa3	0
0xa4	0xa4	0
0xa5	0xa5	0
0xa6	0xa6	0
0xa7	0xa7	0
0xa8	0xa8	0
0xac	0xac	0
0xad	0xad	0
0xae	0xae	0
0xaf	0xaf	0
0xb0	0xb0	0
0xb1	0xb1	0
0xb2	0xb2	0
0xb3	0xb3	0
0xb4	0xb4	0
0xb8	0xb8	0
0xb9	0xb9	0
0xba	0xba	0
0xbb	0xbb	0
0xbc	0xbc	0
0xbd	0xbd	0
0xc1	0xc1	0
0xc2	0xc2	0
0xca	0xca	0
0xcf	0xcf	0
0xd0	0xd0	0
0xd1	0xd1	0
0xd2	0xd2	0
0xd3	0xd3	0
0xda	0xda	0
0xdb	0xdb	0
0xdc	0xdc	0
0xdd	0xdd	0
0xde	0xde	0
0xdf	0xdf	0
0xe0	0xe0	0
0xe6	0xe6	0
0xe7	0xe7	0
0xe8	0xe8	0
0xea	0xea	0
0xf0	0xf0	0
0xf1	0xf1	0
0xf2	0xf2	0
0xf3	0xf3	0
0xf4	0xf4	0
0xf5	0xf5	0
0xf6	0xf6	0
0xff	0xff	0
0x100	0x100	0
0x107	0x107	0
0x108	0x108	0
0x109	0x109	0
0x10a	0x10a	0
0x10b	0x10b	0
0x10c	0x10c	0
0x10d	0x10d	0
0x10e	0x10e	0
0x110	0x110	0
0x111	0x111	0
0x112	0x112	0
0x113	0x113	0
0x114	0x114	0
0x115	0x115	0
0x116	0x116	0
0x117	0x117	0
0x118	0x118	0
0x119	0x119	0
0x11a	0x11a	0
0x11b	0x11b	0
0x11c	0x11c	0
0x11d	0x11d	0
0x11e	0x11e	0
0x11f	0x11f	0
0x120	0x120	0
0x121	0x121	0
0x122	0x122	0
0x123	0x123	0
0x124	0x124	0
0x126	0x126	0
0x127	0x127	0
0x128	0x128	0
0x129	0x129	0
0x12a	0x12a	0
0x12c	0x12c	0
0x12d	0x12d	0
0x132	0x132	0
0x133	0x133	0
0x134	0x134	0
0x135	0x135	0
0x136	0x136	0
0x137	0x137	0
0x138	0x138	0
0x139	0x139	0
0x13a	0x13a	0
0x13c	0x13c	0
0x13d	0x13d	0
0x13e	0x13e	0
0x13f	0x13f	0
0x140	0x140	0
0x141	0x141	0
0x147	0x147	0
0x14b	0x14b	0
0x14c	0x14c	0
0x14d	0x14d	0
0x14e	0x14e	0
0x150	0x150	0
0x152	0x152	0
0x153	0x153	0
0x154	0x154	0
0x155	0x155	0
0x156	0x156	0
0x159	0x159	0
0x15a	0x15a	0
0x15d	0x15d	0
0x160	0x160	0
0x161	0x161	0
0x162	0x162	0
0x163	0x163	0
0x164	0x164	0
0x168	0x168	0
0x169	0x169	0
0x16a	0x16a	0
0x16b	0x16b	0
0x16c	0x16c	0
0x16f	0x16f	0
0x170	0x170	0
0x176	0x176	0
0x177	0x177	0
0x178	0x178	0
0x179	0x179	0
0x17a	0x17a	0
0x17e	0x17e	0
0x17f	0x17f	0
0x180	0x180	0
0x181	0x181	0
0x182	0x182	0
0x187	0x187	0
0x188	0x188	0
0x18c	0x18c	0
0x18d	0x18d	0
0x18e	0x18e	0
0x18f	0x18f	0
0x190	0x190	0
0x196	0x196	0
0x197	0x197	0
0x198	0x198	0
0x19d	0x19d	0
0x1a1	0x1a1	0
0x1a2	0x1a2	0
0x1a3	0x1a3	0
0x1a4	0x1a4	0
0x1a5	0x1a5	0
0x1a6	0x1a6	0
0x1a7	0x1a7	0
0x1a8	0x1a8	0
0x1aa	0x1aa	0
0x1ab	0x1ab	0
0x1ac	0x1ac	0
0x1ad	0x1ad	0
0x1ae	0x1ae	0
0x1b5	0x1b5	0
0x1bd	0x1bd	0
0x1c3	0x1c3	0
0x1c4	0x1c4	0
0x1cc	0x1cc	0
0x1cd	0x1cd	0
0x1ce	0x1ce	0
0x1cf	0x1cf	0
0x1d0	0x1d0	0
0x1d1	0x1d1	0
0x1d2	0x1d2	0
0x1d3	0x1d3	0
0x1da	0x1da	0
0x1db	0x1db	0
0x1dc	0x1dc	0
0x1e4	0x1e4	0
0x1ec	0x1ec	0
0x1ed	0x1ed	0
0x1ee	0x1ee	0
0x1ef	0x1ef	0
0x1f3	0x1f3	0
0x1f4	0x1f4	0
0x1f5	0x1f5	0
0x1f9	0x1f9	0
0x1fd	0x1fd	0
0x1fe	0x1fe	0
0x1ff	0x1ff	0
0x200	0x200	0
0x201	0x201	0
0x202	0x202	0
0x203	0x203	0
0x204	0x204	0
0x206	0x206	0
0x20e	0x20e	0
0x216	0x216	0
0x219	0x219	0
0x21a	0x21a	0
0x21b	0x21b	0
0x21c	0x21c	0
0x21d	0x21d	0
0x220	0x220	0
0x221	0x221	0
0x222	0x222	0
0x223	0x223	0
0x224	0x224	0
0x225	0x225	0
0x226	0x226	0
0x227	0x227	0
0x228	0x228	0
0x229	0x229	0
0x22a	0x22a	0
0x22b	0x22b	0
0x22c	0x22c	0
0x231	0x231	0
0x235	0x235	0
0x239	0x239	0
0x23a	0x23a	0
0x23b	0x23b	0
0x23c	0x23c	0
0x23d	0x23d	0
0x23e	0x23e	0
0x23f	0x23f	0
0x240	0x240	0
0x242	0x242	0
0x24a	0x24a	0
0x24b	0x24b	0
0x24e	0x24e	0
0x250	0x250	0
0x251	0x251	0
0x254	0x254	0
0x255	0x255	0
0x259	0x259	0
0x25a	0x25a	0
0x25b	0x25b	0
0x25c	0x25c	0
0x25d	0x25d	0
0x25f	0x25f	0
0x260	0x260	0
0x261	0x261	0
0x262	0x262	0
0x263	0x263	0
0x264	0x264	0
0x265	0x265	0
0x267	0x267	0
0x268	0x268	0
0x269	0x269	0
0x26b	0x26b	0
0x26c	0x26c	0
0x26d	0x26d	0
0x26e	0x26e	0
0x26f	0x26f	0
0x270	0x270	0
0x271	0x271	0
0x272	0x272	0
0x273	0x273	0
0x275	0x275	0
0x276	0x276	0
0x27e	0x27e	0
0x27f	0x27f	0
0x280	0x280	0
0x281	0x281	0
0x282	0x282	0
0x283	0x283	0
0x284	0x284	0
0x286	0x286	0
0x28e	0x28e	0
0x28f	0x28f	0
0x292	0x292	0
0x294	0x294	0
0x295	0x295	0
0x29d	0x29d	0
0x29e	0x29e	0
0x29f	0x29f	0
0x2a0	0x2a0	0
0x2a1	0x2a1	0
0x2a3	0x2a3	0
0x2a4	0x2a4	0
0x2a5	0x2a5	0
0x2a6	0x2a6	0
0x2a7	0x2a7	0
0x2a8	0x2a8	0
0x2a9	0x2a9	0
0x2ab	0x2ab	0
0x2ac	0x2ac	0
0x2ad	0x2ad	0
0x2af	0x2af	0
0x2b0	0x2b0	0
0x2b1	0x2b1	0
0x2b2	0x2b2	0
0x2b3	0x2b3	0
0x2b4	0x2b4	0
0x2b5	0x2b5	0
0x2b6	0x2b6	0
0x2b7	0x2b7	0
0x2b9	0x2b9	0
0x2ba	0x2ba	0
0x2c2	0x2c2	0
0x2c3	0x2c3	0
0x2c4	0x2c4	0
0x2c5	0x2c5	0
0x2c6	0x2c6	0
0x2c7	0x2c7	0
0x2c8	0x2c8	0
0x2ca	0x2ca	0
0x2d2	0x2d2	0
0x2d3	0x2d3	0
0x2d6	0x2d6	0
0x2d9	0x2d9	0
0x2e1	0x2e1	0
0x2e2	0x2e2	0
0x2e3	0x2e3	0
0x2e4	0x2e4	0
0x2e5	0x2e5	0
0x2e7	0x2e7	0
0x2e8	0x2e8	0
0x2e9	0x2e9	0
0x2ea	0x2ea	0
0x2eb	0x2eb	0
0x2ec	0x2ec	0
0x2ed	0x2ed	0
0x2ef	0x2ef	0
0x2f0	0x2f0	0
0x2f1	0x2f1	0
0x2f3	0x2f3	0
0x2f4	0x2f4	0
0x2f5	0x2f5	0
0x2f6	0x2f6	0
0x2f7	0x2f7	0
0x2f8	0x2f8	0
0x2f9	0x2f9	0
0x2fa	0x2fa	0
0x2fb	0x2fb	0
0x2fd	0x2fd	0
0x2fe	0x2fe	0
0x306	0x306	0
0x307	0x307	0
0x308	0x308	0
0x309	0x309	0
0x30a	0x30a	0
0x30b	0x30b	0
0x30c	0x30c	0
0x30e	0x30e	0
0x316	0x316	0
0x317	0x317	0
0x31a	0x31a	0
0x31c	0x31c	0
0x31e	0x31e	0
0x31f	0x31f	0
0x320	0x320	0
0x321	0x321	0
0x325	0x325	0
0x326	0x326	0
0x327	0x327	0
0x328	0x328	0
0x329	0x329	0
0x32b	0x32b	0
0x32c	0x32c	0
0x32d	0x32d	0
0x32e	0x32e	0
0x32f	0x32f	0
0x330	0x330	0
0x331	0x331	0
0x333	0x333	0
0x334	0x334	0
0x335	0x335	0
0x337	0x337	0
0x338	0x338	0
0x339	0x339	0
0x33a	0x33a	0
0x33b	0x33b	0
0x33c	0x33c	0
0x33d	0x33d	0
0x33e	0x33e	0
0x33f	0x33f	0
0x341	0x341	0
0x342	0x342	0
0x34a	0x34a	0
0x34b	0x34b	0
0x34c	0x34c	0
0x34d	0x34d	0
0x34e	0x34e	0
0x352	0x352	0
0x35a	0x35a	0
0x35e	0x35e	0
0x360	0x360	0
0x367	0x367	0
0x368	0x368	0
0x369	0x369	0
0x36a	0x36a	0
0x36b	0x36b	0
0x36c	0x36c	0
0x36d	0x36d	0
0x36e	0x36e	0
0x36f	0x36f	0
0x370	0x370	0
0x379	0x379	0
0x37b	0x37b	0
0x37c	0x37c	0
0x37d	0x37d	0
0x37e	0x37e	0
0x37f	0x37f	0
0x380	0x380	0
0x381	0x381	0
0x382	0x382	0
0x383	0x383	0
0x385	0x385	0
0x386	0x386	0
0x387	0x387	0
0x389	0x389	0
0x38a	0x38a	0
0x38b	0x38b	0
0x38c	0x38c	0
0x38d	0x38d	0
0x38e	0x38e	0
0x38f	0x38f	0
0x390	0x390	0
0x391	0x391	0
0x393	0x393	0
0x394	0x394	0
0x39c	0x39c	0
0x39d	0x39d	0
0x39e	0x39e	0
0x39f	0x39f	0
0x3a0	0x3a0	0
0x3a6	0x3a6	0
0x3a7	0x3a7	0
0x3ab	0x3ab	0
0x3ac	0x3ac	0
0x3b4	0x3b4	0
0x3b5	0x3b5	0
0x3b6	0x3b6	0
0x3b7	0x3b7	0
0x3bb	0x3bb	0
0x3bf	0x3bf	0
0x3c0	0x3c0	0
0x3c1	0x3c1	0
0x3c2	0x3c2	0
0x3c3	0x3c3	0
0x3c4	0x3c4	0
0x3cb	0x3cb	0
0x3cf	0x3cf	0
0x3d0	0x3d0	0
0x3d1	0x3d1	0
0x3d4	0x3d4	0
0x3d5	0x3d5	0
0x3d8	0x3d8	0
0x3d9	0x3d9	0
0x3da	0x3da	0
0x3db	0x3db	0
0x3df	0x3df	0
0x3e0	0x3e0	0
0x3e1	0x3e1	0
0x3e2	0x3e2	0
0x3e3	0x3e3	0
0x3e5	0x3e5	0
0x3e6	0x3e6	0
0x3e7	0x3e7	0
0x3e8	0x3e8	0
0x3e9	0x3e9	0
0x3ea	0x3ea	0
0x3eb	0x3eb	0
0x3ed	0x3ed	0
0x3ee	0x3ee	0
0x3ef	0x3ef	0
0x3f1	0x3f1	0
0x3f2	0x3f2	0
0x3f3	0x3f3	0
0x3f4	0x3f4	0
0x3f5	0x3f5	0
0x3f6	0x3f6	0
0x3f7	0x3f7	0
0x3f8	0x3f8	0
0x3f9	0x3f9	0
0x3fb	0x3fb	0
0x3fc	0x3fc	0
0x404	0x404	0
0x405	0x405	0
0x406	0x406	0
0x407	0x407	0
0x408	0x408	0
0x40a	0x40a	0
0x40c	0x40c	0
0x414	0x414	0
0x415	0x415	0
0x418	0x418	0
0x419	0x419	0
0x41c	0x41c	0
0x41d	0x41d	0
0x41e	0x41e	0
0x41f	0x41f	0
0x423	0x423	0
0x424	0x424	0
0x425	0x425	0
0x426	0x426	0
0x427	0x427	0
0x429	0x429	0
0x42a	0x42a	0
0x42b	0x42b	0
0x42c	0x42c	0
0x42d	0x42d	0
0x42e	0x42e	0
0x42f	0x42f	0
0x431	0x431	0
0x432	0x432	0
0x433	0x433	0
0x435	0x435	0
0x436	0x436	0
0x437	0x437	0
0x438	0x438	0
0x439	0x439	0
0x43a	0x43a	0
0x43b	0x43b	0
0x43c	0x43c	0
0x43d	0x43d	0
0x43f	0x43f	0
0x440	0x440	0
0x448	0x448	0
0x449	0x449	0
0x44a	0x44a	0
0x44b	0x44b	0
0x44c	0x44c	0
0x44e	0x44e	0
0x450	0x450	0
0x458	0x458	0
0x459	0x459	0
0x45c	0x45c	0
0x45d	0x45d	0
0x460	0x460	0
0x461	0x461	0
0x462	0x462	0
0x463	0x463	0
0x467	0x467	0
0x468	0x468	0
0x469	0x469	0
0x46a	0x46a	0
0x46b	0x46b	0
0x46d	0x46d	0
0x46e	0x46e	0
0x46f	0x46f	0
0x470	0x470	0
0x471	0x471	0
0x472	0x472	0
0x473	0x473	0
0x475	0x475	0
0x476	0x476	0
0x477	0x477	0
0x479	0x479	0
0x47a	0x47a	0
0x47b	0x47b	0
0x47c	0x47c	0
0x47d	0x47d	0
0x47e	0x47e	0
0x47f	0x47f	0
0x480	0x480	0
0x481	0x481	0
0x483	0x483	0
0x484	0x484	0
0x48c	0x48c	0
0x48d	0x48d	0
0x48e	0x48e	0
0x48f	0x48f	0
0x490	0x490	0
0x491	0x491	0
0x495	0x495	0
0x49c	0x49c	0
0x49d	0x49d	0
0x4a0	0x4a0	0
0x4a1	0x4a1	0
0x4a4	0x4a4	0
0x4a5	0x4a5	0
0x4a6	0x4a6	0
0x4a7	0x4a7	0
0x4ab	0x4ab	0
0x4ac	0x4ac	0
0x4ad	0x4ad	0
0x4ae	0x4ae	0
0x4af	0x4af	0
0x4b1	0x4b1	0
0x4b2	0x4b2	0
0x4b3	0x4b3	0
0x4b4	0x4b4	0
0x4b5	0x4b5	0
0x4b6	0x4b6	0
0x4b7	0x4b7	0
0x4b9	0x4b9	0
0x4ba	0x4ba	0
0x4bb	0x4bb	0
0x4bd	0x4bd	0
0x4be	0x4be	0
0x4bf	0x4bf	0
0x4c0	0x4c0	0
0x4c1	0x4c1	0
0x4c2	0x4c2	0
0x4c3	0x4c3	0
0x4c4	0x4c4	0
0x4c5	0x4c5	0
0x4c7	0x4c7	0
0x4c8	0x4c8	0
0x4d0	0x4d0	0
0x4d1	0x4d1	0
0x4d2	0x4d2	0
0x4d3	0x4d3	0
0x4d4	0x4d4	0
0x4d5	0x4d5	0
0x4db	0x4db	0
0x4df	0x4df	0
0x4e0	0x4e0	0
0x4e1	0x4e1	0
0x4e4	0x4e4	0
0x4e5	0x4e5	0
0x4e8	0x4e8	0
0x4e9	0x4e9	0
0x4ea	0x4ea	0
0x4eb	0x4eb	0
0x4ef	0x4ef	0
0x4f0	0x4f0	0
0x4f1	0x4f1	0
0x4f2	0x4f2	0
0x4f3	0x4f3	0
0x4f5	0x4f5	0
0x4f6	0x4f6	0
0x4f7	0x4f7	0
0x4f8	0x4f8	0
0x4f9	0x4f9	0
0x4fa	0x4fa	0
0x4fb	0x4fb	0
0x4fd	0x4fd	0
0x4fe	0x4fe	0
0x4ff	0x4ff	0
0x501	0x501	0
0x502	0x502	0
0x503	0x503	0
0x504	0x504	0
0x505	0x505	0
0x506	0x506	0
0x507	0x507	0
0x508	0x508	0
0x509	0x509	0
0x50b	0x50b	0
0x50c	0x50c	0
0x514	0x514	0
0x515	0x515	0
0x516	0x516	0
0x517	0x517	0
0x518	0x518	0
0x519	0x519	0
0x521	0x521	0
0x522	0x522	0
0x523	0x523	0
0x526	0x526	0
0x527	0x527	0
0x528	0x528	0
0x529	0x529	0
0x52c	0x52c	0
0x52d	0x52d	0
0x52e	0x52e	0
0x52f	0x52f	0
0x533	0x533	0
0x534	0x534	0
0x535	0x535	0
0x536	0x536	0
0x537	0x537	0
0x538	0x538	0
0x539	0x539	0
0x53a	0x53a	0
0x53b	0x53b	0
0x53c	0x53c	0
0x53d	0x53d	0
0x53e	0x53e	0
0x541	0x541	0
0x542	0x542	0
0x543	0x543	0
0x544	0x544	0
0x545	0x545	0
0x549	0x549	0
0x54b	0x54b	0
0x54c	0x54c	0
0x54d	0x54d	0
0x54e	0x54e	0
0x54f	0x54f	0
0x550	0x550	0
0x551	0x551	0
0x552	0x552	0
0x553	0x553	0
0x555	0x555	0
0x556	0x556	0
0x557	0x557	0
0x559	0x559	0
0x55a	0x55a	0
0x55b	0x55b	0
0x55c	0x55c	0
0x55d	0x55d	0
0x55e	0x55e	0
0x55f	0x55f	0
0x560	0x560	0
0x561	0x561	0
0x563	0x563	0
0x564	0x564	0
0x56c	0x56c	0
0x574	0x574	0
0x575	0x575	0
0x576	0x576	0
0x577	0x577	0
0x57b	0x57b	0
0x57f	0x57f	0
0x580	0x580	0
0x581	0x581	0
0x582	0x582	0
0x583	0x583	0
0x584	0x584	0
0x589	0x589	0
0x590	0x590	0
0x591	0x591	0
0x594	0x594	0
0x595	0x595	0
0x598	0x598	0
0x599	0x599	0
0x59a	0x59a	0
0x59b	0x59b	0
0x59f	0x59f	0
0x5a0	0x5a0	0
0x5a1	0x5a1	0
0x5a2	0x5a2	0
0x5a3	0x5a3	0
0x5a5	0x5a5	0
0x5a6	0x5a6	0
0x5a7	0x5a7	0
0x5a8	0x5a8	0
0x5a9	0x5a9	0
0x5aa	0x5aa	0
0x5ab	0x5ab	0
0x5ad	0x5ad	0
0x5ae	0x5ae	0
0x5af	0x5af	0
0x5b1	0x5b1	0
0x5b2	0x5b2	0
0x5b3	0x5b3	0
0x5b4	0x5b4	0
0x5b5	0x5b5	0
0x5b6	0x5b6	0
0x5b7	0x5b7	0
0x5b8	0x5b8	0
0x5b9	0x5b9	0
0x5bb	0x5bb	0
0x5bc	0x5bc	0
0x5c4	0x5c4	0
0x5c5	0x5c5	0
0x5c6	0x5c6	0
0x5c7	0x5c7	0
0x5c8	0x5c8	0
0x5cf	0x5cf	0
0x5d3	0x5d3	0
0x5d4	0x5d4	0
0x5db	0x5db	0
0x5de	0x5de	0
0x5df	0x5df	0
0x5e3	0x5e3	0
0x5e4	0x5e4	0
0x5e5	0x5e5	0
0x5e6	0x5e6	0
0x5e7	0x5e7	0
0x5e8	0x5e8	0
0x5e9	0x5e9	0
0x5ea	0x5ea	0
0x5eb	0x5eb	0
0x5ec	0x5ec	0
0x5ed	0x5ed	0
0x5ee	0x5ee	0
0x5ef	0x5ef	0
0x5f0	0x5f0	0
0x5f1	0x5f1	0
0x5f2	0x5f2	0
0x5f3	0x5f3	0
0x5f4	0x5f4	0
0x5f5	0x5f5	0
0x5f6	0x5f6	0
0x5f7	0x5f7	0
0x5f8	0x5f8	0
0x600	0x600	0
0x601	0x601	0
0x602	0x602	0
0x60a	0x60a	0
0x60b	0x60b	0
0x60c	0x60c	0
0x60d	0x60d	0
0x60e	0x60e	0
0x60f	0x60f	0
0x611	0x611	0
0x612	0x612	0
0x613	0x613	0
0x614	0x614	0
0x615	0x615	0
0x616	0x616	0
0x617	0x617	0
0x618	0x618	0
0x619	0x619	0
0x61a	0x61a	0
0x61b	0x61b	0
0x61c	0x61c	0
0x61d	0x61d	0
0x61f	0x61f	0
0x620	0x620	0
0x621	0x621	0
0x623	0x623	0
0x624	0x624	0
0x62c	0x62c	0
0x62d	0x62d	0
0x62e	0x62e	0
0x62f	0x62f	0
0x630	0x630	0
0x631	0x631	0
0x635	0x635	0
0x63c	0x63c	0
0x644	0x644	0
0x647	0x647	0
0x648	0x648	0
0x649	0x649	0
0x64a	0x64a	0
0x64b	0x64b	0
0x64e	0x64e	0
0x64f	0x64f	0
0x650	0x650	0
0x651	0x651	0
0x652	0x652	0
0x653	0x653	0
0x654	0x654	0
0x655	0x655	0
0x656	0x656	0
0x657	0x657	0
0x659	0x659	0
0x65a	0x65a	0
0x65b	0x65b	0
0x65c	0x65c	0
0x65d	0x65d	0
0x65e	0x65e	0
0x65f	0x65f	0
0x660	0x660	0
0x661	0x661	0
0x662	0x662	0
0x663	0x663	0
0x665	0x665	0
0x666	0x666	0
0x667	0x667	0
0x668	0x668	0
0x669	0x669	0
0x66a	0x66a	0
0x66b	0x66b	0
0x66c	0x66c	0
0x66d	0x66d	0
0x66e	0x66e	0
0x66f	0x66f	0
0x670	0x670	0
0x671	0x671	0
0x676	0x676	0
0x677	0x677	0
0x67b	0x67b	0
0x67f	0x67f	0
0x680	0x680	0
0x681	0x681	0
0x682	0x682	0
0x683	0x683	0
0x684	0x684	0
0x685	0x685	0
0x686	0x686	0
0x688	0x688	0
0x690	0x690	0
0x698	0x698	0
0x69b	0x69b	0
0x69c	0x69c	0
0x69d	0x69d	0
0x69e	0x69e	0
0x69f	0x69f	0
0x6a2	0x6a2	0
0x6a3	0x6a3	0
0x6a4	0x6a4	0
0x6a5	0x6a5	0
0x6a6	0x6a6	0
0x6a7	0x6a7	0
0x6a8	0x6a8	0
0x6a9	0x6a9	0
0x6aa	0x6aa	0
0x6ab	0x6ab	0
0x6ac	0x6ac	0
0x6ad	0x6ad	0
0x6ae	0x6ae	0
0x6af	0x6af	0
0x6b0	0x6b0	0
0x6b1	0x6b1	0
0x6b2	0x6b2	0
0x6b3	0x6b3	0
0x6bb	0x6bb	0
0x6bc	0x6bc	0
0x6bd	0x6bd	0
0x6c1	0x6c1	0
0x6c2	0x6c2	0
0x6c3	0x6c3	0
0x6c4	0x6c4	0
0x6c5	0x6c5	0
0x6c6	0x6c6	0
0x6c7	0x6c7	0
0x6c8	0x6c8	0
0x6ca	0x6ca	0
0x6d2	0x6d2	0
0x6d3	0x6d3	0
0x6d6	0x6d6	0
0x6d7	0x6d7	0
0x6d9	0x6d9	0
0x6da	0x6da	0
0x6db	0x6db	0
0x6dc	0x6dc	0
0x6dd	0x6dd	0
0x6e1	0x6e1	0
0x6e2	0x6e2	0
0x6e3	0x6e3	0
0x6e4	0x6e4	0
0x6e5	0x6e5	0
0x6e7	0x6e7	0
0x6e8	0x6e8	0
0x6e9	0x6e9	0
0x6ea	0x6ea	0
0x6eb	0x6eb	0
0x6ec	0x6ec	0
0x6ed	0x6ed	0
0x6ef	0x6ef	0
0x6f0	0x6f0	0
0x6f1	0x6f1	0
0x6f3	0x6f3	0
0x6f4	0x6f4	0
0x6f5	0x6f5	0
0x6f6	0x6f6	0
0x6f7	0x6f7	0
0x6f8	0x6f8	0
0x6f9	0x6f9	0
0x6fa	0x6fa	0
0x6fb	0x6fb	0
0x6fd	0x6fd	0
0x6fe	0x6fe	0
0x706	0x706	0
0x707	0x707	0
0x708	0x708	0
0x709	0x709	0
0x70a	0x70a	0
0x70b	0x70b	0
0x70c	0x70c	0
0x70d	0x70d	0
0x70e	0x70e	0
0x70f	0x70f	0
0x710	0x710	0
0x711	0x711	0
0x712	0x712	0
0x713	0x713	0
0x714	0x714	0
0x715	0x715	0
0x716	0x716	0
0x717	0x717	0
0x718	0x718	0
0x719	0x719	0
0x71b	0x71b	0
0x71c	0x71c	0
0x71d	0x71d	0
0x71e	0x71e	0
0x71f	0x71f	0
0x720	0x720	0
0x721	0x721	0
0x722	0x722	0
0x728	0x728	0
0x729	0x729	0
0x72a	0x72a	0
0x72b	0x72b	0
0x72c	0x72c	0
0x72d	0x72d	0
0x72f	0x72f	0
0x736	0x736	0
0x737	0x737	0
0x738	0x738	0
0x739	0x739	0
0x73a	0x73a	0
0x742	0x742	0
0x743	0x743	0
0x744	0x744	0
0x74c	0x74c	0
0x74d	0x74d	0
0x74e	0x74e	0
0x74f	0x74f	0
0x750	0x750	0
0x751	0x751	0
0x752	0x752	0
0x753	0x753	0
0x754	0x754	0
0x755	0x755	0
0x756	0x756	0
0x757	0x757	0
0x758	0x758	0
0x75c	0x75c	0
0x75d	0x75d	0
0x75e	0x75e	0
0x75f	0x75f	0
0x760	0x760	0
0x761	0x761	0
0x762	0x762	0
0x763	0x763	0
0x764	0x764	0
0x76c	0x76c	0
0x770	0x770	0
0x772	0x772	0
0x774	0x774	0
0x775	0x775	0
0x776	0x776	0
0x777	0x777	0
0x77b	0x77b	0
0x77c	0x77c	0
0x77d	0x77d	0
0x77e	0x77e	0
0x77f	0x77f	0
0x780	0x780	0
0x781	0x781	0
0x782	0x782	0
0x783	0x783	0
0x784	0x784	0
0x785	0x785	0
0x786	0x786	0
0x787	0x787	0
0x788	0x788	0
0x78d	0x78d	0
0x78e	0x78e	0
0x78f	0x78f	0
0x790	0x790	0
0x791	0x791	0
0x792	0x792	0
0x793	0x793	0
0x794	0x794	0
0x79c	0x79c	0
0x79d	0x79d	0
0x79e	0x79e	0
0x79f	0x79f	0
0x7a0	0x7a0	0
0x7a1	0x7a1	0
0x7a2	0x7a2	0
0x7a3	0x7a3	0
0x7a4	0x7a4	0
0x7a5	0x7a5	0
0x7a6	0x7a6	0
0x7a7	0x7a7	0
0x7a8	0x7a8	0
0x7a9	0x7a9	0
0x7aa	0x7aa	0
0x7ab	0x7ab	0
0x7ac	0x7ac	0
0x7ad	0x7ad	0
0x7af	0x7af	0
0x7b0	0x7b0	0
0x7b1	0x7b1	0
0x7b2	0x7b2	0
0x7b3	0x7b3	0
0x7b4	0x7b4	0
0x7b5	0x7b5	0
0x7b7	0x7b7	0
0x7b8	0x7b8	0
0x7b9	0x7b9	0
0x7ba	0x7ba	0
0x7bb	0x7bb	0
0x7bc	0x7bc	0
0x7bd	0x7bd	0
0x7bf	0x7bf	0
0x7c7	0x7c7	0
0x7c8	0x7c8	0
0x7c9	0x7c9	0
0x7ca	0x7ca	0
0x7cb	0x7cb	0
0x7cc	0x7cc	0
0x7cd	0x7cd	0
0x7ce	0x7ce	0
0x7cf	0x7cf	0
0x7d0	0x7d0	0
0x7d1	0x7d1	0
0x7d2	0x7d2	0
0x7d3	0x7d3	0
0x7d4	0x7d4	0
0x7d5	0x7d5	0
0x7d6	0x7d6	0
0x7d7	0x7d7	0
0x7d8	0x7d8	0
0x7d9	0x7d9	0
0x7da	0x7da	0
0x7db	0x7db	0
0x7dc	0x7dc	0
0x7dd	0x7dd	0
0x7de	0x7de	0
0x7df	0x7df	0
0x7e0	0x7e0	0
0x7e1	0x7e1	0
0x7e2	0x7e2	0
0x7e3	0x7e3	0
0x7e4	0x7e4	0
0x7e5	0x7e5	0
0x7e6	0x7e6	0
0x7e7	0x7e7	0
0x7e8	0x7e8	0
0x7e9	0x7e9	0
0x7ea	0x7ea	0
0x7eb	0x7eb	0
0x7ec	0x7ec	0
0x7ed	0x7ed	0
0x7ee	0x7ee	0
0x7ef	0x7ef	0
0x7f0	0x7f0	0
0x7f1	0x7f1	0
0x7f2	0x7f2	0
0x7f3	0x7f3	0
0x7f4	0x7f4	0
0x7f5	0x7f5	0
0x7f6	0x7f6	0
0x7f7	0x7f7	0
0x7f8	0x7f8	0
0x7f9	0x7f9	0
0x7fa	0x7fa	0
0x7fb	0x7fb	0
0x7fc	0x7fc	0
0x7fd	0x7fd	0
0x7fe	0x7fe	0
0x7ff	0x7ff	0
0x800	0x800	0
0x801	0x801	0
0x802	0x802	0
0x803	0x803	0
0x804	0x804	0
0x805	0x805	0
0x806	0x806	0
0x807	0x807	0
0x808	0x808	0
0x809	0x809	0
0x80a	0x80a	0
0x80d	0x80d	0
0x80e	0x80e	0
0x80f	0x80f	0
0x810	0x810	0
0x811	0x811	0
0x814	0x814	0
0x815	0x815	0
0x816	0x816	0
0x817	0x817	0
0x818	0x818	0
0x819	0x819	0
0x81a	0x81a	0
0x81b	0x81b	0
0x81c	0x81c	0
0x81d	0x81d	0
0x81e	0x81e	0
0x81f	0x81f	0
0x820	0x820	0
0x821	0x821	0
0x822	0x822	0
0x823	0x823	0
0x825	0x825	0
0x826	0x826	0
0x827	0x827	0
0x828	0x828	0
0x829	0x829	0
0x82a	0x82a	0
0x82c	0x82c	0
0x82d	0x82d	0
0x82f	0x82f	0
0x831	0x831	0
0x833	0x833	0
0x835	0x835	0
0x836	0x836	0
0x837	0x837	0
0x839	0x839	0
0x83a	0x83a	0
0x83b	0x83b	0
0x83d	0x83d	0
0x841	0x841	0
0x845	0x845	0
0x846	0x846	0
0x847	0x847	0
0x848	0x848	0
0x849	0x849	0
0x84a	0x84a	0
0x84b	0x84b	0
0x84c	0x84c	0
0x84d	0x84d	0
0x84e	0x84e	0
0x84f	0x84f	0
0x851	0x851	0
0x853	0x853	0
0x855	0x855	0
0x856	0x856	0
0x857	0x857	0
0x859	0x859	0
0x85a	0x85a	0
0x85b	0x85b	0
0x85c	0x85c	0
0x85d	0x85d	0
0x85f	0x85f	0
0x860	0x860	0
0x861	0x861	0
0x863	0x863	0
0x864	0x864	0
0x866	0x866	0
0x867	0x867	0
0x868	0x868	0
0x869	0x869	0
0x86d	0x86d	0
0x86e	0x86e	0
0x86f	0x86f	0
0x870	0x870	0
0x871	0x871	0
0x872	0x872	0
0x873	0x873	0
0x878	0x878	0
0x879	0x879	0
0x87d	0x87d	0
0x87e	0x87e	0
0x883	0x883	0
0x884	0x884	0
0x88c	0x88c	0
0x88d	0x88d	0
0x88e	0x88e	0
0x88f	0x88f	0
0x892	0x892	0
0x89a	0x89a	0
0x89b	0x89b	0
0x89c	0x89c	0
0x89d	0x89d	0
0x89e	0x89e	0
0x89f	0x89f	0
0x8a0	0x8a0	0
0x8a1	0x8a1	0
0x8a2	0x8a2	0
0x8a3	0x8a3	0
0x8a4	0x8a4	0
0x8a5	0x8a5	0
0x8a7	0x8a7	0
0x8a8	0x8a8	0
0x8a9	0x8a9	0
0x8aa	0x8aa	0
0x8ab	0x8ab	0
0x8ac	0x8ac	0
0x8b4	0x8b4	0
0x8b5	0x8b5	0
0x8b6	0x8b6	0
0x8b7	0x8b7	0
0x8b8	0x8b8	0
0x8b9	0x8b9	0
0x8ba	0x8ba	0
0x8bb	0x8bb	0
0x8bc	0x8bc	0
0x8bd	0x8bd	0
0x8be	0x8be	0
0x8bf	0x8bf	0
0x8c0	0x8c0	0
0x8c2	0x8c2	0
0x8c9	0x8c9	0
0x8ca	0x8ca	0
0x8d2	0x8d2	0
0x8d3	0x8d3	0
0x8d4	0x8d4	0
0x8d5	0x8d5	0
0x8d6	0x8d6	0
0x8d7	0x8d7	0
0x8d8	0x8d8	0
0x8d9	0x8d9	0
0x8da	0x8da	0
0x8db	0x8db	0
0x8dd	0x8dd	0
0x8de	0x8de	0
0x8e0	0x8e0	0
0x8e1	0x8e1	0
0x8e2	0x8e2	0
0x8e3	0x8e3	0
0x8e4	0x8e4	0
0x8e5	0x8e5	0
0x8e6	0x8e6	0
0x8e7	0x8e7	0
0x8e8	0x8e8	0
0x8f0	0x8f0	0
0x8f3	0x8f3	0
0x8f4	0x8f4	0
0x8f6	0x8f6	0
0x8f7	0x8f7	0
0x8fd	0x8fd	0
0x8fe	0x8fe	0
0x8ff	0x8ff	0
0x900	0x900	0
0x901	0x901	0
0x902	0x902	0
0x903	0x903	0
0x904	0x904	0
0x905	0x905	0
0x906	0x906	0
0x907	0x907	0
0x908	0x908	0
0x909	0x909	0
0x90a	0x90a	0
0x90e	0x90e	0
0x90f	0x90f	0
0x910	0x910	0
0x911	0x911	0
0x913	0x913	0
0x91b	0x91b	0
0x91c	0x91c	0
0x91e	0x91e	0
0x91f	0x91f	0
0x925	0x925	0
0x926	0x926	0
0x927	0x927	0
0x928	0x928	0
0x929	0x929	0
0x92a	0x92a	0
0x92b	0x92b	0
0x92c	0x92c	0
0x934	0x934	0
0x935	0x935	0
0x936	0x936	0
0x937	0x937	0
0x938	0x938	0
0x939	0x939	0
0x93d	0x93d	0
0x93e	0x93e	0
0x93f	0x93f	0
0x943	0x943	0
0x944	0x944	0
0x945	0x945	0
0x946	0x946	0
0x947	0x947	0
0x948	0x948	0
0x94c	0x94c	0
0x94d	0x94d	0
0x951	0x951	0
0x952	0x952	0
0x956	0x956	0
0x957	0x957	0
0x958	0x958	0
0x959	0x959	0
0x95a	0x95a	0
0x962	0x962	0
0x963	0x963	0
0x964	0x964	0
0x965	0x965	0
0x966	0x966	0
0x967	0x967	0
0x96b	0x96b	0
0x96c	0x96c	0
0x96d	0x96d	0
0x971	0x971	0
0x972	0x972	0
0x973	0x973	0
0x977	0x977	0
0x978	0x978	0
0x979	0x979	0
0x97a	0x97a	0
0x97b	0x97b	0
0x97c	0x97c	0
0x97d	0x97d	0
0x97e	0x97e	0
0x985	0x985	0
0x986	0x986	0
0x987	0x987	0
0x98f	0x98f	0
0x992	0x992	0
0x993	0x993	0
0x994	0x994	0
0x995	0x995	0
0x996	0x996	0
0x997	0x997	0
0x998	0x998	0
0x999	0x999	0
0x99b	0x99b	0
0x99c	0x99c	0
0x99d	0x99d	0
0x99e	0x99e	0
0x99f	0x99f	0
0x9a0	0x9a0	0
0x9a1	0x9a1	0
0x9a2	0x9a2	0
0x9a3	0x9a3	0
0x9a5	0x9a5	0
0x9a6	0x9a6	0
0x9a7	0x9a7	0
0x9a8	0x9a8	0
0x9a9	0x9a9	0
0x9aa	0x9aa	0
0x9ab	0x9ab	0
0x9ac	0x9ac	0
0x9ad	0x9ad	0
0x9af	0x9af	0
0x9b0	0x9b0	0
0x9b1	0x9b1	0
0x9b2	0x9b2	0
0x9b3	0x9b3	0
0x9b4	0x9b4	0
0x9b5	0x9b5	0
0x9b8	0x9b8	0
0x9b9	0x9b9	0
0x9ba	0x9ba	0
0x9bb	0x9bb	0
0x9bc	0x9bc	0
0x9bd	0x9bd	0
0x9be	0x9be	0
0x9bf	0x9bf	0
0x9c2	0x9c2	0
0x9c3	0x9c3	0
0x9c7	0x9c7	0
0x9c8	0x9c8	0
0x9c9	0x9c9	0
0x9ca	0x9ca	0
0x9cb	0x9cb	0
0x9cc	0x9cc	0
0x9cd	0x9cd	0
0x9ce	0x9ce	0
0x9cf	0x9cf	0
0x9d0	0x9d0	0
0x9d1	0x9d1	0
0x9d2	0x9d2	0
0x9d3	0x9d3	0
0x9d4	0x9d4	0
0x9db	0x9db	0
0x9dc	0x9dc	0
0x9dd	0x9dd	0
0x9de	0x9de	0
0x9df	0x9df	0
0x9e3	0x9e3	0
0x9e4	0x9e4	0
0x9ec	0x9ec	0
0x9f4	0x9f4	0
0x9f5	0x9f5	0
0x9f6	0x9f6	0
0x9f7	0x9f7	0
0x9f8	0x9f8	0
0x9f9	0x9f9	0
0x9fa	0x9fa	0
0x9fb	0x9fb	0
0x9fc	0x9fc	0
0x9fd	0x9fd	0
0x9fe	0x9fe	0
0x9ff	0x9ff	0
0xa03	0xa03	0
0xa04	0xa04	0
0xa05	0xa05	0
0xa06	0xa06	0
0xa07	0xa07	0
0xa08	0xa08	0
0xa09	0xa09	0
0xa0a	0xa0a	0
0xa0b	0xa0b	0
0xa0c	0xa0c	0
0xa0d	0xa0d	0
0xa0e	0xa0e	0
0xa0f	0xa0f	0
0xa10	0xa10	0
0xa11	0xa11	0
0xa13	0xa13	0
0xa14	0xa14	0
0xa16	0xa16	0
0xa17	0xa17	0
0xa18	0xa18	0
0xa19	0xa19	0
0xa1a	0xa1a	0
0xa1b	0xa1b	0
0xa1c	0xa1c	0
0xa1d	0xa1d	0
0xa1e	0xa1e	0
0xa1f	0xa1f	0
0xa20	0xa20	0
0xa21	0xa21	0
0xa22	0xa22	0
0xa25	0xa25	0
0xa26	0xa26	0
0xa27	0xa27	0
0xa28	0xa28	0
0xa29	0xa29	0
0xa2c	0xa2c	0
0xa2d	0xa2d	0
0xa2e	0xa2e	0
0xa2f	0xa2f	0
0xa30	0xa30	0
0xa34	0xa34	0
0xa35	0xa35	0
0xa36	0xa36	0
0xa38	0xa38	0
0xa39	0xa39	0
0xa3a	0xa3a	0
0xa3b	0xa3b	0
0xa3c	0xa3c	0
0xa3d	0xa3d	0
0xa3e	0xa3e	0
0xa3f	0xa3f	0
0xa40	0xa40	0
0xa41	0xa41	0
0xa42	0xa42	0
0xa43	0xa43	0
0xa44	0xa44	0
0xa46	0xa46	0
0xa47	0xa47	0
0xa48	0xa48	0
0xa4a	0xa4a	0
0xa51	0xa51	0
0xa52	0xa52	0
0xa53	0xa53	0
0xa54	0xa54	0
0xa55	0xa55	0
0xa56	0xa56	0
0xa57	0xa57	0
0xa58	0xa58	0
0xa59	0xa59	0
0xa5a	0xa5a	0
0xa62	0xa62	0
0xa63	0xa63	0
0xa64	0xa64	0
0xa65	0xa65	0
0xa66	0xa66	0
0xa6d	0xa6d	0
0xa70	0xa70	0
0xa71	0xa71	0
0xa72	0xa72	0
0xa73	0xa73	0
0xa74	0xa74	0
0xa75	0xa75	0
0xa76	0xa76	0
0xa77	0xa77	0
0xa78	0xa78	0
0xa79	0xa79	0
0xa7a	0xa7a	0
0xa7b	0xa7b	0
0xa7c	0xa7c	0
0xa7d	0xa7d	0
0xa7e	0xa7e	0
0xa7f	0xa7f	0
0xa80	0xa80	0
0xa81	0xa81	0
0xa82	0xa82	0
0xa83	0xa83	0
0xa84	0xa84	0
0xa87	0xa87	0
0xa88	0xa88	0
0xa89	0xa89	0
0xa8a	0xa8a	0
0xa8b	0xa8b	0
0xa8e	0xa8e	0
0xa8f	0xa8f	0
0xa90	0xa90	0
0xa91	0xa91	0
0xa92	0xa92	0
0xa93	0xa93	0
0xa94	0xa94	0
0xa95	0xa95	0
0xa96	0xa96	0
0xa99	0xa99	0
0xa9a	0xa9a	0
0xa9b	0xa9b	0
0xa9c	0xa9c	0
0xa9d	0xa9d	0
0xaa0	0xaa0	0
0xaa1	0xaa1	0
0xaa2	0xaa2	0
0xaa3	0xaa3	0
0xaa4	0xaa4	0
0xaa5	0xaa5	0
0xaa6	0xaa6	0
0xaa7	0xaa7	0
0xaa8	0xaa8	0
0xaa9	0xaa9	0
0xaaa	0xaaa	0
0xaab	0xaab	0
0xaac	0xaac	0
0xaad	0xaad	0
0xaae	0xaae	0
0xaaf	0xaaf	0
0xab0	0xab0	0
0xab1	0xab1	0
0xab2	0xab2	0
0xab3	0xab3	0
0xab4	0xab4	0
0xab5	0xab5	0
0xab6	0xab6	0
0xab7	0xab7	0
0xab8	0xab8	0
0xab9	0xab9	0
0xaba	0xaba	0
0xabb	0xabb	0
0xabc	0xabc	0
0xabd	0xabd	0
0xabe	0xabe	0
0xabf	0xabf	0
0xac0	0xac0	0
0xac1	0xac1	0
0xac2	0xac2	0
0xac3	0xac3	0
0xac4	0xac4	0
0xac5	0xac5	0
0xac6	0xac6	0
0xac7	0xac7	0
0xac8	0xac8	0
0xac9	0xac9	0
0xaca	0xaca	0
0xacb	0xacb	0
0xacc	0xacc	0
0xacd	0xacd	0
0xace	0xace	0
0xacf	0xacf	0
0xad0	0xad0	0
0xad8	0xad8	0
0xad9	0xad9	0
0xada	0xada	0
0xadb	0xadb	0
0xadc	0xadc	0
0xae4	0xae4	0
0xae5	0xae5	0
0xae6	0xae6	0
0xae7	0xae7	0
0xae8	0xae8	0
0xae9	0xae9	0
0xaea	0xaea	0
0xaeb	0xaeb	0
0xaec	0xaec	0
0xaed	0xaed	0
0xaee	0xaee	0
0xaef	0xaef	0
0xaf1	0xaf1	0
0xaf2	0xaf2	0
0xaf3	0xaf3	0
0xaf4	0xaf4	0
0xaf5	0xaf5	0
0xaf6	0xaf6	0
0xaf7	0xaf7	0
0xaf8	0xaf8	0
0xaf9	0xaf9	0
0xafa	0xafa	0
0xafb	0xafb	0
0xafc	0xafc	0
0xafd	0xafd	0
0xafe	0xafe	0
0xaff	0xaff	0
0xb00	0xb00	0
0xb01	0xb01	0
0xb02	0xb02	0
0xb03	0xb03	0
0xb04	0xb04	0
0xb05	0xb05	0
0xb06	0xb06	0
0xb07	0xb07	0
0xb08	0xb08	0
0xb09	0xb09	0
0xb0a	0xb0a	0
0xb0b	0xb0b	0
0xb0c	0xb0c	0
0xb0d	0xb0d	0
0xb0e	0xb0e	0
0xb0f	0xb0f	0
0xb10	0xb10	0
0xb11	0xb11	0
0xb12	0xb12	0
0xb14	0xb14	0
0xb15	0xb15	0
0xb16	0xb16	0
0xb17	0xb17	0
0xb1b	0xb1b	0
0xb1c	0xb1c	0
0xb1d	0xb1d	0
0xb1e	0xb1e	0
0xb1f	0xb1f	0
0xb21	0xb21	0
0xb22	0xb22	0
0xb24	0xb24	0
0xb2c	0xb2c	0
0xb31	0xb31	0
0xb32	0xb32	0
0xb3a	0xb3a	0
0xb3b	0xb3b	0
0xb3c	0xb3c	0
0xb40	0xb40	0
0xb48	0xb48	0
0xb49	0xb49	0
0xb4a	0xb4a	0
0xb4b	0xb4b	0
0xb4c	0xb4c	0
0xb4d	0xb4d	0
0xb4e	0xb4e	0
0xb4f	0xb4f	0
0xb50	0xb50	0
0xb51	0xb51	0
0xb52	0xb52	0
0xb53	0xb53	0
0xb54	0xb54	0
0xb55	0xb55	0
0xb56	0xb56	0
0xb57	0xb57	0
0xb58	0xb58	0
0xb59	0xb59	0
0xb5a	0xb5a	0
0xb5d	0xb5d	0
0xb5e	0xb5e	0
0xb5f	0xb5f	0
0xb60	0xb60	0
0xb61	0xb61	0
0xb65	0xb65	0
0xb67	0xb67	0
0xb68	0xb68	0
0xb69	0xb69	0
0xb6b	0xb6b	0
0xb6c	0xb6c	0
0xb6d	0xb6d	0
0xb6e	0xb6e	0
0xb6f	0xb6f	0
0xb70	0xb70	0
0xb71	0xb71	0
0xb72	0xb72	0
0xb73	0xb73	0
0xb74	0xb74	0
0xb75	0xb75	0
0xb76	0xb76	0
0xb7f	0xb7f	0
0xb80	0xb80	0
0xb81	0xb81	0
0xb82	0xb82	0
0xb83	0xb83	0
0xb84	0xb84	0
0xb85	0xb85	0
0xb86	0xb86	0
0xb87	0xb87	0
0xb88	0xb88	0
0xb89	0xb89	0
0xb8a	0xb8a	0
0xb8b	0xb8b	0
0xb8c	0xb8c	0
0xb8d	0xb8d	0
0xb8e	0xb8e	0
0xb8f	0xb8f	0
0xb90	0xb90	0
0xb98	0xb98	0
0xb99	0xb99	0
0xb9a	0xb9a	0
0xb9b	0xb9b	0
0xb9c	0xb9c	0
0xb9d	0xb9d	0
0xb9e	0xb9e	0
0xb9f	0xb9f	0
0xba0	0xba0	0
0xba1	0xba1	0
0xba2	0xba2	0
0xba3	0xba3	0
0xba4	0xba4	0
0xbaa	0xbaa	0
0xbab	0xbab	0
0xbaf	0xbaf	0
0xbb0	0xbb0	0
0xbb1	0xbb1	0
0xbb2	0xbb2	0
0xbb3	0xbb3	0
0xbb4	0xbb4	0
0xbb5	0xbb5	0
0xbb6	0xbb6	0
0xbbe	0xbbe	0
0xbc6	0xbc6	0
0xbc7	0xbc7	0
0xbc8	0xbc8	0
0xbc9	0xbc9	0
0xbca	0xbca	0
0xbcb	0xbcb	0
0xbcc	0xbcc	0
0xbcd	0xbcd	0
0xbcf	0xbcf	0
0xbd0	0xbd0	0
0xbd1	0xbd1	0
0xbd2	0xbd2	0
0xbd3	0xbd3	0
0xbd4	0xbd4	0
0xbd5	0xbd5	0
0xbd6	0xbd6	0
0xbd7	0xbd7	0
0xbd9	0xbd9	0
0xbda	0xbda	0
0xbdb	0xbdb	0
0xbdc	0xbdc	0
0xbdd	0xbdd	0
0xbde	0xbde	0
0xbdf	0xbdf	0
0xbe2	0xbe2	0
0xbe3	0xbe3	0
0xbe4	0xbe4	0
0xbe5	0xbe5	0
0xbe6	0xbe6	0
0xbe7	0xbe7	0
0xbe8	0xbe8	0
0xbe9	0xbe9	0
0xbf0	0xbf0	0
0xbf1	0xbf1	0
0xbf2	0xbf2	0
0xbf3	0xbf3	0
0xbf4	0xbf4	0
0xbf5	0xbf5	0
0xbf6	0xbf6	0
0xbf7	0xbf7	0
0xbfb	0xbfb	0
0xbfc	0xbfc	0
0xbfd	0xbfd	0
0xbfe	0xbfe	0
0xbff	0xbff	0
0xc00	0xc00	0
0xc01	0xc01	0
0xc02	0xc02	0
0xc03	0xc03	0
0xc04	0xc04	0
0xc05	0xc05	0
0xc07	0xc07	0
0xc08	0xc08	0
0xc09	0xc09	0
0xc0a	0xc0a	0
0xc0b	0xc0b	0
0xc0c	0xc0c	0
0xc0d	0xc0d	0
0xc11	0xc11	0
0xc13	0xc13	0
0xc15	0xc15	0
0xc16	0xc16	0
0xc17	0xc17	0
0xc18	0xc18	0
0xc19	0xc19	0
0xc1a	0xc1a	0
0xc1b	0xc1b	0
0xc1c	0xc1c	0
0xc1d	0xc1d	0
0xc1e	0xc1e	0
0xc1f	0xc1f	0
0xc20	0xc20	0
0xc21	0xc21	0
0xc23	0xc23	0
0xc24	0xc24	0
0xc2c	0xc2c	0
0xc34	0xc34	0
0xc3c	0xc3c	0
0xc44	0xc44	0
0xc45	0xc45	0
0xc46	0xc46	0
0xc49	0xc49	0
0xc4b	0xc4b	0
0xc4c	0xc4c	0
0xc4d	0xc4d	0
0xc4f	0xc4f	0
0xc51	0xc51	0
0xc53	0xc53	0
0xc54	0xc54	0
0xc57	0xc57	0
0xc58	0xc58	0
0xc59	0xc59	0
0xc5a	0xc5a	0
0xc5b	0xc5b	0
0xc5c	0xc5c	0
0xc5d	0xc5d	0
0xc5e	0xc5e	0
0xc5f	0xc5f	0
0xc60	0xc60	0
0xc61	0xc61	0
0xc62	0xc62	0
0xc63	0xc63	0
0xc64	0xc64	0
0xc65	0xc65	0
0xc66	0xc66	0
0xc67	0xc67	0
0xc68	0xc68	0
0xc69	0xc69	0
0xc6a	0xc6a	0
0xc6b	0xc6b	0
0xc6c	0xc6c	0
0xc6d	0xc6d	0
0xc6e	0xc6e	0
0xc6f	0xc6f	0
0xc70	0xc70	0
0xc71	0xc71	0
0xc73	0xc73	0
0xc74	0xc74	0
0xc75	0xc75	0
0xc76	0xc76	0
0xc77	0xc77	0
0xc78	0xc78	0
0xc79	0xc79	0
0xc7a	0xc7a	0
0xc7b	0xc7b	0
0xc7c	0xc7c	0
0xc7d	0xc7d	0
0xc7e	0xc7e	0
0xc7f	0xc7f	0
0xc80	0xc80	0
0xc83	0xc83	0
0xc84	0xc84	0
0xc85	0xc85	0
0xc86	0xc86	0
0xc87	0xc87	0
0xc8a	0xc8a	0
0xc8b	0xc8b	0
0xc8c	0xc8c	0
0xc8d	0xc8d	0
0xc8f	0xc8f	0
0xc91	0xc91	0
0xc99	0xc99	0
0xc9a	0xc9a	0
0xca1	0xca1	0
0xca2	0xca2	0
0xca7	0xca7	0
0xcab	0xcab	0
0xcb0	0xcb0	0
0xcb1	0xcb1	0
0xcb2	0xcb2	0
0xcb3	0xcb3	0
0xcba	0xcba	0
0xcbb	0xcbb	0
0xcbf	0xcbf	0
0xcc0	0xcc0	0
0xcc8	0xcc8	0
0xcce	0xcce	0
0xcd3	0xcd3	0
0xcd4	0xcd4	0
0xcd5	0xcd5	0
0xcd7	0xcd7	0
0xcd8	0xcd8	0
0xcd9	0xcd9	0
0xcda	0xcda	0
0xcdb	0xcdb	0
0xcdd	0xcdd	0
0xcde	0xcde	0
0xce1	0xce1	0
0xce5	0xce5	0
0xce6	0xce6	0
0xce7	0xce7	0
0xce8	0xce8	0
0xce9	0xce9	0
0xcea	0xcea	0
0xceb	0xceb	0
0xcec	0xcec	0
0xced	0xced	0
0xcee	0xcee	0
0xcf6	0xcf6	0
0xcf7	0xcf7	0
0xcf8	0xcf8	0
0xcf9	0xcf9	0
0xcfa	0xcfa	0
0xcfb	0xcfb	0
0xcfe	0xcfe	0
0xcff	0xcff	0
0xd00	0xd00	0
0xd01	0xd01	0
0xd05	0xd05	0
0xd06	0xd06	0
0xd07	0xd07	0
0xd08	0xd08	0
0xd09	0xd09	0
0xd0a	0xd0a	0
0xd0b	0xd0b	0
0xd0c	0xd0c	0
0xd0d	0xd0d	0
0xd0e	0xd0e	0
0xd0f	0xd0f	0
0xd10	0xd10	0
0xd11	0xd11	0
0xd12	0xd12	0
0xd13	0xd13	0
0xd14	0xd14	0
0xd18	0xd18	0
0xd19	0xd19	0
0xd1a	0xd1a	0
0xd1b	0xd1b	0
0xd1c	0xd1c	0
0xd1d	0xd1d	0
0xd1e	0xd1e	0
0xd1f	0xd1f	0
0xd20	0xd20	0
0xd21	0xd21	0
0xd22	0xd22	0
0xd23	0xd23	0
0xd24	0xd24	0
0xd27	0xd27	0
0xd28	0xd28	0
0xd29	0xd29	0
0xd2a	0xd2a	0
0xd2b	0xd2b	0
0xd2e	0xd2e	0
0xd2f	0xd2f	0
0xd30	0xd30	0
0xd31	0xd31	0
0xd33	0xd33	0
0xd34	0xd34	0
0xd35	0xd35	0
0xd36	0xd36	0
0xd37	0xd37	0
0xd38	0xd38	0
0xd39	0xd39	0
0xd3a	0xd3a	0
0xd3b	0xd3b	0
0xd3c	0xd3c	0
0xd45	0xd45	0
0xd46	0xd46	0
0xd47	0xd47	0
0xd48	0xd48	0
0xd49	0xd49	0
0xd4a	0xd4a	0
0xd4b	0xd4b	0
0xd4c	0xd4c	0
0xd4d	0xd4d	0
0xd4e	0xd4e	0
0xd4f	0xd4f	0
0xd50	0xd50	0
0xd51	0xd51	0
0xd52	0xd52	0
0xd53	0xd53	0
0xd54	0xd54	0
0xd55	0xd55	0
0xd56	0xd56	0
0xd5e	0xd5e	0
0xd5f	0xd5f	0
0xd60	0xd60	0
0xd61	0xd61	0
0xd62	0xd62	0
0xd63	0xd63	0
0xd64	0xd64	0
0xd65	0xd65	0
0xd66	0xd66	0
0xd67	0xd67	0
0xd68	0xd68	0
0xd69	0xd69	0
0xd6a	0xd6a	0
0xd6e	0xd6e	0
0xd76	0xd76	0
0xd77	0xd77	0
0xd78	0xd78	0
0xd79	0xd79	0
0xd7a	0xd7a	0
0xd7b	0xd7b	0
0xd7c	0xd7c	0
0xd7d	0xd7d	0
0xd7e	0xd7e	0
0xd7f	0xd7f	0
0xd80	0xd80	0
0xd81	0xd81	0
0xd82	0xd82	0
0xd83	0xd83	0
0xd87	0xd87	0
0xd88	0xd88	0
0xd89	0xd89	0
0xd8a	0xd8a	0
0xd8b	0xd8b	0
0xd8c	0xd8c	0
0xd8d	0xd8d	0
0xd8e	0xd8e	0
0xd8f	0xd8f	0
0xd90	0xd90	0
0xd91	0xd91	0
0xd92	0xd92	0
0xd95	0xd95	0
0xd96	0xd96	0
0xd97	0xd97	0
0xd98	0xd98	0
0xd99	0xd99	0
0xd9d	0xd9d	0
0xd9e	0xd9e	0
0xd9f	0xd9f	0
0xda0	0xda0	0
0xda1	0xda1	0
0xda3	0xda3	0
0xda4	0xda4	0
0xda5	0xda5	0
0xda6	0xda6	0
0xda7	0xda7	0
0xda8	0xda8	0
0xda9	0xda9	0
0xdaa	0xdaa	0
0xdab	0xdab	0
0xdac	0xdac	0
0xdb2	0xdb2	0
0xdb3	0xdb3	0
0xdb4	0xdb4	0
0xdb5	0xdb5	0
0xdb6	0xdb6	0
0xdb7	0xdb7	0
0xdb8	0xdb8	0
0xdc0	0xdc0	0
0xdc1	0xdc1	0
0xdc2	0xdc2	0
0xdc3	0xdc3	0
0xdc5	0xdc5	0
0xdc6	0xdc6	0
0xdce	0xdce	0
0xdd6	0xdd6	0
0xdde	0xdde	0
0xde6	0xde6	0
0xdee	0xdee	0
0xdf0	0xdf0	0
0xdf1	0xdf1	0
0xdf2	0xdf2	0
0xdf3	0xdf3	0
0xdf4	0xdf4	0
0xdf5	0xdf5	0
0xdf6	0xdf6	0
0xdf7	0xdf7	0
0xdf8	0xdf8	0
0xdfb	0xdfb	0
0xdfc	0xdfc	0
0xdfd	0xdfd	0
0xdfe	0xdfe	0
0xdff	0xdff	0
0xe02	0xe02	0
0xe03	0xe03	0
0xe04	0xe04	0
0xe05	0xe05	0
0xe06	0xe06	0
0xe09	0xe09	0
0xe0a	0xe0a	0
0xe0b	0xe0b	0
0xe0c	0xe0c	0
0xe0d	0xe0d	0
0xe11	0xe11	0
0xe12	0xe12	0
0xe13	0xe13	0
0xe14	0xe14	0
0xe15	0xe15	0
0xe19	0xe19	0
0xe1a	0xe1a	0
0xe1b	0xe1b	0
0xe23	0xe23	0
0xe26	0xe26	0
0xe27	0xe27	0
0xe28	0xe28	0
0xe29	0xe29	0
0xe2a	0xe2a	0
0xe2b	0xe2b	0
0xe2c	0xe2c	0
0xe2d	0xe2d	0
0xe2e	0xe2e	0
0xe2f	0xe2f	0
0xe30	0xe30	0
0xe31	0xe31	0
0xe32	0xe32	0
0xe33	0xe33	0
0xe37	0xe37	0
0xe38	0xe38	0
0xe40	0xe40	0
0xe41	0xe41	0
0xe42	0xe42	0
0xe43	0xe43	0
0xe47	0xe47	0
0xe48	0xe48	0
0xe49	0xe49	0
0xe4a	0xe4a	0
0xe4b	0xe4b	0
0xe4c	0xe4c	0
0xe4d	0xe4d	0
0xe51	0xe51	0
0xe52	0xe52	0
0xe53	0xe53	0
0xe54	0xe54	0
0xe55	0xe55	0
0xe5a	0xe5a	0
0xe61	0xe61	0
0xe62	0xe62	0
0xe63	0xe63	0
0xe64	0xe64	0
0xe65	0xe65	0
0xe66	0xe66	0
0xe67	0xe67	0
0xe68	0xe68	0
0xe69	0xe69	0
0xe6a	0xe6a	0
0xe6b	0xe6b	0
0xe6c	0xe6c	0
0xe6d	0xe6d	0
0xe6e	0xe6e	0
0xe6f	0xe6f	0
0xe73	0xe73	0
0xe74	0xe74	0
0xe75	0xe75	0
0xe76	0xe76	0
0xe77	0xe77	0
0xe7b	0xe7b	0
0xe7c	0xe7c	0
0xe7f	0xe7f	0
0xe80	0xe80	0
0xe81	0xe81	0
0xe85	0xe85	0
0xe87	0xe87	0
0xe88	0xe88	0
0xe8e	0xe8e	0
0xe8f	0xe8f	0
0xe90	0xe90	0
0xe91	0xe91	0
0xe95	0xe95	0
0xe96	0xe96	0
0xe97	0xe97	0
0xe98	0xe98	0
0xe99	0xe99	0
0xe9d	0xe9d	0
0xe9e	0xe9e	0
0xea1	0xea1	0
0xea3	0xea3	0
0xeaa	0xeaa	0
0xeab	0xeab	0
0xeac	0xeac	0
0xead	0xead	0
0xeae	0xeae	0
0xeaf	0xeaf	0
0xeb0	0xeb0	0
0xeb1	0xeb1	0
0xeb2	0xeb2	0
0xeb3	0xeb3	0
0xeb7	0xeb7	0
0xeb8	0xeb8	0
0xeb9	0xeb9	0
0xeba	0xeba	0
0xebb	0xebb	0
0xebc	0xebc	0
0xebd	0xebd	0
0xec1	0xec1	0
0xec5	0xec5	0
0xeca	0xeca	0
0xecb	0xecb	0
0xecc	0xecc	0
0xecd	0xecd	0
0xed2	0xed2	0
0xed3	0xed3	0
0xed4	0xed4	0
0xed5	0xed5	0
0xed6	0xed6	0
0xed7	0xed7	0
0xed8	0xed8	0
0xed9	0xed9	0
0xeda	0xeda	0
0xedb	0xedb	0
0xedc	0xedc	0
0xedd	0xedd	0
0xede	0xede	0
0xedf	0xedf	0
0xee3	0xee3	0
0xee4	0xee4	0
0xee5	0xee5	0
0xee9	0xee9	0
0xeee	0xeee	0
0xeef	0xeef	0
0xef0	0xef0	0
0xef1	0xef1	0
0xef6	0xef6	0
0xef7	0xef7	0
0xef8	0xef8	0
0xef9	0xef9	0
0xefa	0xefa	0
0xefb	0xefb	0
0xefc	0xefc	0
0xefd	0xefd	0
0xefe	0xefe	0
0xeff	0xeff	0
0xf04	0xf04	0
0xf07	0xf07	0
0xf0a	0xf0a	0
0xf0b	0xf0b	0
0xf0c	0xf0c	0
0xf0d	0xf0d	0
0xf0e	0xf0e	0
0xf0f	0xf0f	0
0xf13	0xf13	0
0xf14	0xf14	0
0xf15	0xf15	0
0xf16	0xf16	0
0xf17	0xf17	0
0xf18	0xf18	0
0xf19	0xf19	0
0xf1f	0xf1f	0
0xf20	0xf20	0
0xf21	0xf21	0
0xf22	0xf22	0
0xf23	0xf23	0
0xf26	0xf26	0
0xf27	0xf27	0
0xf28	0xf28	0
0xf29	0xf29	0
0xf2d	0xf2d	0
0xf2e	0xf2e	0
0xf2f	0xf2f	0
0xf30	0xf30	0
0xf31	0xf31	0
0xf32	0xf32	0
0xf33	0xf33	0
0xf34	0xf34	0
0xf35	0xf35	0
0xf36	0xf36	0
0xf39	0xf39	0
0xf41	0xf41	0
0xf42	0xf42	0
0xf43	0xf43	0
0xf44	0xf44	0
0xf45	0xf45	0
0xf46	0xf46	0
0xf48	0xf48	0
0xf4c	0xf4c	0
0xf4d	0xf4d	0
0xf4e	0xf4e	0
0xf4f	0xf4f	0
0xf50	0xf50	0
0xf51	0xf51	0
0xf52	0xf52	0
0xf57	0xf57	0
0xf5b	0xf5b	0
0xf5c	0xf5c	0
0xf5d	0xf5d	0
0xf63	0xf63	0
0xf64	0xf64	0
0xf65	0xf65	0
0xf66	0xf66	0
0xf67	0xf67	0
0xf68	0xf68	0
0xf6a	0xf6a	0
0xf71	0xf71	0
0xf72	0xf72	0
0xf73	0xf73	0
0xf74	0xf74	0
0xf75	0xf75	0
0xf7a	0xf7a	0
0xf7f	0xf7f	0
0xf82	0xf82	0
0xf83	0xf83	0
0xf84	0xf84	0
0xf85	0xf85	0
0xf89	0xf89	0
0xf8a	0xf8a	0
0xf8b	0xf8b	0
0xf8c	0xf8c	0
0xf8d	0xf8d	0
0xf8e	0xf8e	0
0xf8f	0xf8f	0
0xf90	0xf90	0
0xf91	0xf91	0
0xf92	0xf92	0
0xf94	0xf94	0
0xf99	0xf99	0
0xfa0	0xfa0	0
0xfa1	0xfa1	0
0xfa2	0xfa2	0
0xfa4	0xfa4	0
0xfaa	0xfaa	0
0xfab	0xfab	0
0xfac	0xfac	0
0xfad	0xfad	0
0xfb4	0xfb4	0
0xfbb	0xfbb	0
0xfbc	0xfbc	0
0xfbd	0xfbd	0
0xfbe	0xfbe	0
0xfbf	0xfbf	0
0xfc0	0xfc0	0
0xfc1	0xfc1	0
0xfc5	0xfc5	0
0xfc6	0xfc6	0
0xfc7	0xfc7	0
0xfcb	0xfcb	0
0xfcf	0xfcf	0
0xfd0	0xfd0	0
0xfd1	0xfd1	0
0xfd5	0xfd5	0
0xfd6	0xfd6	0
0xfd7	0xfd7	0
0xfd8	0xfd8	0
0xfd9	0xfd9	0
0xfda	0xfda	0
0xfdb	0xfdb	0
0xfdc	0xfdc	0
0xfdd	0xfdd	0
0xfde	0xfde	0
0xfdf	0xfdf	0
0xfe0	0xfe0	0
0xfe1	0xfe1	0
0xfe2	0xfe2	0
0xfe5	0xfe5	0
0xfe6	0xfe6	0
0xfe7	0xfe7	0
0xfe8	0xfe8	0
0xfe9	0xfe9	0
0xfed	0xfed	0
0xfee	0xfee	0
0xfef	0xfef	0
0xff0	0xff0	0
0xff1	0xff1	0
0xff3	0xff3	0
0xff4	0xff4	0
0xff5	0xff5	0
0xff6	0xff6	0
0xff7	0xff7	0
0xff8	0xff8	0
0xff9	0xff9	0
0xffa	0xffa	0
0xffb	0xffb	0
0xffc	0xffc	0
0xffd	0xffd	0
0xffe	0xffe	0
0x1000	0x1000	0
0x1001	0x1001	0
0x1002	0x1002	0
0x1003	0x1003	0
0x1004	0x1004	0
0x1005	0x1005	0
0x1006	0x1006	0
0x1007	0x1007	0
0x1008	0x1008	0
0x1010	0x1010	0
0x1011	0x1011	0
0x1015	0x1015	0
0x1016	0x1016	0
0x1017	0x1017	0
0x1018	0x1018	0
0x1019	0x1019	0
0x101a	0x101a	0
0x101b	0x101b	0
0x101e	0x101e	0
0x101f	0x101f	0
0x1020	0x1020	0
0x1021	0x1021	0
0x1025	0x1025	0
0x1026	0x1026	0
0x1027	0x1027	0
0x1028	0x1028	0
0x1029	0x1029	0
0x102a	0x102a	0
0x102b	0x102b	0
0x102c	0x102c	0
0x102d	0x102d	0
0x102e	0x102e	0
0x102f	0x102f	0
0x1030	0x1030	0
0x1031	0x1031	0
0x1035	0x1035	0
0x103c	0x103c	0
0x103d	0x103d	0
0x103e	0x103e	0
0x103f	0x103f	0
0x1040	0x1040	0
0x1042	0x1042	0
0x1043	0x1043	0
0x1044	0x1044	0
0x1045	0x1045	0
0x1046	0x1046	0
0x1047	0x1047	0
0x1048	0x1048	0
0x1049	0x1049	0
0x104a	0x104a	0
0x1052	0x1052	0
0x1053	0x1053	0
0x1054	0x1054	0
0x1055	0x1055	0
0x1056	0x1056	0
0x1057	0x1057	0
0x1058	0x1058	0
0x105c	0x105c	0
0x105d	0x105d	0
0x105e	0x105e	0
0x105f	0x105f	0
0x1060	0x1060	0
0x1061	0x1061	0
0x1063	0x1063	0
0x1064	0x1064	0
0x1065	0x1065	0
0x1066	0x1066	0
0x1067	0x1067	0
0x1068	0x1068	0
0x1069	0x1069	0
0x106c	0x106c	0
0x106d	0x106d	0
0x106e	0x106e	0
0x106f	0x106f	0
0x1070	0x1070	0
0x1071	0x1071	0
0x1072	0x1072	0
0x1073	0x1073	0
0x1074	0x1074	0
0x1075	0x1075	0
0x1078	0x1078	0
0x1079	0x1079	0
0x107a	0x107a	0
0x107b	0x107b	0
0x107c	0x107c	0
0x107d	0x107d	0
0x107f	0x107f	0
0x1080	0x1080	0
0x1081	0x1081	0
0x1082	0x1082	0
0x1083	0x1083	0
0x1084	0x1084	0
0x1087	0x1087	0
0x1088	0x1088	0
0x1089	0x1089	0
0x108a	0x108a	0
0x108b	0x108b	0
0x108c	0x108c	0
0x108d	0x108d	0
0x108e	0x108e	0
0x108f	0x108f	0
0x1091	0x1091	0
0x1093	0x1093	0
0x1094	0x1094	0
0x1095	0x1095	0
0x1096	0x1096	0
0x1097	0x1097	0
0x1098	0x1098	0
0x1099	0x1099	0
0x109a	0x109a	0
0x109b	0x109b	0
0x109c	0x109c	0
0x109d	0x109d	0
0x10a1	0x10a1	0
0x10a2	0x10a2	0
0x10aa	0x10aa	0
0x10ab	0x10ab	0
0x10ac	0x10ac	0
0x10ad	0x10ad	0
0x10b1	0x10b1	0
0x10b2	0x10b2	0
0x10b3	0x10b3	0
0x10b4	0x10b4	0
0x10b5	0x10b5	0
0x10b6	0x10b6	0
0x10b7	0x10b7	0
0x10bb	0x10bb	0
0x10bc	0x10bc	0
0x10bd	0x10bd	0
0x10be	0x10be	0
0x10bf	0x10bf	0
0x10c4	0x10c4	0
0x10cb	0x10cb	0
0x10cc	0x10cc	0
0x10cd	0x10cd	0
0x10ce	0x10ce	0
0x10cf	0x10cf	0
0x10d0	0x10d0	0
0x10d1	0x10d1	0
0x10d2	0x10d2	0
0x10d3	0x10d3	0
0x10d4	0x10d4	0
0x10d5	0x10d5	0
0x10d6	0x10d6	0
0x10d7	0x10d7	0
0x10d8	0x10d8	0
0x10d9	0x10d9	0
0x10dd	0x10dd	0
0x10de	0x10de	0
0x10df	0x10df	0
0x10e0	0x10e0	0
0x10e1	0x10e1	0
0x10e5	0x10e5	0
0x10e6	0x10e6	0
0x10e9	0x10e9	0
0x10ea	0x10ea	0
0x10eb	0x10eb	0
0x10ef	0x10ef	0
0x10f1	0x10f1	0
0x10f2	0x10f2	0
0x10f8	0x10f8	0
0x10f9	0x10f9	0
0x10fa	0x10fa	0
0x10fb	0x10fb	0
0x10ff	0x10ff	0
0x1100	0x1100	0
0x1101	0x1101	0
0x1102	0x1102	0
0x1103	0x1103	0
0x1107	0x1107	0
0x1108	0x1108	0
0x110b	0x110b	0
0x110d	0x110d	0
0x1114	0x1114	0
0x1115	0x1115	0
0x1116	0x1116	0
0x1117	0x1117	0
0x1118	0x1118	0
0x1119	0x1119	0
0x111a	0x111a	0
0x111b	0x111b	0
0x111c	0x111c	0
0x111d	0x111d	0
0x1121	0x1121	0
0x1122	0x1122	0
0x1123	0x1123	0
0x1124	0x1124	0
0x1125	0x1125	0
0x1126	0x1126	0
0x1127	0x1127	0
0x112b	0x112b	0
0x112f	0x112f	0
0x1134	0x1134	0
0x1135	0x1135	0
0x1136	0x1136	0
0x1137	0x1137	0
0x113c	0x113c	0
0x113d	0x113d	0
0x113e	0x113e	0
0x113f	0x113f	0
0x1140	0x1140	0
0x1141	0x1141	0
0x1143	0x1143	0
0x1144	0x1144	0
0x1145	0x1145	0
0x1146	0x1146	0
0x114e	0x114e	0
0x114f	0x114f	0
0x1150	0x1150	0
0x1151	0x1151	0
0x1152	0x1152	0
0x1153	0x1153	0
0x1156	0x1156	0
0x1157	0x1157	0
0x1158	0x1158	0
0x1159	0x1159	0
0x115d	0x115d	0
0x115e	0x115e	0
0x1166	0x1166	0
0x1167	0x1167	0
0x1168	0x1168	0
0x1169	0x1169	0
0x116a	0x116a	0
0x116b	0x116b	0
0x116e	0x116e	0
0x116f	0x116f	0
0x1170	0x1170	0
0x1171	0x1171	0
0x1175	0x1175	0
0x1176	0x1176	0
0x1177	0x1177	0
0x1178	0x1178	0
0x1179	0x1179	0
0x117a	0x117a	0
0x117b	0x117b	0
0x117c	0x117c	0
0x117d	0x117d	0
0x117e	0x117e	0
0x117f	0x117f	0
0x1180	0x1180	0
0x1181	0x1181	0
0x1182	0x1182	0
0x1184	0x1184	0
0x1186	0x1186	0
0x1188	0x1188	0
0x1189	0x1189	0
0x118a	0x118a	0
0x118b	0x118b	0
0x118c	0x118c	0
0x118d	0x118d	0
0x118e	0x118e	0
0x118f	0x118f	0
0x1190	0x1190	0
0x1191	0x1191	0
0x1192	0x1192	0
0x1193	0x1193	0
0x1194	0x1194	0
0x1195	0x1195	0
0x1197	0x1197	0
0x119f	0x119f	0
0x11a0	0x11a0	0
0x11a1	0x11a1	0
0x11a2	0x11a2	0
0x11a3	0x11a3	0
0x11a4	0x11a4	0
0x11a5	0x11a5	0
0x11a6	0x11a6	0
0x11a7	0x11a7	0
0x11a8	0x11a8	0
0x11a9	0x11a9	0
0x11aa	0x11aa	0
0x11ab	0x11ab	0
0x11ac	0x11ac	0
0x11ad	0x11ad	0
0x11ae	0x11ae	0
0x11af	0x11af	0
0x11b0	0x11b0	0
0x11b1	0x11b1	0
0x11b2	0x11b2	0
0x11b3	0x11b3	0
0x11b4	0x11b4	0
0x11b5	0x11b5	0
0x11b6	0x11b6	0
0x11b7	0x11b7	0
0x11b8	0x11b8	0
0x11b9	0x11b9	0
0x11ba	0x11ba	0
0x11bb	0x11bb	0
0x11bc	0x11bc	0
0x11bd	0x11bd	0
0x11be	0x11be	0
0x11bf	0x11bf	0
0x11c0	0x11c0	0
0x11c1	0x11c1	0
0x11c2	0x11c2	0
0x11c3	0x11c3	0
0x11c4	0x11c4	0
0x11c5	0x11c5	0
0x11c6	0x11c6	0
0x11c7	0x11c7	0
0x11c8	0x11c8	0
0x11c9	0x11c9	0
0x11ca	0x11ca	0
0x11cb	0x11cb	0
0x11cc	0x11cc	0
0x11cd	0x11cd	0
0x11ce	0x11ce	0
0x11cf	0x11cf	0
0x11d0	0x11d0	0
0x11d1	0x11d1	0
0x11d2	0x11d2	0
0x11d3	0x11d3	0
0x11d4	0x11d4	0
0x11d5	0x11d5	0
0x11d6	0x11d6	0
0x11d7	0x11d7	0
0x11d8	0x11d8	0
0x11d9	0x11d9	0
0x11da	0x11da	0
0x11db	0x11db	0
0x11dc	0x11dc	0
0x11dd	0x11dd	0
0x11de	0x11de	0
0x11df	0x11df	0
0x11e0	0x11e0	0
0x11e1	0x11e1	0
0x11e2	0x11e2	0
0x11e3	0x11e3	0
0x11e4	0x11e4	0
0x11e5	0x11e5	0
0x11e7	0x11e7	0
0x11e8	0x11e8	0
0x11e9	0x11e9	0
0x11eb	0x11eb	0
0x11ec	0x11ec	0
0x11ed	0x11ed	0
0x11ee	0x11ee	0
0x11ef	0x11ef	0
0x11f0	0x11f0	0
0x11f1	0x11f1	0
0x11f2	0x11f2	0
0x11f3	0x11f3	0
0x11f4	0x11f4	0
0x11f7	0x11f7	0
0x11f8	0x11f8	0
0x11f9	0x11f9	0
0x11fa	0x11fa	0
0x11fb	0x11fb	0
0x11ff	0x11ff	0
0x1201	0x1201	0
0x1202	0x1202	0
0x1203	0x1203	0
0x1205	0x1205	0
0x1206	0x1206	0
0x1207	0x1207	0
0x1208	0x1208	0
0x1209	0x1209	0
0x120a	0x120a	0
0x120b	0x120b	0
0x1212	0x1212	0
0x1213	0x1213	0
0x1214	0x1214	0
0x1215	0x1215	0
0x1216	0x1216	0
0x1217	0x1217	0
0x1218	0x1218	0
0x1219	0x1219	0
0x121a	0x121a	0
0x121b	0x121b	0
0x121d	0x121d	0
0x121e	0x121e	0
0x121f	0x121f	0
0x1220	0x1220	0
0x1221	0x1221	0
0x1223	0x1223	0
0x1225	0x1225	0
0x1227	0x1227	0
0x1229	0x1229	0
0x122a	0x122a	0
0x122b	0x122b	0
0x122d	0x122d	0
0x122e	0x122e	0
0x122f	0x122f	0
0x1230	0x1230	0
0x1231	0x1231	0
0x1232	0x1232	0
0x1233	0x1233	0
0x1234	0x1234	0
0x1235	0x1235	0
0x1236	0x1236	0
0x1238	0x1238	0
0x1239	0x1239	0
0x123a	0x123a	0
0x123b	0x123b	0
0x123f	0x123f	0
0x1240	0x1240	0
0x1241	0x1241	0
0x1242	0x1242	0
0x1244	0x1244	0
0x1245	0x1245	0
0x1246	0x1246	0
0x1248	0x1248	0
0x1250	0x1250	0
0x1255	0x1255	0
0x1256	0x1256	0
0x125e	0x125e	0
0x1260	0x1260	0
0x1261	0x1261	0
0x1262	0x1262	0
0x1264	0x1264	0
0x126c	0x126c	0
0x126d	0x126d	0
0x126e	0x126e	0
0x126f	0x126f	0
0x1273	0x1273	0
0x1274	0x1274	0
0x1275	0x1275	0
0x1276	0x1276	0
0x1277	0x1277	0
0x1278	0x1278	0
0x1279	0x1279	0
0x127a	0x127a	0
0x127b	0x127b	0
0x127c	0x127c	0
0x127d	0x127d	0
0x127f	0x127f	0
0x1287	0x1287	0
0x1288	0x1288	0
0x1289	0x1289	0
0x128a	0x128a	0
0x128b	0x128b	0
0x128c	0x128c	0
0x128d	0x128d	0
0x128e	0x128e	0
0x128f	0x128f	0
0x1290	0x1290	0
0x1291	0x1291	0
0x1292	0x1292	0
0x1293	0x1293	0
0x1294	0x1294	0
0x1295	0x1295	0
0x1296	0x1296	0
0x1297	0x1297	0
0x1298	0x1298	0
0x1299	0x1299	0
0x129a	0x129a	0
0x129b	0x129b	0
0x129c	0x129c	0
0x129d	0x129d	0
0x129e	0x129e	0
0x129f	0x129f	0
0x12a0	0x12a0	0
0x12a1	0x12a1	0
0x12a2	0x12a2	0
0x12a3	0x12a3	0
0x12a4	0x12a4	0
0x12a5	0x12a5	0
0x12a6	0x12a6	0
0x12a7	0x12a7	0
0x12a8	0x12a8	0
0x12a9	0x12a9	0
0x12aa	0x12aa	0
0x12ab	0x12ab	0
0x12ac	0x12ac	0
0x12ad	0x12ad	0
0x12ae	0x12ae	0
0x12af	0x12af	0
0x12b0	0x12b0	0
0x12b1	0x12b1	0
0x12b2	0x12b2	0
0x12b3	0x12b3	0
0x12b4	0x12b4	0
0x12b5	0x12b5	0
0x12b6	0x12b6	0
0x12b7	0x12b7	0
0x12b8	0x12b8	0
0x12b9	0x12b9	0
0x12ba	0x12ba	0
0x12bb	0x12bb	0
0x12bc	0x12bc	0
0x12bd	0x12bd	0
0x12be	0x12be	0
0x12bf	0x12bf	0
0x12c0	0x12c0	0
0x12c1	0x12c1	0
0x12c2	0x12c2	0
0x12c3	0x12c3	0
0x12c5	0x12c5	0
0x12c6	0x12c6	0
0x12c7	0x12c7	0
0x12c8	0x12c8	0
0x12c9	0x12c9	0
0x12ca	0x12ca	0
0x12cb	0x12cb	0
0x12cc	0x12cc	0
0x12cd	0x12cd	0
0x12ce	0x12ce	0
0x12d1	0x12d1	0
0x12d2	0x12d2	0
0x12d3	0x12d3	0
0x12d4	0x12d4	0
0x12d5	0x12d5	0
0x12d9	0x12d9	0
0x12db	0x12db	0
0x12dc	0x12dc	0
0x12dd	0x12dd	0
0x12df	0x12df	0
0x12e0	0x12e0	0
0x12e1	0x12e1	0
0x12e2	0x12e2	0
0x12e3	0x12e3	0
0x12eb	0x12eb	0
0x12ec	0x12ec	0
0x12ed	0x12ed	0
0x12ee	0x12ee	0
0x12ef	0x12ef	0
0x12f0	0x12f0	0
0x12f1	0x12f1	0
0x12f2	0x12f2	0
0x12f3	0x12f3	0
0x12f4	0x12f4	0
0x12f5	0x12f5	0
0x12f7	0x12f7	0
0x12f8	0x12f8	0
0x12f9	0x12f9	0
0x12fa	0x12fa	0
0x12fb	0x12fb	0
0x12fd	0x12fd	0
0x12ff	0x12ff	0
0x1301	0x1301	0
0x1303	0x1303	0
0x1304	0x1304	0
0x1305	0x1305	0
0x1307	0x1307	0
0x1308	0x1308	0
0x1309	0x1309	0
0x130a	0x130a	0
0x130b	0x130b	0
0x130c	0x130c	0
0x130d	0x130d	0
0x130e	0x130e	0
0x130f	0x130f	0
0x1310	0x1310	0
0x1312	0x1312	0
0x1313	0x1313	0
0x1314	0x1314	0
0x1315	0x1315	0
0x1319	0x1319	0
0x131a	0x131a	0
0x131b	0x131b	0
0x131c	0x131c	0
0x131f	0x131f	0
0x1320	0x1320	0
0x1322	0x1322	0
0x132a	0x132a	0
0x132f	0x132f	0
0x1330	0x1330	0
0x1338	0x1338	0
0x133a	0x133a	0
0x133e	0x133e	0
0x1346	0x1346	0
0x1347	0x1347	0
0x1348	0x1348	0
0x1349	0x1349	0
0x134a	0x134a	0
0x134b	0x134b	0
0x134c	0x134c	0
0x134d	0x134d	0
0x134f	0x134f	0
0x1350	0x1350	0
0x1358	0x1358	0
0x1359	0x1359	0
0x135a	0x135a	0
0x135b	0x135b	0
0x135c	0x135c	0
0x135d	0x135d	0
0x135e	0x135e	0
0x135f	0x135f	0
0x1360	0x1360	0
0x1361	0x1361	0
0x1362	0x1362	0
0x1363	0x1363	0
0x1364	0x1364	0
0x1365	0x1365	0
0x1366	0x1366	0
0x1367	0x1367	0
0x1368	0x1368	0
0x1369	0x1369	0
0x136a	0x136a	0
0x136b	0x136b	0
0x136c	0x136c	0
0x136d	0x136d	0
0x136e	0x136e	0
0x136f	0x136f	0
0x1370	0x1370	0
0x1371	0x1371	0
0x1372	0x1372	0
0x1373	0x1373	0
0x1374	0x1374	0
0x1375	0x1375	0
0x1376	0x1376	0
0x1377	0x1377	0
0x1378	0x1378	0
0x1379	0x1379	0
0x137a	0x137a	0
0x137b	0x137b	0
0x137c	0x137c	0
0x137e	0x137e	0
0x137f	0x137f	0
0x1381	0x1381	0
0x1382	0x1382	0
0x1383	0x1383	0
0x1384	0x1384	0
0x1385	0x1385	0
0x1386	0x1386	0
0x1387	0x1387	0
0x1388	0x1388	0
0x1389	0x1389	0
0x138a	0x138a	0
0x138b	0x138b	0
0x138c	0x138c	0
0x138d	0x138d	0
0x138e	0x138e	0
0x138f	0x138f	0
0x1390	0x1390	0
0x1391	0x1391	0
0x1392	0x1392	0
0x1393	0x1393	0
0x1394	0x1394	0
0x1395	0x1395	0
0x1396	0x1396	0
0x1397	0x1397	0
0x1398	0x1398	0
0x1399	0x1399	0
0x139a	0x139a	0
0x139b	0x139b	0
0x139c	0x139c	0
0x139d	0x139d	0
0x139e	0x139e	0
0x139f	0x139f	0
0x13a0	0x13a0	0
0x13a1	0x13a1	0
0x13a2	0x13a2	0
0x13a3	0x13a3	0
0x13a4	0x13a4	0
0x13a5	0x13a5	0
0x13a6	0x13a6	0
0x13a7	0x13a7	0
0x13a8	0x13a8	0
0x13a9	0x13a9	0
0x13aa	0x13aa	0
0x13ab	0x13ab	0
0x13ac	0x13ac	0
0x13ad	0x13ad	0
0x13ae	0x13ae	0
0x13b1	0x13b1	0
0x13b2	0x13b2	0
0x13b3	0x13b3	0
0x13b4	0x13b4	0
0x13b5	0x13b5	0
0x13b6	0x13b6	0
0x13b7	0x13b7	0
0x13b8	0x13b8	0
0x13b9	0x13b9	0
0x13ba	0x13ba	0
0x13bb	0x13bb	0
0x13bd	0x13bd	0
0x13c5	0x13c5	0
0x13c6	0x13c6	0
0x13c9	0x13c9	0
0x13cb	0x13cb	0
0x13d3	0x13d3	0
0x13d9	0x13d9	0
0x13da	0x13da	0
0x13db	0x13db	0
0x13e2	0x13e2	0
0x13e4	0x13e4	0
0x13e5	0x13e5	0
0x13e8	0x13e8	0
0x13ed	0x13ed	0
0x13ee	0x13ee	0
0x13ef	0x13ef	0
0x13f0	0x13f0	0
0x13f3	0x13f3	0
0x13f4	0x13f4	0
0x13f5	0x13f5	0
0x13f6	0x13f6	0
0x13fa	0x13fa	0
0x13fb	0x13fb	0
0x13fc	0x13fc	0
0x13fd	0x13fd	0
0x13ff	0x13ff	0
0x1400	0x1400	0
0x1401	0x1401	0
0x1402	0x1402	0
0x1403	0x1403	0
0x1405	0x1405	0
0x1406	0x1406	0
0x1409	0x1409	0
0x140d	0x140d	0
0x140e	0x140e	0
0x140f	0x140f	0
0x1410	0x1410	0
0x1411	0x1411	0
0x1415	0x1415	0
0x1416	0x1416	0
0x1417	0x1417	0
0x141b	0x141b	0
0x141c	0x141c	0
0x1424	0x1424	0
0x1425	0x1425	0
0x1426	0x1426	0
0x1427	0x1427	0
0x142b	0x142b	0
0x142c	0x142c	0
0x142d	0x142d	0
0x142e	0x142e	0
0x142f	0x142f	0
0x1430	0x1430	0
0x1431	0x1431	0
0x1435	0x1435	0
0x1436	0x1436	0
0x1437	0x1437	0
0x1438	0x1438	0
0x1439	0x1439	0
0x143e	0x143e	0
0x1445	0x1445	0
0x1446	0x1446	0
0x1447	0x1447	0
0x1448	0x1448	0
0x1449	0x1449	0
0x144a	0x144a	0
0x144b	0x144b	0
0x144c	0x144c	0
0x144d	0x144d	0
0x144e	0x144e	0
0x144f	0x144f	0
0x1450	0x1450	0
0x1451	0x1451	0
0x1452	0x1452	0
0x1453	0x1453	0
0x1457	0x1457	0
0x1458	0x1458	0
0x1459	0x1459	0
0x145a	0x145a	0
0x145b	0x145b	0
0x145f	0x145f	0
0x1460	0x1460	0
0x1463	0x1463	0
0x1464	0x1464	0
0x1465	0x1465	0
0x1469	0x1469	0
0x146b	0x146b	0
0x146c	0x146c	0
0x1472	0x1472	0
0x1473	0x1473	0
0x1474	0x1474	0
0x1475	0x1475	0
0x1479	0x1479	0
0x147a	0x147a	0
0x147b	0x147b	0
0x147c	0x147c	0
0x147d	0x147d	0
0x1481	0x1481	0
0x1482	0x1482	0
0x1485	0x1485	0
0x1487	0x1487	0
0x148e	0x148e	0
0x148f	0x148f	0
0x1490	0x1490	0
0x1491	0x1491	0
0x1492	0x1492	0
0x1493	0x1493	0
0x1494	0x1494	0
0x1495	0x1495	0
0x1496	0x1496	0
0x1497	0x1497	0
0x149b	0x149b	0
0x149c	0x149c	0
0x149d	0x149d	0
0x149e	0x149e	0
0x149f	0x149f	0
0x14a0	0x14a0	0
0x14a1	0x14a1	0
0x14a5	0x14a5	0
0x14a9	0x14a9	0
0x14ae	0x14ae	0
0x14af	0x14af	0
0x14b0	0x14b0	0
0x14b1	0x14b1	0
0x14b6	0x14b6	0
0x14b7	0x14b7	0
0x14b8	0x14b8	0
0x14b9	0x14b9	0
0x14ba	0x14ba	0
0x14bb	0x14bb	0
0x14bc	0x14bc	0
0x14bd	0x14bd	0
0x14be	0x14be	0
0x14bf	0x14bf	0
0x14c0	0x14c0	0
0x14c1	0x14c1	0
0x14c5	0x14c5	0
0x14c6	0x14c6	0
0x14c7	0x14c7	0
0x14c8	0x14c8	0
0x14c9	0x14c9	0
0x14ca	0x14ca	0
0x14cb	0x14cb	0
0x14cc	0x14cc	0
0x14cd	0x14cd	0
0x14ce	0x14ce	0
0x14cf	0x14cf	0
0x14d1	0x14d1	0
0x14d2	0x14d2	0
0x14d3	0x14d3	0
0x14d4	0x14d4	0
0x14d5	0x14d5	0
0x14d6	0x14d6	0
0x14d7	0x14d7	0
0x14d8	0x14d8	0
0x14d9	0x14d9	0
0x14db	0x14db	0
0x14dc	0x14dc	0
0x14dd	0x14dd	0
0x14de	0x14de	0
0x14df	0x14df	0
0x14e0	0x14e0	0
0x14e1	0x14e1	0
0x14e4	0x14e4	0
0x14e5	0x14e5	0
0x14e6	0x14e6	0
0x14e7	0x14e7	0
0x14eb	0x14eb	0
0x14ec	0x14ec	0
0x14ed	0x14ed	0
0x14f3	0x14f3	0
0x14f4	0x14f4	0
0x14fa	0x14fa	0
0x14fb	0x14fb	0
0x14fc	0x14fc	0
0x14fd	0x14fd	0
0x1501	0x1501	0
0x1502	0x1502	0
0x1503	0x1503	0
0x1504	0x1504	0
0x1505	0x1505	0
0x1506	0x1506	0
0x1507	0x1507	0
0x1508	0x1508	0
0x1509	0x1509	0
0x150a	0x150a	0
0x150b	0x150b	0
0x150c	0x150c	0
0x150d	0x150d	0
0x1510	0x1510	0
0x1511	0x1511	0
0x1512	0x1512	0
0x1513	0x1513	0
0x1514	0x1514	0
0x1515	0x1515	0
0x1516	0x1516	0
0x1517	0x1517	0
0x1519	0x1519	0
0x151a	0x151a	0
0x151b	0x151b	0
0x151c	0x151c	0
0x151d	0x151d	0
0x151e	0x151e	0
0x151f	0x151f	0
0x1522	0x1522	0
0x1523	0x1523	0
0x1524	0x1524	0
0x1525	0x1525	0
0x1529	0x1529	0
0x152a	0x152a	0
0x152b	0x152b	0
0x152f	0x152f	0
0x1530	0x1530	0
0x1531	0x1531	0
0x1539	0x1539	0
0x153c	0x153c	0
0x153d	0x153d	0
0x153e	0x153e	0
0x153f	0x153f	0
0x1540	0x1540	0
0x1541	0x1541	0
0x1542	0x1542	0
0x1543	0x1543	0
0x1544	0x1544	0
0x1545	0x1545	0
0x1546	0x1546	0
0x1547	0x1547	0
0x1548	0x1548	0
0x1549	0x1549	0
0x154d	0x154d	0
0x154e	0x154e	0
0x154f	0x154f	0
0x1550	0x1550	0
0x1551	0x1551	0
0x1552	0x1552	0
0x1553	0x1553	0
0x1554	0x1554	0
0x1555	0x1555	0
0x1556	0x1556	0
0x1559	0x1559	0
0x155a	0x155a	0
0x155b	0x155b	0
0x155c	0x155c	0
0x155d	0x155d	0
0x1560	0x1560	0
0x1561	0x1561	0
0x1562	0x1562	0
0x1563	0x1563	0
0x1564	0x1564	0
0x1565	0x1565	0
0x1566	0x1566	0
0x1567	0x1567	0
0x156b	0x156b	0
0x156c	0x156c	0
0x1574	0x1574	0
0x1575	0x1575	0
0x1579	0x1579	0
0x157a	0x157a	0
0x157b	0x157b	0
0x157c	0x157c	0
0x157d	0x157d	0
0x157e	0x157e	0
0x157f	0x157f	0
0x1581	0x1581	0
0x1583	0x1583	0
0x1584	0x1584	0
0x1585	0x1585	0
0x1586	0x1586	0
0x1587	0x1587	0
0x1588	0x1588	0
0x1589	0x1589	0
0x158a	0x158a	0
0x158b	0x158b	0
0x158c	0x158c	0
0x158d	0x158d	0
0x158e	0x158e	0
0x158f	0x158f	0
0x1590	0x1590	0
0x1591	0x1591	0
0x1592	0x1592	0
0x1593	0x1593	0
0x1594	0x1594	0
0x1595	0x1595	0
0x1596	0x1596	0
0x1597	0x1597	0
0x1598	0x1598	0
0x1599	0x1599	0
0x159a	0x159a	0
0x159b	0x159b	0
0x159c	0x159c	0
0x159d	0x159d	0
0x159e	0x159e	0
0x159f	0x159f	0
0x15a0	0x15a0	0
0x15a1	0x15a1	0
0x15a2	0x15a2	0
0x15a3	0x15a3	0
0x15a4	0x15a4	0
0x15a5	0x15a5	0
0x15a6	0x15a6	0
0x15a7	0x15a7	0
0x15a8	0x15a8	0
0x15a9	0x15a9	0
0x15aa	0x15aa	0
0x15ab	0x15ab	0
0x15ac	0x15ac	0
0x15ad	0x15ad	0
0x15ae	0x15ae	0
0x15af	0x15af	0
0x15b1	0x15b1	0
0x15b2	0x15b2	0
0x15b3	0x15b3	0
0x15b4	0x15b4	0
0x15b5	0x15b5	0
0x15b6	0x15b6	0
0x15be	0x15be	0
0x15bf	0x15bf	0
0x15c2	0x15c2	0
0x15c4	0x15c4	0
0x15c5	0x15c5	0
0x15c6	0x15c6	0
0x15c7	0x15c7	0
0x15c8	0x15c8	0
0x15c9	0x15c9	0
0x15ca	0x15ca	0
0x15cb	0x15cb	0
0x15cc	0x15cc	0
0x15ce	0x15ce	0
0x15d5	0x15d5	0
0x15d6	0x15d6	0
0x15d7	0x15d7	0
0x15d8	0x15d8	0
0x15d9	0x15d9	0
0x15db	0x15db	0
0x15dc	0x15dc	0
0x15dd	0x15dd	0
0x15de	0x15de	0
0x15df	0x15df	0
0x15e0	0x15e0	0
0x15e1	0x15e1	0
0x15e2	0x15e2	0
0x15e3	0x15e3	0
0x15e4	0x15e4	0
0x15e5	0x15e5	0
0x15e6	0x15e6	0
0x15e7	0x15e7	0
0x15e8	0x15e8	0
0x15e9	0x15e9	0
0x15ea	0x15ea	0
0x15eb	0x15eb	0
0x15ec	0x15ec	0
0x15ed	0x15ed	0
0x15ee	0x15ee	0
0x15ef	0x15ef	0
0x15f0	0x15f0	0
0x15f1	0x15f1	0
0x15f2	0x15f2	0
0x15f3	0x15f3	0
0x15f4	0x15f4	0
0x15f5	0x15f5	0
0x15f6	0x15f6	0
0x15f7	0x15f7	0
0x15f8	0x15f8	0
0x15f9	0x15f9	0
0x15fa	0x15fa	0
0x15fb	0x15fb	0
0x15fc	0x15fc	0
0x15fd	0x15fd	0
0x15fe	0x15fe	0
0x15ff	0x15ff	0
0x1600	0x1600	0
0x1601	0x1601	0
0x1602	0x1602	0
0x1603	0x1603	0
0x1604	0x1604	0
0x1605	0x1605	0
0x1607	0x1607	0
0x1608	0x1608	0
0x1609	0x1609	0
0x160a	0x160a	0
0x160b	0x160b	0
0x160c	0x160c	0
0x1614	0x1614	0
0x1615	0x1615	0
0x1616	0x1616	0
0x1617	0x1617	0
0x161c	0x161c	0
0x161d	0x161d	0
0x161e	0x161e	0
0x161f	0x161f	0
0x1620	0x1620	0
0x1621	0x1621	0
0x1622	0x1622	0
0x1623	0x1623	0
0x1624	0x1624	0
0x1626	0x1626	0
0x162d	0x162d	0
0x162e	0x162e	0
0x1631	0x1631	0
0x1632	0x1632	0
0x1638	0x1638	0
0x1639	0x1639	0
0x163d	0x163d	0
0x163e	0x163e	0
0x1640	0x1640	0
0x1647	0x1647	0
0x1648	0x1648	0
0x1650	0x1650	0
0x1651	0x1651	0
0x1652	0x1652	0
0x1653	0x1653	0
0x1654	0x1654	0
0x1655	0x1655	0
0x1656	0x1656	0
0x1657	0x1657	0
0x1658	0x1658	0
0x1659	0x1659	0
0x165e	0x165e	0
0x165f	0x165f	0
0x1660	0x1660	0
0x1661	0x1661	0
0x1662	0x1662	0
0x1663	0x1663	0
0x1664	0x1664	0
0x1665	0x1665	0
0x1666	0x1666	0
0x1668	0x1668	0
0x166f	0x166f	0
0x1670	0x1670	0
0x1671	0x1671	0
0x1672	0x1672	0
0x1673	0x1673	0
0x1677	0x1677	0
0x1678	0x1678	0
0x1680	0x1680	0
0x1681	0x1681	0
0x1682	0x1682	0
0x1683	0x1683	0
0x1687	0x1687	0
0x1688	0x1688	0
0x1689	0x1689	0
0x168a	0x168a	0
0x168b	0x168b	0
0x168c	0x168c	0
0x168d	0x168d	0
0x1691	0x1691	0
0x1692	0x1692	0
0x1693	0x1693	0
0x1694	0x1694	0
0x1695	0x1695	0
0x169a	0x169a	0
0x16a1	0x16a1	0
0x16a2	0x16a2	0
0x16a3	0x16a3	0
0x16a4	0x16a4	0
0x16a5	0x16a5	0
0x16a6	0x16a6	0
0x16a7	0x16a7	0
0x16a8	0x16a8	0
0x16a9	0x16a9	0
0x16aa	0x16aa	0
0x16ab	0x16ab	0
0x16ac	0x16ac	0
0x16ad	0x16ad	0
0x16ae	0x16ae	0
0x16af	0x16af	0
0x16b3	0x16b3	0
0x16b4	0x16b4	0
0x16b5	0x16b5	0
0x16b6	0x16b6	0
0x16b7	0x16b7	0
0x16bb	0x16bb	0
0x16bc	0x16bc	0
0x16bf	0x16bf	0
0x16c0	0x16c0	0
0x16c1	0x16c1	0
0x16c5	0x16c5	0
0x16c7	0x16c7	0
0x16c8	0x16c8	0
0x16ce	0x16ce	0
0x16cf	0x16cf	0
0x16d0	0x16d0	0
0x16d1	0x16d1	0
0x16d5	0x16d5	0
0x16d6	0x16d6	0
0x16d7	0x16d7	0
0x16d8	0x16d8	0
0x16d9	0x16d9	0
0x16dd	0x16dd	0
0x16de	0x16de	0
0x16e1	0x16e1	0
0x16e3	0x16e3	0
0x16ea	0x16ea	0
0x16eb	0x16eb	0
0x16ec	0x16ec	0
0x16ed	0x16ed	0
0x16ee	0x16ee	0
0x16ef	0x16ef	0
0x16f0	0x16f0	0
0x16f1	0x16f1	0
0x16f2	0x16f2	0
0x16f3	0x16f3	0
0x16f7	0x16f7	0
0x16f8	0x16f8	0
0x16f9	0x16f9	0
0x16fb	0x16fb	0
0x16fd	0x16fd	0
0x16fe	0x16fe	0
0x16ff	0x16ff	0
0x1701	0x1701	0
0x1703	0x1703	0
0x1705	0x1705	0
0x1706	0x1706	0
0x1707	0x1707	0
0x1709	0x1709	0
0x170b	0x170b	0
0x170d	0x170d	0
0x170e	0x170e	0
0x170f	0x170f	0
0x1711	0x1711	0
0x1713	0x1713	0
0x1715	0x1715	0
0x1716	0x1716	0
0x1717	0x1717	0
0x1718	0x1718	0
0x1719	0x1719	0
0x171d	0x171d	0
0x1721	0x1721	0
0x1726	0x1726	0
0x1727	0x1727	0
0x1728	0x1728	0
0x1729	0x1729	0
0x172e	0x172e	0
0x172f	0x172f	0
0x1730	0x1730	0
0x1731	0x1731	0
0x1732	0x1732	0
0x1733	0x1733	0
0x1735	0x1735	0
0x1736	0x1736	0
0x1737	0x1737	0
0x1738	0x1738	0
0x1739	0x1739	0
0x173d	0x173d	0
0x173e	0x173e	0
0x173f	0x173f	0
0x1740	0x1740	0
0x1741	0x1741	0
0x1742	0x1742	0
0x1743	0x1743	0
0x1745	0x1745	0
0x1746	0x1746	0
0x1747	0x1747	0
0x1748	0x1748	0
0x1749	0x1749	0
0x174a	0x174a	0
0x174b	0x174b	0
0x174e	0x174e	0
0x174f	0x174f	0
0x1750	0x1750	0
0x1751	0x1751	0
0x1752	0x1752	0
0x1753	0x1753	0
0x1754	0x1754	0
0x1755	0x1755	0
0x1756	0x1756	0
0x1757	0x1757	0
0x1758	0x1758	0
0x1759	0x1759	0
0x175a	0x175a	0
0x175b	0x175b	0
0x175c	0x175c	0
0x175d	0x175d	0
0x175f	0x175f	0
0x1760	0x1760	0
0x1761	0x1761	0
0x1762	0x1762	0
0x1763	0x1763	0
0x1764	0x1764	0
0x1765	0x1765	0
0x1766	0x1766	0
0x1767	0x1767	0
0x1768	0x1768	0
0x1769	0x1769	0
0x176c	0x176c	0
0x176d	0x176d	0
0x176e	0x176e	0
0x176f	0x176f	0
0x1770	0x1770	0
0x1771	0x1771	0
0x1772	0x1772	0
0x1773	0x1773	0
0x1774	0x1774	0
0x1775	0x1775	0
0x177c	0x177c	0
0x177d	0x177d	0
0x177e	0x177e	0
0x177f	0x177f	0
0x1784	0x1784	0
0x1785	0x1785	0
0x1786	0x1786	0
0x1787	0x1787	0
0x1788	0x1788	0
0x1789	0x1789	0
0x178a	0x178a	0
0x178b	0x178b	0
0x178c	0x178c	0
0x178e	0x178e	0
0x1795	0x1795	0
0x1796	0x1796	0
0x1798	0x1798	0
0x179b	0x179b	0
0x179e	0x179e	0
0x179f	0x179f	0
0x17a0	0x17a0	0
0x17a1	0x17a1	0
0x17a5	0x17a5	0
0x17a6	0x17a6	0
0x17a8	0x17a8	0
0x17af	0x17af	0
0x17b0	0x17b0	0
0x17b8	0x17b8	0
0x17b9	0x17b9	0
0x17ba	0x17ba	0
0x17bb	0x17bb	0
0x17bc	0x17bc	0
0x17bd	0x17bd	0
0x17be	0x17be	0
0x17bf	0x17bf	0
0x17c0	0x17c0	0
0x17c1	0x17c1	0
0x17c6	0x17c6	0
0x17c7	0x17c7	0
0x17c8	0x17c8	0
0x17c9	0x17c9	0
0x17cd	0x17cd	0
0x17ce	0x17ce	0
0x17d1	0x17d1	0
0x17d2	0x17d2	0
0x17d8	0x17d8	0
0x17d9	0x17d9	0
0x17da	0x17da	0
0x17e2	0x17e2	0
0x17ea	0x17ea	0
0x17eb	0x17eb	0
0x17ec	0x17ec	0
0x17ed	0x17ed	0
0x17f4	0x17f4	0
0x17f5	0x17f5	0
0x17f6	0x17f6	0
0x17f7	0x17f7	0
0x17fc	0x17fc	0
0x17fe	0x17fe	0
0x1805	0x1805	0
0x1806	0x1806	0
0x180e	0x180e	0
0x180f	0x180f	0
0x1810	0x1810	0
0x1811	0x1811	0
0x1812	0x1812	0
0x1813	0x1813	0
0x1814	0x1814	0
0x1815	0x1815	0
0x1816	0x1816	0
0x1817	0x1817	0
0x181c	0x181c	0
0x181d	0x181d	0
0x181e	0x181e	0
0x181f	0x181f	0
0x1820	0x1820	0
0x1821	0x1821	0
0x1822	0x1822	0
0x1823	0x1823	0
0x1824	0x1824	0
0x1826	0x1826	0
0x182d	0x182d	0
0x182e	0x182e	0
0x182f	0x182f	0
0x1830	0x1830	0
0x1831	0x1831	0
0x1832	0x1832	0
0x1833	0x1833	0
0x1834	0x1834	0
0x1836	0x1836	0
0x183d	0x183d	0
0x183e	0x183e	0
0x183f	0x183f	0
0x1840	0x1840	0
0x1841	0x1841	0
0x1842	0x1842	0
0x1843	0x1843	0
0x1847	0x1847	0
0x1848	0x1848	0
0x1849	0x1849	0
0x184d	0x184d	0
0x184e	0x184e	0
0x184f	0x184f	0
0x1850	0x1850	0
0x1851	0x1851	0
0x1852	0x1852	0
0x1853	0x1853	0
0x1854	0x1854	0
0x1855	0x1855	0
0x1856	0x1856	0
0x1857	0x1857	0
0x1858	0x1858	0
0x185b	0x185b	0
0x185c	0x185c	0
0x185d	0x185d	0
0x185e	0x185e	0
0x185f	0x185f	0
0x1863	0x1863	0
0x1864	0x1864	0
0x1865	0x1865	0
0x1866	0x1866	0
0x1867	0x1867	0
0x1869	0x1869	0
0x186a	0x186a	0
0x186b	0x186b	0
0x186c	0x186c	0
0x186d	0x186d	0
0x186e	0x186e	0
0x186f	0x186f	0
0x1870	0x1870	0
0x1871	0x1871	0
0x1876	0x1876	0
0x1877	0x1877	0
0x1878	0x1878	0
0x1879	0x1879	0
0x187a	0x187a	0
0x187b	0x187b	0
0x187c	0x187c	0
0x187d	0x187d	0
0x187e	0x187e	0
0x1886	0x1886	0
0x1887	0x1887	0
0x188b	0x188b	0
0x1890	0x1890	0
0x1891	0x1891	0
0x1894	0x1894	0
0x1895	0x1895	0
0x1896	0x1896	0
0x1897	0x1897	0
0x189b	0x189b	0
0x189c	0x189c	0
0x189d	0x189d	0
0x189e	0x189e	0
0x189f	0x189f	0
0x18a0	0x18a0	0
0x18a1	0x18a1	0
0x18a2	0x18a2	0
0x18a3	0x18a3	0
0x18a4	0x18a4	0
0x18a5	0x18a5	0
0x18aa	0x18aa	0
0x18b2	0x18b2	0
0x18b3	0x18b3	0
0x18b8	0x18b8	0
0x18b9	0x18b9	0
0x18ba	0x18ba	0
0x18bb	0x18bb	0
0x18bc	0x18bc	0
0x18bd	0x18bd	0
0x18be	0x18be	0
0x18bf	0x18bf	0
0x18c0	0x18c0	0
0x18c8	0x18c8	0
0x18c9	0x18c9	0
0x18ca	0x18ca	0
0x18cb	0x18cb	0
0x18cc	0x18cc	0
0x18cf	0x18cf	0
0x18d0	0x18d0	0
0x18d1	0x18d1	0
0x18d2	0x18d2	0
0x18d3	0x18d3	0
0x18d6	0x18d6	0
0x18d7	0x18d7	0
0x18d8	0x18d8	0
0x18d9	0x18d9	0
0x18da	0x18da	0
0x18db	0x18db	0
0x18dc	0x18dc	0
0x18dd	0x18dd	0
0x18de	0x18de	0
0x18df	0x18df	0
0x18e0	0x18e0	0
0x18e3	0x18e3	0
0x18e4	0x18e4	0
0x18e5	0x18e5	0
0x18e6	0x18e6	0
0x18e7	0x18e7	0
0x18ea	0x18ea	0
0x18eb	0x18eb	0
0x18ec	0x18ec	0
0x18ed	0x18ed	0
0x18ee	0x18ee	0
0x18ef	0x18ef	0
0x18f5	0x18f5	0
0x18f9	0x18f9	0
0x18fa	0x18fa	0
0x18fb	0x18fb	0
0x18fc	0x18fc	0
0x18fd	0x18fd	0
0x18fe	0x18fe	0
0x18ff	0x18ff	0
0x1900	0x1900	0
0x1901	0x1901	0
0x1902	0x1902	0
0x1903	0x1903	0
0x1904	0x1904	0
0x1905	0x1905	0
0x1906	0x1906	0
0x1907	0x1907	0
0x1908	0x1908	0
0x1909	0x1909	0
0x190a	0x190a	0
0x190b	0x190b	0
0x190c	0x190c	0
0x190d	0x190d	0
0x190e	0x190e	0
0x190f	0x190f	0
0x1910	0x1910	0
0x1911	0x1911	0
0x1912	0x1912	0
0x191a	0x191a	0
0x191b	0x191b	0
0x191c	0x191c	0
0x191d	0x191d	0
0x191e	0x191e	0
0x1925	0x1925	0
0x1928	0x1928	0
0x1929	0x1929	0
0x192a	0x192a	0
0x192b	0x192b	0
0x192c	0x192c	0
0x192d	0x192d	0
0x192e	0x192e	0
0x192f	0x192f	0
0x1930	0x1930	0
0x1931	0x1931	0
0x1932	0x1932	0
0x1933	0x1933	0
0x1935	0x1935	0
0x1936	0x1936	0
0x1937	0x1937	0
0x1938	0x1938	0
0x1939	0x1939	0
0x193a	0x193a	0
0x193b	0x193b	0
0x193c	0x193c	0
0x193d	0x193d	0
0x193e	0x193e	0
0x193f	0x193f	0
0x1940	0x1940	0
0x1941	0x1941	0
0x1942	0x1942	0
0x1943	0x1943	0
0x1944	0x1944	0
0x1945	0x1945	0
0x1946	0x1946	0
0x1947	0x1947	0
0x1948	0x1948	0
0x1949	0x1949	0
0x194a	0x194a	0
0x194b	0x194b	0
0x194c	0x194c	0
0x194d	0x194d	0
0x194e	0x194e	0
0x1950	0x1950	0
0x1951	0x1951	0
0x1952	0x1952	0
0x1953	0x1953	0
0x1957	0x1957	0
0x1958	0x1958	0
0x1959	0x1959	0
0x195a	0x195a	0
0x195b	0x195b	0
0x1960	0x1960	0
0x1968	0x1968	0
0x196d	0x196d	0
0x196e	0x196e	0
0x1976	0x1976	0
0x1977	0x1977	0
0x197c	0x197c	0
0x1984	0x1984	0
0x1985	0x1985	0
0x1986	0x1986	0
0x1987	0x1987	0
0x1988	0x1988	0
0x1989	0x1989	0
0x198a	0x198a	0
0x198b	0x198b	0
0x198c	0x198c	0
0x198d	0x198d	0
0x198e	0x198e	0
0x198f	0x198f	0
0x1990	0x1990	0
0x1991	0x1991	0
0x1992	0x1992	0
0x1995	0x1995	0
0x1996	0x1996	0
0x1997	0x1997	0
0x1998	0x1998	0
0x1999	0x1999	0
0x199c	0x199c	0
0x199d	0x199d	0
0x199f	0x199f	0
0x19a1	0x19a1	0
0x19a3	0x19a3	0
0x19a4	0x19a4	0
0x19a5	0x19a5	0
0x19a7	0x19a7	0
0x19a8	0x19a8	0
0x19a9	0x19a9	0
0x19aa	0x19aa	0
0x19ab	0x19ab	0
0x19ac	0x19ac	0
0x19ad	0x19ad	0
0x19b2	0x19b2	0
0x19b3	0x19b3	0
0x19b4	0x19b4	0
0x19b5	0x19b5	0
0x19b6	0x19b6	0
0x19b7	0x19b7	0
0x19b8	0x19b8	0
0x19b9	0x19b9	0
0x19ba	0x19ba	0
0x19c2	0x19c2	0
0x19c3	0x19c3	0
0x19c4	0x19c4	0
0x19c7	0x19c7	0
0x19c8	0x19c8	0
0x19c9	0x19c9	0
0x19ca	0x19ca	0
0x19cb	0x19cb	0
0x19ce	0x19ce	0
0x19cf	0x19cf	0
0x19d0	0x19d0	0
0x19d1	0x19d1	0
0x19d2	0x19d2	0
0x19d3	0x19d3	0
0x19d4	0x19d4	0
0x19d5	0x19d5	0
0x19d6	0x19d6	0
0x19d7	0x19d7	0
0x19d8	0x19d8	0
0x19d9	0x19d9	0
0x19de	0x19de	0
0x19df	0x19df	0
0x19e0	0x19e0	0
0x19e1	0x19e1	0
0x19e2	0x19e2	0
0x19e3	0x19e3	0
0x19e4	0x19e4	0
0x19e5	0x19e5	0
0x19e6	0x19e6	0
0x19ee	0x19ee	0
0x19ef	0x19ef	0
0x19f0	0x19f0	0
0x19f3	0x19f3	0
0x19f4	0x19f4	0
0x19f5	0x19f5	0
0x19f6	0x19f6	0
0x19f7	0x19f7	0
0x19fa	0x19fa	0
0x19fb	0x19fb	0
0x19fc	0x19fc	0
0x19fd	0x19fd	0
0x19fe	0x19fe	0
0x19ff	0x19ff	0
0x1a00	0x1a00	0
0x1a01	0x1a01	0
0x1a02	0x1a02	0
0x1a03	0x1a03	0
0x1a04	0x1a04	0
0x1a05	0x1a05	0
0x1a0b	0x1a0b	0
0x1a0c	0x1a0c	0
0x1a0d	0x1a0d	0
0x1a0e	0x1a0e	0
0x1a0f	0x1a0f	0
0x1a10	0x1a10	0
0x1a11	0x1a11	0
0x1a12	0x1a12	0
0x1a1a	0x1a1a	0
0x1a1b	0x1a1b	0
0x1a1c	0x1a1c	0
0x1a1d	0x1a1d	0
0x1a1e	0x1a1e	0
0x1a1f	0x1a1f	0
0x1a20	0x1a20	0
0x1a21	0x1a21	0
0x1a22	0x1a22	0
0x1a23	0x1a23	0
0x1a24	0x1a24	0
0x1a27	0x1a27	0
0x1a28	0x1a28	0
0x1a29	0x1a29	0
0x1a2a	0x1a2a	0
0x1a2b	0x1a2b	0
0x1a2e	0x1a2e	0
0x1a2f	0x1a2f	0
0x1a30	0x1a30	0
0x1a31	0x1a31	0
0x1a32	0x1a32	0
0x1a33	0x1a33	0
0x1a35	0x1a35	0
0x1a36	0x1a36	0
0x1a3e	0x1a3e	0
0x1a46	0x1a46	0
0x1a4e	0x1a4e	0
0x1a56	0x1a56	0
0x1a5e	0x1a5e	0
0x1a61	0x1a61	0
0x1a62	0x1a62	0
0x1a63	0x1a63	0
0x1a64	0x1a64	0
0x1a65	0x1a65	0
0x1a66	0x1a66	0
0x1a69	0x1a69	0
0x1a6a	0x1a6a	0
0x1a6b	0x1a6b	0
0x1a6d	0x1a6d	0
0x1a6e	0x1a6e	0
0x1a6f	0x1a6f	0
0x1a70	0x1a70	0
0x1a71	0x1a71	0
0x1a72	0x1a72	0
0x1a73	0x1a73	0
0x1a74	0x1a74	0
0x1a75	0x1a75	0
0x1a76	0x1a76	0
0x1a77	0x1a77	0
0x1a78	0x1a78	0
0x1a79	0x1a79	0
0x1a7a	0x1a7a	0
0x1a7b	0x1a7b	0
0x1a7c	0x1a7c	0
0x1a7d	0x1a7d	0
0x1a7f	0x1a7f	0
0x1a80	0x1a80	0
0x1a81	0x1a81	0
0x1a82	0x1a82	0
0x1a83	0x1a83	0
0x1a84	0x1a84	0
0x1a87	0x1a87	0
0x1a88	0x1a88	0
0x1a89	0x1a89	0
0x1a8a	0x1a8a	0
0x1a8b	0x1a8b	0
0x1a8c	0x1a8c	0
0x1a8d	0x1a8d	0
0x1a8e	0x1a8e	0
0x1a8f	0x1a8f	0
0x1a90	0x1a90	0
0x1a91	0x1a91	0
0x1a92	0x1a92	0
0x1a93	0x1a93	0
0x1a94	0x1a94	0
0x1a95	0x1a95	0
0x1a96	0x1a96	0
0x1a97	0x1a97	0
0x1a99	0x1a99	0
0x1a9a	0x1a9a	0
0x1a9b	0x1a9b	0
0x1a9d	0x1a9d	0
0x1a9f	0x1a9f	0
0x1aa1	0x1aa1	0
0x1aa2	0x1aa2	0
0x1aa5	0x1aa5	0
0x1aa6	0x1aa6	0
0x1aa7	0x1aa7	0
0x1aa9	0x1aa9	0
0x1aaa	0x1aaa	0
0x1aab	0x1aab	0
0x1aad	0x1aad	0
0x1aae	0x1aae	0
0x1aaf	0x1aaf	0
0x1ab0	0x1ab0	0
0x1ab1	0x1ab1	0
0x1ab3	0x1ab3	0
0x1ab4	0x1ab4	0
0x1ab5	0x1ab5	0
0x1ab6	0x1ab6	0
0x1aba	0x1aba	0
0x1abb	0x1abb	0
0x1abc	0x1abc	0
0x1abf	0x1abf	0
0x1ac0	0x1ac0	0
0x1ac1	0x1ac1	0
0x1ac2	0x1ac2	0
0x1ac3	0x1ac3	0
0x1ac4	0x1ac4	0
0x1ac5	0x1ac5	0
0x1acb	0x1acb	0
0x1acc	0x1acc	0
0x1acd	0x1acd	0
0x1ad1	0x1ad1	0
0x1ad2	0x1ad2	0
0x1ada	0x1ada	0
0x1adb	0x1adb	0
0x1adc	0x1adc	0
0x1add	0x1add	0
0x1ae1	0x1ae1	0
0x1ae2	0x1ae2	0
0x1ae3	0x1ae3	0
0x1ae4	0x1ae4	0
0x1ae5	0x1ae5	0
0x1ae6	0x1ae6	0
0x1ae7	0x1ae7	0
0x1aeb	0x1aeb	0
0x1aec	0x1aec	0
0x1aed	0x1aed	0
0x1aee	0x1aee	0
0x1aef	0x1aef	0
0x1af4	0x1af4	0
0x1afb	0x1afb	0
0x1afc	0x1afc	0
0x1afd	0x1afd	0
0x1afe	0x1afe	0
0x1aff	0x1aff	0
0x1b00	0x1b00	0
0x1b01	0x1b01	0
0x1b02	0x1b02	0
0x1b03	0x1b03	0
0x1b04	0x1b04	0
0x1b05	0x1b05	0
0x1b06	0x1b06	0
0x1b07	0x1b07	0
0x1b08	0x1b08	0
0x1b09	0x1b09	0
0x1b0d	0x1b0d	0
0x1b0e	0x1b0e	0
0x1b0f	0x1b0f	0
0x1b10	0x1b10	0
0x1b18	0x1b18	0
0x1b19	0x1b19	0
0x1b1a	0x1b1a	0
0x1b1b	0x1b1b	0
0x1b1c	0x1b1c	0
0x1b1d	0x1b1d	0
0x1b24	0x1b24	0
0x1b25	0x1b25	0
0x1b26	0x1b26	0
0x1b27	0x1b27	0
0x1b28	0x1b28	0
0x1b29	0x1b29	0
0x1b2a	0x1b2a	0
0x1b2b	0x1b2b	0
0x1b32	0x1b32	0
0x1b39	0x1b39	0
0x1b3a	0x1b3a	0
0x1b3b	0x1b3b	0
0x1b3c	0x1b3c	0
0x1b3d	0x1b3d	0
0x1b3e	0x1b3e	0
0x1b3f	0x1b3f	0
0x1b40	0x1b40	0
0x1b41	0x1b41	0
0x1b42	0x1b42	0
0x1b4a	0x1b4a	0
0x1b4b	0x1b4b	0
0x1b4c	0x1b4c	0
0x1b4d	0x1b4d	0
0x1b4e	0x1b4e	0
0x1b55	0x1b55	0
0x1b58	0x1b58	0
0x1b59	0x1b59	0
0x1b5a	0x1b5a	0
0x1b5b	0x1b5b	0
0x1b5c	0x1b5c	0
0x1b5d	0x1b5d	0
0x1b5e	0x1b5e	0
0x1b5f	0x1b5f	0
0x1b60	0x1b60	0
0x1b61	0x1b61	0
0x1b62	0x1b62	0
0x1b63	0x1b63	0
0x1b64	0x1b64	0
0x1b65	0x1b65	0
0x1b66	0x1b66	0
0x1b67	0x1b67	0
0x1b68	0x1b68	0
0x1b69	0x1b69	0
0x1b6a	0x1b6a	0
0x1b6b	0x1b6b	0
0x1b6c	0x1b6c	0
0x1b6f	0x1b6f	0
0x1b70	0x1b70	0
0x1b71	0x1b71	0
0x1b72	0x1b72	0
0x1b73	0x1b73	0
0x1b76	0x1b76	0
0x1b77	0x1b77	0
0x1b78	0x1b78	0
0x1b79	0x1b79	0
0x1b7a	0x1b7a	0
0x1b7b	0x1b7b	0
0x1b7c	0x1b7c	0
0x1b7d	0x1b7d	0
0x1b7e	0x1b7e	0
0x1b81	0x1b81	0
0x1b82	0x1b82	0
0x1b83	0x1b83	0
0x1b84	0x1b84	0
0x1b85	0x1b85	0
0x1b88	0x1b88	0
0x1b89	0x1b89	0
0x1b8a	0x1b8a	0
0x1b8b	0x1b8b	0
0x1b8c	0x1b8c	0
0x1b8d	0x1b8d	0
0x1b8e	0x1b8e	0
0x1b8f	0x1b8f	0
0x1b90	0x1b90	0
0x1b91	0x1b91	0
0x1b92	0x1b92	0
0x1b93	0x1b93	0
0x1b94	0x1b94	0
0x1b95	0x1b95	0
0x1b96	0x1b96	0
0x1b97	0x1b97	0
0x1b98	0x1b98	0
0x1b99	0x1b99	0
0x1b9a	0x1b9a	0
0x1b9b	0x1b9b	0
0x1b9c	0x1b9c	0
0x1b9d	0x1b9d	0
0x1b9e	0x1b9e	0
0x1b9f	0x1b9f	0
0x1ba0	0x1ba0	0
0x1ba1	0x1ba1	0
0x1ba2	0x1ba2	0
0x1ba3	0x1ba3	0
0x1ba4	0x1ba4	0
0x1ba5	0x1ba5	0
0x1ba6	0x1ba6	0
0x1ba7	0x1ba7	0
0x1ba8	0x1ba8	0
0x1ba9	0x1ba9	0
0x1baa	0x1baa	0
0x1bab	0x1bab	0
0x1bac	0x1bac	0
0x1bad	0x1bad	0
0x1bae	0x1bae	0
0x1baf	0x1baf	0
0x1bb0	0x1bb0	0
0x1bb1	0x1bb1	0
0x1bb2	0x1bb2	0
0x1bb3	0x1bb3	0
0x1bb4	0x1bb4	0
0x1bb5	0x1bb5	0
0x1bb6	0x1bb6	0
0x1bb7	0x1bb7	0
0x1bb8	0x1bb8	0
0x1bc0	0x1bc0	0
0x1bc1	0x1bc1	0
0x1bc2	0x1bc2	0
0x1bc3	0x1bc3	0
0x1bc4	0x1bc4	0
0x1bcc	0x1bcc	0
0x1bcd	0x1bcd	0
0x1bce	0x1bce	0
0x1bcf	0x1bcf	0
0x1bd0	0x1bd0	0
0x1bd1	0x1bd1	0
0x1bd2	0x1bd2	0
0x1bd3	0x1bd3	0
0x1bd4	0x1bd4	0
0x1bd5	0x1bd5	0
0x1bd6	0x1bd6	0
0x1bd7	0x1bd7	0
0x1bd9	0x1bd9	0
0x1bda	0x1bda	0
0x1bdb	0x1bdb	0
0x1bdc	0x1bdc	0
0x1bdd	0x1bdd	0
0x1bde	0x1bde	0
0x1bdf	0x1bdf	0
0x1be0	0x1be0	0
0x1be1	0x1be1	0
0x1be2	0x1be2	0
0x1be3	0x1be3	0
0x1be4	0x1be4	0
0x1be5	0x1be5	0
0x1be6	0x1be6	0
0x1be7	0x1be7	0
0x1be8	0x1be8	0
0x1be9	0x1be9	0
0x1bea	0x1bea	0
0x1beb	0x1beb	0
0x1bec	0x1bec	0
0x1bed	0x1bed	0
0x1bee	0x1bee	0
0x1bef	0x1bef	0
0x1bf0	0x1bf0	0
0x1bf1	0x1bf1	0
0x1bf2	0x1bf2	0
0x1bf3	0x1bf3	0
0x1bf4	0x1bf4	0
0x1bf5	0x1bf5	0
0x1bf6	0x1bf6	0
0x1bf7	0x1bf7	0
0x1bf8	0x1bf8	0
0x1bf9	0x1bf9	0
0x1bfa	0x1bfa	0
0x1bfc	0x1bfc	0
0x1bfd	0x1bfd	0
0x1bfe	0x1bfe	0
0x1bff	0x1bff	0
0x1c03	0x1c03	0
0x1c04	0x1c04	0
0x1c05	0x1c05	0
0x1c06	0x1c06	0
0x1c07	0x1c07	0
0x1c0e	0x1c0e	0
0x1c0f	0x1c0f	0
0x1c13	0x1c13	0
0x1c14	0x1c14	0
0x1c19	0x1c19	0
0x1c1a	0x1c1a	0
0x1c22	0x1c22	0
0x1c23	0x1c23	0
0x1c2a	0x1c2a	0
0x1c2b	0x1c2b	0
0x1c2f	0x1c2f	0
0x1c30	0x1c30	0
0x1c31	0x1c31	0
0x1c32	0x1c32	0
0x1c33	0x1c33	0
0x1c34	0x1c34	0
0x1c35	0x1c35	0
0x1c36	0x1c36	0
0x1c37	0x1c37	0
0x1c38	0x1c38	0
0x1c39	0x1c39	0
0x1c3a	0x1c3a	0
0x1c3b	0x1c3b	0
0x1c3c	0x1c3c	0
0x1c3d	0x1c3d	0
0x1c3e	0x1c3e	0
0x1c3f	0x1c3f	0
0x1c40	0x1c40	0
0x1c41	0x1c41	0
0x1c42	0x1c42	0
0x1c45	0x1c45	0
0x1c46	0x1c46	0
0x1c47	0x1c47	0
0x1c48	0x1c48	0
0x1c49	0x1c49	0
0x1c4d	0x1c4d	0
0x1c4e	0x1c4e	0
0x1c4f	0x1c4f	0
0x1c50	0x1c50	0
0x1c51	0x1c51	0
0x1c53	0x1c53	0
0x1c54	0x1c54	0
0x1c55	0x1c55	0
0x1c56	0x1c56	0
0x1c57	0x1c57	0
0x1c58	0x1c58	0
0x1c5c	0x1c5c	0
0x1c5d	0x1c5d	0
0x1c5e	0x1c5e	0
0x1c61	0x1c61	0
0x1c62	0x1c62	0
0x1c63	0x1c63	0
0x1c64	0x1c64	0
0x1c65	0x1c65	0
0x1c66	0x1c66	0
0x1c67	0x1c67	0
0x1c6e	0x1c6e	0
0x1c6f	0x1c6f	0
0x1c73	0x1c73	0
0x1c74	0x1c74	0
0x1c77	0x1c77	0
0x1c78	0x1c78	0
0x1c79	0x1c79	0
0x1c7d	0x1c7d	0
0x1c7f	0x1c7f	0
0x1c80	0x1c80	0
0x1c86	0x1c86	0
0x1c87	0x1c87	0
0x1c88	0x1c88	0
0x1c89	0x1c89	0
0x1c8d	0x1c8d	0
0x1c8e	0x1c8e	0
0x1c8f	0x1c8f	0
0x1c90	0x1c90	0
0x1c91	0x1c91	0
0x1c95	0x1c95	0
0x1c96	0x1c96	0
0x1c99	0x1c99	0
0x1c9b	0x1c9b	0
0x1ca2	0x1ca2	0
0x1ca3	0x1ca3	0
0x1ca4	0x1ca4	0
0x1ca5	0x1ca5	0
0x1ca6	0x1ca6	0
0x1ca7	0x1ca7	0
0x1ca8	0x1ca8	0
0x1ca9	0x1ca9	0
0x1caa	0x1caa	0
0x1cab	0x1cab	0
0x1cac	0x1cac	0
0x1cad	0x1cad	0
0x1cb3	0x1cb3	0
0x1cb7	0x1cb7	0
0x1cb8	0x1cb8	0
0x1cb9	0x1cb9	0
0x1cba	0x1cba	0
0x1cc2	0x1cc2	0
0x1cc3	0x1cc3	0
0x1cc4	0x1cc4	0
0x1cc5	0x1cc5	0
0x1cc6	0x1cc6	0
0x1cc7	0x1cc7	0
0x1cce	0x1cce	0
0x1ccf	0x1ccf	0
0x1cd0	0x1cd0	0
0x1cd1	0x1cd1	0
0x1cd2	0x1cd2	0
0x1cd3	0x1cd3	0
0x1cd4	0x1cd4	0
0x1cd5	0x1cd5	0
0x1cdc	0x1cdc	0
0x1ce3	0x1ce3	0
0x1ce4	0x1ce4	0
0x1ce5	0x1ce5	0
0x1ce6	0x1ce6	0
0x1ce7	0x1ce7	0
0x1ce8	0x1ce8	0
0x1ce9	0x1ce9	0
0x1cea	0x1cea	0
0x1ceb	0x1ceb	0
0x1cec	0x1cec	0
0x1cf4	0x1cf4	0
0x1cf5	0x1cf5	0
0x1cf6	0x1cf6	0
0x1cf7	0x1cf7	0
0x1cf8	0x1cf8	0
0x1cff	0x1cff	0
0x1d02	0x1d02	0
0x1d03	0x1d03	0
0x1d04	0x1d04	0
0x1d05	0x1d05	0
0x1d06	0x1d06	0
0x1d07	0x1d07	0
0x1d08	0x1d08	0
0x1d09	0x1d09	0
0x1d0a	0x1d0a	0
0x1d0b	0x1d0b	0
0x1d0c	0x1d0c	0
0x1d0d	0x1d0d	0
0x1d0e	0x1d0e	0
0x1d0f	0x1d0f	0
0x1d10	0x1d10	0
0x1d11	0x1d11	0
0x1d12	0x1d12	0
0x1d13	0x1d13	0
0x1d14	0x1d14	0
0x1d15	0x1d15	0
0x1d16	0x1d16	0
0x1d19	0x1d19	0
0x1d1a	0x1d1a	0
0x1d1b	0x1d1b	0
0x1d1c	0x1d1c	0
0x1d1d	0x1d1d	0
0x1d20	0x1d20	0
0x1d21	0x1d21	0
0x1d22	0x1d22	0
0x1d23	0x1d23	0
0x1d24	0x1d24	0
0x1d25	0x1d25	0
0x1d26	0x1d26	0
0x1d27	0x1d27	0
0x1d28	0x1d28	0
0x1d2b	0x1d2b	0
0x1d2c	0x1d2c	0
0x1d2d	0x1d2d	0
0x1d2e	0x1d2e	0
0x1d2f	0x1d2f	0
0x1d32	0x1d32	0
0x1d33	0x1d33	0
0x1d34	0x1d34	0
0x1d35	0x1d35	0
0x1d36	0x1d36	0
0x1d37	0x1d37	0
0x1d38	0x1d38	0
0x1d39	0x1d39	0
0x1d3a	0x1d3a	0
0x1d3b	0x1d3b	0
0x1d3c	0x1d3c	0
0x1d3d	0x1d3d	0
0x1d3e	0x1d3e	0
0x1d3f	0x1d3f	0
0x1d40	0x1d40	0
0x1d41	0x1d41	0
0x1d42	0x1d42	0
0x1d43	0x1d43	0
0x1d44	0x1d44	0
0x1d45	0x1d45	0
0x1d46	0x1d46	0
0x1d47	0x1d47	0
0x1d48	0x1d48	0
0x1d49	0x1d49	0
0x1d4a	0x1d4a	0
0x1d4b	0x1d4b	0
0x1d4c	0x1d4c	0
0x1d4d	0x1d4d	0
0x1d4e	0x1d4e	0
0x1d4f	0x1d4f	0
0x1d50	0x1d50	0
0x1d51	0x1d51	0
0x1d52	0x1d52	0
0x1d53	0x1d53	0
0x1d54	0x1d54	0
0x1d55	0x1d55	0
0x1d56	0x1d56	0
0x1d57	0x1d57	0
0x1d58	0x1d58	0
0x1d59	0x1d59	0
0x1d5a	0x1d5a	0
0x1d5b	0x1d5b	0
0x1d5c	0x1d5c	0
0x1d5d	0x1d5d	0
0x1d5e	0x1d5e	0
0x1d5f	0x1d5f	0
0x1d60	0x1d60	0
0x1d61	0x1d61	0
0x1d62	0x1d62	0
0x1d6a	0x1d6a	0
0x1d6b	0x1d6b	0
0x1d6c	0x1d6c	0
0x1d6d	0x1d6d	0
0x1d6e	0x1d6e	0
0x1d76	0x1d76	0
0x1d77	0x1d77	0
0x1d78	0x1d78	0
0x1d79	0x1d79	0
0x1d7a	0x1d7a	0
0x1d7b	0x1d7b	0
0x1d7c	0x1d7c	0
0x1d7d	0x1d7d	0
0x1d7e	0x1d7e	0
0x1d7f	0x1d7f	0
0x1d80	0x1d80	0
0x1d81	0x1d81	0
0x1d83	0x1d83	0
0x1d84	0x1d84	0
0x1d85	0x1d85	0
0x1d86	0x1d86	0
0x1d87	0x1d87	0
0x1d88	0x1d88	0
0x1d89	0x1d89	0
0x1d8a	0x1d8a	0
0x1d8b	0x1d8b	0
0x1d8c	0x1d8c	0
0x1d8d	0x1d8d	0
0x1d8e	0x1d8e	0
0x1d8f	0x1d8f	0
0x1d90	0x1d90	0
0x1d91	0x1d91	0
0x1d92	0x1d92	0
0x1d93	0x1d93	0
0x1d94	0x1d94	0
0x1d95	0x1d95	0
0x1d96	0x1d96	0
0x1d97	0x1d97	0
0x1d98	0x1d98	0
0x1d99	0x1d99	0
0x1d9a	0x1d9a	0
0x1d9b	0x1d9b	0
0x1d9c	0x1d9c	0
0x1d9d	0x1d9d	0
0x1d9e	0x1d9e	0
0x1d9f	0x1d9f	0
0x1da0	0x1da0	0
0x1da1	0x1da1	0
0x1da2	0x1da2	0
0x1da3	0x1da3	0
0x1da4	0x1da4	0
0x1da6	0x1da6	0
0x1da7	0x1da7	0
0x1da8	0x1da8	0
0x1da9	0x1da9	0
0x1dad	0x1dad	0
0x1dae	0x1dae	0
0x1daf	0x1daf	0
0x1db0	0x1db0	0
0x1db1	0x1db1	0
0x1db8	0x1db8	0
0x1db9	0x1db9	0
0x1dbd	0x1dbd	0
0x1dbe	0x1dbe	0
0x1dc3	0x1dc3	0
0x1dc4	0x1dc4	0
0x1dcc	0x1dcc	0
0x1dcd	0x1dcd	0
0x1dd4	0x1dd4	0
0x1dd5	0x1dd5	0
0x1dd9	0x1dd9	0
0x1dda	0x1dda	0
0x1ddb	0x1ddb	0
0x1ddc	0x1ddc	0
0x1ddd	0x1ddd	0
0x1dde	0x1dde	0
0x1ddf	0x1ddf	0
0x1de0	0x1de0	0
0x1de1	0x1de1	0
0x1de3	0x1de3	0
0x1de4	0x1de4	0
0x1dec	0x1dec	0
0x1ded	0x1ded	0
0x1dee	0x1dee	0
0x1def	0x1def	0
0x1df0	0x1df0	0
0x1df1	0x1df1	0
0x1df2	0x1df2	0
0x1df3	0x1df3	0
0x1df4	0x1df4	0
0x1df5	0x1df5	0
0x1df6	0x1df6	0
0x1df7	0x1df7	0
0x1df8	0x1df8	0
0x1df9	0x1df9	0
0x1dfa	0x1dfa	0
0x1dfb	0x1dfb	0
0x1dfc	0x1dfc	0
0x1dfd	0x1dfd	0
0x1dfe	0x1dfe	0
0x1dff	0x1dff	0
0x1e00	0x1e00	0
0x1e01	0x1e01	0
0x1e02	0x1e02	0
0x1e03	0x1e03	0
0x1e04	0x1e04	0
0x1e05	0x1e05	0
0x1e06	0x1e06	0
0x1e07	0x1e07	0
0x1e08	0x1e08	0
0x1e09	0x1e09	0
0x1e0a	0x1e0a	0
0x1e0b	0x1e0b	0
0x1e0c	0x1e0c	0
0x1e0d	0x1e0d	0
0x1e0e	0x1e0e	0
0x1e10	0x1e10	0
0x1e11	0x1e11	0
0x1e13	0x1e13	0
0x1e14	0x1e14	0
0x1e15	0x1e15	0
0x1e16	0x1e16	0
0x1e17	0x1e17	0
0x1e18	0x1e18	0
0x1e19	0x1e19	0
0x1e1a	0x1e1a	0
0x1e1b	0x1e1b	0
0x1e1c	0x1e1c	0
0x1e1d	0x1e1d	0
0x1e1e	0x1e1e	0
0x1e1f	0x1e1f	0
0x1e20	0x1e20	0
0x1e21	0x1e21	0
0x1e22	0x1e22	0
0x1e23	0x1e23	0
0x1e24	0x1e24	0
0x1e25	0x1e25	0
0x1e26	0x1e26	0
0x1e27	0x1e27	0
0x1e28	0x1e28	0
0x1e29	0x1e29	0
0x1e2a	0x1e2a	0
0x1e2b	0x1e2b	0
0x1e2c	0x1e2c	0
0x1e2d	0x1e2d	0
0x1e2e	0x1e2e	0
0x1e2f	0x1e2f	0
0x1e30	0x1e30	0
0x1e31	0x1e31	0
0x1e32	0x1e32	0
0x1e33	0x1e33	0
0x1e34	0x1e34	0
0x1e35	0x1e35	0
0x1e36	0x1e36	0
0x1e37	0x1e37	0
0x1e38	0x1e38	0
0x1e39	0x1e39	0
0x1e3a	0x1e3a	0
0x1e3b	0x1e3b	0
0x1e3c	0x1e3c	0
0x1e3d	0x1e3d	0
0x1e3e	0x1e3e	0
0x1e41	0x1e41	0
0x1e42	0x1e42	0
0x1e43	0x1e43	0
0x1e44	0x1e44	0
0x1e45	0x1e45	0
0x1e46	0x1e46	0
0x1e47	0x1e47	0
0x1e48	0x1e48	0
0x1e49	0x1e49	0
0x1e4a	0x1e4a	0
0x1e4b	0x1e4b	0
0x1e4d	0x1e4d	0
0x1e55	0x1e55	0
0x1e56	0x1e56	0
0x1e57	0x1e57	0
0x1e58	0x1e58	0
0x1e59	0x1e59	0
0x1e5c	0x1e5c	0
0x1e62	0x1e62	0
0x1e63	0x1e63	0
0x1e64	0x1e64	0
0x1e68	0x1e68	0
0x1e70	0x1e70	0
0x1e75	0x1e75	0
0x1e76	0x1e76	0
0x1e79	0x1e79	0
0x1e7a	0x1e7a	0
0x1e7c	0x1e7c	0
0x1e82	0x1e82	0
0x1e85	0x1e85	0
0x1e8b	0x1e8b	0
0x1e8c	0x1e8c	0
0x1e8d	0x1e8d	0
0x1e8f	0x1e8f	0
0x1e90	0x1e90	0
0x1e91	0x1e91	0
0x1e92	0x1e92	0
0x1e93	0x1e93	0
0x1e95	0x1e95	0
0x1e96	0x1e96	0
0x1e99	0x1e99	0
0x1e9d	0x1e9d	0
0x1e9e	0x1e9e	0
0x1e9f	0x1e9f	0
0x1ea0	0x1ea0	0
0x1ea1	0x1ea1	0
0x1ea2	0x1ea2	0
0x1ea3	0x1ea3	0
0x1ea4	0x1ea4	0
0x1ea5	0x1ea5	0
0x1ea9	0x1ea9	0
0x1eaa	0x1eaa	0
0x1eab	0x1eab	0
0x1eac	0x1eac	0
0x1ead	0x1ead	0
0x1eae	0x1eae	0
0x1eaf	0x1eaf	0
0x1eb0	0x1eb0	0
0x1eb1	0x1eb1	0
0x1eb2	0x1eb2	0
0x1eb3	0x1eb3	0
0x1eb4	0x1eb4	0
0x1eb5	0x1eb5	0
0x1eb6	0x1eb6	0
0x1eb9	0x1eb9	0
0x1eba	0x1eba	0
0x1ebb	0x1ebb	0
0x1ebc	0x1ebc	0
0x1ebd	0x1ebd	0
0x1ec1	0x1ec1	0
0x1ec2	0x1ec2	0
0x1ec3	0x1ec3	0
0x1ec4	0x1ec4	0
0x1ec5	0x1ec5	0
0x1ec7	0x1ec7	0
0x1ec8	0x1ec8	0
0x1ec9	0x1ec9	0
0x1eca	0x1eca	0
0x1ecb	0x1ecb	0
0x1ecc	0x1ecc	0
0x1ecd	0x1ecd	0
0x1ece	0x1ece	0
0x1ecf	0x1ecf	0
0x1ed7	0x1ed7	0
0x1ed8	0x1ed8	0
0x1ed9	0x1ed9	0
0x1eda	0x1eda	0
0x1edb	0x1edb	0
0x1edc	0x1edc	0
0x1ee6	0x1ee6	0
0x1ee7	0x1ee7	0
0x1ee8	0x1ee8	0
0x1ee9	0x1ee9	0
0x1eec	0x1eec	0
0x1eed	0x1eed	0
0x1eee	0x1eee	0
0x1eef	0x1eef	0
0x1ef3	0x1ef3	0
0x1ef4	0x1ef4	0
0x1ef5	0x1ef5	0
0x1ef6	0x1ef6	0
0x1ef7	0x1ef7	0
0x1ef8	0x1ef8	0
0x1ef9	0x1ef9	0
0x1efd	0x1efd	0
0x1efe	0x1efe	0
0x1eff	0x1eff	0
0x1f00	0x1f00	0
0x1f01	0x1f01	0
0x1f02	0x1f02	0
0x1f03	0x1f03	0
0x1f04	0x1f04	0
0x1f05	0x1f05	0
0x1f06	0x1f06	0
0x1f07	0x1f07	0
0x1f08	0x1f08	0
0x1f09	0x1f09	0
0x1f11	0x1f11	0
0x1f15	0x1f15	0
0x1f16	0x1f16	0
0x1f17	0x1f17	0
0x1f18	0x1f18	0
0x1f19	0x1f19	0
0x1f21	0x1f21	0
0x1f22	0x1f22	0
0x1f23	0x1f23	0
0x1f24	0x1f24	0
0x1f25	0x1f25	0
0x1f29	0x1f29	0
0x1f2a	0x1f2a	0
0x1f2b	0x1f2b	0
0x1f2c	0x1f2c	0
0x1f2d	0x1f2d	0
0x1f2e	0x1f2e	0
0x1f2f	0x1f2f	0
0x1f30	0x1f30	0
0x1f31	0x1f31	0
0x1f32	0x1f32	0
0x1f33	0x1f33	0
0x1f34	0x1f34	0
0x1f35	0x1f35	0
0x1f3d	0x1f3d	0
0x1f41	0x1f41	0
0x1f45	0x1f45	0
0x1f46	0x1f46	0
0x1f47	0x1f47	0
0x1f4f	0x1f4f	0
0x1f50	0x1f50	0
0x1f51	0x1f51	0
0x1f52	0x1f52	0
0x1f53	0x1f53	0
0x1f57	0x1f57	0
0x1f58	0x1f58	0
0x1f59	0x1f59	0
0x1f5a	0x1f5a	0
0x1f5b	0x1f5b	0
0x1f5c	0x1f5c	0
0x1f5d	0x1f5d	0
0x1f5e	0x1f5e	0
0x1f5f	0x1f5f	0
0x1f60	0x1f60	0
0x1f61	0x1f61	0
0x1f62	0x1f62	0
0x1f63	0x1f63	0
0x1f6b	0x1f6b	0
0x1f6f	0x1f6f	0
0x1f73	0x1f73	0
0x1f74	0x1f74	0
0x1f75	0x1f75	0
0x1f76	0x1f76	0
0x1f77	0x1f77	0
0x1f7f	0x1f7f	0
0x1f80	0x1f80	0
0x1f81	0x1f81	0
0x1f82	0x1f82	0
0x1f83	0x1f83	0
0x1f84	0x1f84	0
0x1f8c	0x1f8c	0
0x1f8d	0x1f8d	0
0x1f8e	0x1f8e	0
0x1f8f	0x1f8f	0
0x1f90	0x1f90	0
0x1f91	0x1f91	0
0x1f99	0x1f99	0
0x1f9a	0x1f9a	0
0x1fa2	0x1fa2	0
0x1fa3	0x1fa3	0
0x1fa4	0x1fa4	0
0x1fa5	0x1fa5	0
0x1fa6	0x1fa6	0
0x1fa7	0x1fa7	0
0x1fa8	0x1fa8	0
0x1fa9	0x1fa9	0
0x1faa	0x1faa	0
0x1fab	0x1fab	0
0x1fae	0x1fae	0
0x1faf	0x1faf	0
0x1fb0	0x1fb0	0
0x1fb1	0x1fb1	0
0x1fb2	0x1fb2	0
0x1fb3	0x1fb3	0
0x1fb4	0x1fb4	0
0x1fb5	0x1fb5	0
0x1fb7	0x1fb7	0
0x1fb8	0x1fb8	0
0x1fb9	0x1fb9	0
0x1fba	0x1fba	0
0x1fbb	0x1fbb	0
0x1fbc	0x1fbc	0
0x1fbd	0x1fbd	0
0x1fc0	0x1fc0	0
0x1fc1	0x1fc1	0
0x1fc2	0x1fc2	0
0x1fc3	0x1fc3	0
0x1fc4	0x1fc4	0
0x1fc5	0x1fc5	0
0x1fc6	0x1fc6	0
0x1fc7	0x1fc7	0
0x1fce	0x1fce	0
0x1fcf	0x1fcf	0
0x1fd0	0x1fd0	0
0x1fd1	0x1fd1	0
0x1fd2	0x1fd2	0
0x1fd3	0x1fd3	0
0x1fd4	0x1fd4	0
0x1fd5	0x1fd5	0
0x1fd9	0x1fd9	0
0x1fda	0x1fda	0
0x1fdb	0x1fdb	0
0x1fdc	0x1fdc	0
0x1fdd	0x1fdd	0
0x1fde	0x1fde	0
0x1fdf	0x1fdf	0
0x1fe0	0x1fe0	0
0x1fe1	0x1fe1	0
0x1fe2	0x1fe2	0
0x1fe3	0x1fe3	0
0x1fe5	0x1fe5	0
0x1fe6	0x1fe6	0
0x1fe7	0x1fe7	0
0x1fe8	0x1fe8	0
0x1fe9	0x1fe9	0
0x1fea	0x1fea	0
0x1feb	0x1feb	0
0x1fef	0x1fef	0
0x1ff1	0x1ff1	0
0x1ff3	0x1ff3	0
0x1ff4	0x1ff4	0
0x1ff5	0x1ff5	0
0x1ff6	0x1ff6	0
0x1ff7	0x1ff7	0
0x1ff8	0x1ff8	0
0x1ff9	0x1ff9	0
0x1ffa	0x1ffa	0
0x1ffb	0x1ffb	0
0x1ffc	0x1ffc	0
0x1ffd	0x1ffd	0
0x1ffe	0x1ffe	0
0x1fff	0x1fff	0
0x2003	0x2003	0
0x2004	0x2004	0
0x200c	0x200c	0
0x2014	0x2014	0
0x201c	0x201c	0
0x2024	0x2024	0
0x202d	0x202d	0
0x202f	0x202f	0
0x2031	0x2031	0
0x2032	0x2032	0
0x2035	0x2035	0
0x2036	0x2036	0
0x2037	0x2037	0
0x2038	0x2038	0
0x2039	0x2039	0
0x203c	0x203c	0
0x203d	0x203d	0
0x2045	0x2045	0
0x2048	0x2048	0
0x2049	0x2049	0
0x204a	0x204a	0
0x204b	0x204b	0
0x204c	0x204c	0
0x204d	0x204d	0
0x204e	0x204e	0
0x204f	0x204f	0
0x2050	0x2050	0
0x2051	0x2051	0
0x2052	0x2052	0
0x2053	0x2053	0
0x2054	0x2054	0
0x2055	0x2055	0
0x2059	0x2059	0
0x205a	0x205a	0
0x2062	0x2062	0
0x2063	0x2063	0
0x2064	0x2064	0
0x2065	0x2065	0
0x2069	0x2069	0
0x206a	0x206a	0
0x206b	0x206b	0
0x206c	0x206c	0
0x206d	0x206d	0
0x206e	0x206e	0
0x206f	0x206f	0
0x2073	0x2073	0
0x2074	0x2074	0
0x2075	0x2075	0
0x2076	0x2076	0
0x2077	0x2077	0
0x207c	0x207c	0
0x2083	0x2083	0
0x2084	0x2084	0
0x2085	0x2085	0
0x2086	0x2086	0
0x2087	0x2087	0
0x2088	0x2088	0
0x2089	0x2089	0
0x208a	0x208a	0
0x208b	0x208b	0
0x208c	0x208c	0
0x208d	0x208d	0
0x208e	0x208e	0
0x208f	0x208f	0
0x2090	0x2090	0
0x2091	0x2091	0
0x2095	0x2095	0
0x2096	0x2096	0
0x2097	0x2097	0
0x2098	0x2098	0
0x2099	0x2099	0
0x209d	0x209d	0
0x209e	0x209e	0
0x20a1	0x20a1	0
0x20a2	0x20a2	0
0x20a3	0x20a3	0
0x20a7	0x20a7	0
0x20a9	0x20a9	0
0x20aa	0x20aa	0
0x20b0	0x20b0	0
0x20b1	0x20b1	0
0x20b2	0x20b2	0
0x20b3	0x20b3	0
0x20b7	0x20b7	0
0x20b8	0x20b8	0
0x20b9	0x20b9	0
0x20ba	0x20ba	0
0x20bb	0x20bb	0
0x20bf	0x20bf	0
0x20c0	0x20c0	0
0x20c3	0x20c3	0
0x20c5	0x20c5	0
0x20cc	0x20cc	0
0x20cd	0x20cd	0
0x20ce	0x20ce	0
0x20cf	0x20cf	0
0x20d0	0x20d0	0
0x20d1	0x20d1	0
0x20d2	0x20d2	0
0x20d3	0x20d3	0
0x20d4	0x20d4	0
0x20d5	0x20d5	0
0x20d9	0x20d9	0
0x20da	0x20da	0
0x20db	0x20db	0
0x20dc	0x20dc	0
0x20dd	0x20dd	0
0x20de	0x20de	0
0x20df	0x20df	0
0x20e3	0x20e3	0
0x20e7	0x20e7	0
0x20ec	0x20ec	0
0x20ed	0x20ed	0
0x20ee	0x20ee	0
0x20ef	0x20ef	0
0x20f4	0x20f4	0
0x20f5	0x20f5	0
0x20f6	0x20f6	0
0x20f7	0x20f7	0
0x20f8	0x20f8	0
0x20f9	0x20f9	0
0x20fa	0x20fa	0
0x20fb	0x20fb	0
0x20fc	0x20fc	0
0x20fd	0x20fd	0
0x20fe	0x20fe	0
0x20ff	0x20ff	0
0x2100	0x2100	0
0x2101	0x2101	0
0x2102	0x2102	0
0x2103	0x2103	0
0x2104	0x2104	0
0x2105	0x2105	0
0x2106	0x2106	0
0x2107	0x2107	0
0x2108	0x2108	0
0x2109	0x2109	0
0x210b	0x210b	0
0x210c	0x210c	0
0x210d	0x210d	0
0x210f	0x210f	0
0x2110	0x2110	0
0x2111	0x2111	0
0x2112	0x2112	0
0x2113	0x2113	0
0x2114	0x2114	0
0x2115	0x2115	0
0x2116	0x2116	0
0x2117	0x2117	0
0x211a	0x211a	0
0x211b	0x211b	0
0x211c	0x211c	0
0x211d	0x211d	0
0x211e	0x211e	0
0x211f	0x211f	0
0x2120	0x2120	0
0x2121	0x2121	0
0x2123	0x2123	0
0x2124	0x2124	0
0x2125	0x2125	0
0x2126	0x2126	0
0x2127	0x2127	0
0x2128	0x2128	0
0x2129	0x2129	0
0x212c	0x212c	0
0x212d	0x212d	0
0x212e	0x212e	0
0x212f	0x212f	0
0x2130	0x2130	0
0x2131	0x2131	0
0x2132	0x2132	0
0x2133	0x2133	0
0x2135	0x2135	0
0x2136	0x2136	0
0x2137	0x2137	0
0x2138	0x2138	0
0x2139	0x2139	0
0x213a	0x213a	0
0x213b	0x213b	0
0x213e	0x213e	0
0x213f	0x213f	0
0x2140	0x2140	0
0x2141	0x2141	0
0x2142	0x2142	0
0x2143	0x2143	0
0x2144	0x2144	0
0x2145	0x2145	0
0x2146	0x2146	0
0x2147	0x2147	0
0x2148	0x2148	0
0x2149	0x2149	0
0x214a	0x214a	0
0x214b	0x214b	0
0x214c	0x214c	0
0x2150	0x2150	0
0x2151	0x2151	0
0x2152	0x2152	0
0x2153	0x2153	0
0x2154	0x2154	0
0x2155	0x2155	0
0x2156	0x2156	0
0x2157	0x2157	0
0x2158	0x2158	0
0x2160	0x2160	0
0x2161	0x2161	0
0x2162	0x2162	0
0x2163	0x2163	0
0x2164	0x2164	0
0x2165	0x2165	0
0x2166	0x2166	0
0x2167	0x2167	0
0x2168	0x2168	0
0x216b	0x216b	0
0x216c	0x216c	0
0x216d	0x216d	0
0x216e	0x216e	0
0x216f	0x216f	0
0x2172	0x2172	0
0x2173	0x2173	0
0x2174	0x2174	0
0x2175	0x2175	0
0x2176	0x2176	0
0x217a	0x217a	0
0x217b	0x217b	0
0x217c	0x217c	0
0x217e	0x217e	0
0x217f	0x217f	0
0x2180	0x2180	0
0x2181	0x2181	0
0x2182	0x2182	0
0x2183	0x2183	0
0x2184	0x2184	0
0x2185	0x2185	0
0x2186	0x2186	0
0x2187	0x2187	0
0x2188	0x2188	0
0x2189	0x2189	0
0x218a	0x218a	0
0x2190	0x2190	0
0x2197	0x2197	0
0x2198	0x2198	0
0x2199	0x2199	0
0x219a	0x219a	0
0x219b	0x219b	0
0x219c	0x219c	0
0x219d	0x219d	0
0x219e	0x219e	0
0x219f	0x219f	0
0x21a0	0x21a0	0
0x21a8	0x21a8	0
0x21a9	0x21a9	0
0x21aa	0x21aa	0
0x21ab	0x21ab	0
0x21ac	0x21ac	0
0x21b3	0x21b3	0
0x21b6	0x21b6	0
0x21b7	0x21b7	0
0x21b8	0x21b8	0
0x21b9	0x21b9	0
0x21ba	0x21ba	0
0x21bb	0x21bb	0
0x21bc	0x21bc	0
0x21bd	0x21bd	0
0x21be	0x21be	0
0x21bf	0x21bf	0
0x21c0	0x21c0	0
0x21c1	0x21c1	0
0x21c2	0x21c2	0
0x21c3	0x21c3	0
0x21c4	0x21c4	0
0x21c5	0x21c5	0
0x21c6	0x21c6	0
0x21c7	0x21c7	0
0x21c8	0x21c8	0
0x21c9	0x21c9	0
0x21ca	0x21ca	0
0x21cd	0x21cd	0
0x21ce	0x21ce	0
0x21cf	0x21cf	0
0x21d0	0x21d0	0
0x21d1	0x21d1	0
0x21d4	0x21d4	0
0x21d5	0x21d5	0
0x21d6	0x21d6	0
0x21d7	0x21d7	0
0x21d8	0x21d8	0
0x21d9	0x21d9	0
0x21da	0x21da	0
0x21db	0x21db	0
0x21dc	0x21dc	0
0x21df	0x21df	0
0x21e0	0x21e0	0
0x21e1	0x21e1	0
0x21e2	0x21e2	0
0x21e3	0x21e3	0
0x21e6	0x21e6	0
0x21e7	0x21e7	0
0x21e8	0x21e8	0
0x21e9	0x21e9	0
0x21ea	0x21ea	0
0x21eb	0x21eb	0
0x21ec	0x21ec	0
0x21ed	0x21ed	0
0x21ee	0x21ee	0
0x21ef	0x21ef	0
0x21f0	0x21f0	0
0x21f1	0x21f1	0
0x21f2	0x21f2	0
0x21f3	0x21f3	0
0x21f4	0x21f4	0
0x21f5	0x21f5	0
0x21f6	0x21f6	0
0x21f7	0x21f7	0
0x21f8	0x21f8	0
0x21f9	0x21f9	0
0x21fa	0x21fa	0
0x21fb	0x21fb	0
0x21fc	0x21fc	0
0x21fd	0x21fd	0
0x21fe	0x21fe	0
0x21ff	0x21ff	0
0x2200	0x2200	0
0x2201	0x2201	0
0x2202	0x2202	0
0x2203	0x2203	0
0x2204	0x2204	0
0x2205	0x2205	0
0x2206	0x2206	0
0x2207	0x2207	0
0x2208	0x2208	0
0x2209	0x2209	0
0x220a	0x220a	0
0x220b	0x220b	0
0x220c	0x220c	0
0x220d	0x220d	0
0x220e	0x220e	0
0x220f	0x220f	0
0x2210	0x2210	0
0x2211	0x2211	0
0x2212	0x2212	0
0x2213	0x2213	0
0x2214	0x2214	0
0x2215	0x2215	0
0x2216	0x2216	0
0x221e	0x221e	0
0x221f	0x221f	0
0x2220	0x2220	0
0x2221	0x2221	0
0x2222	0x2222	0
0x222a	0x222a	0
0x222b	0x222b	0
0x222c	0x222c	0
0x222d	0x222d	0
0x222e	0x222e	0
0x222f	0x222f	0
0x2230	0x2230	0
0x2231	0x2231	0
0x2232	0x2232	0
0x2233	0x2233	0
0x2234	0x2234	0
0x2235	0x2235	0
0x2237	0x2237	0
0x2238	0x2238	0
0x2239	0x2239	0
0x223a	0x223a	0
0x223b	0x223b	0
0x223c	0x223c	0
0x223d	0x223d	0
0x223e	0x223e	0
0x223f	0x223f	0
0x2240	0x2240	0
0x2241	0x2241	0
0x2242	0x2242	0
0x2243	0x2243	0
0x2244	0x2244	0
0x2245	0x2245	0
0x2246	0x2246	0
0x2247	0x2247	0
0x2248	0x2248	0
0x2249	0x2249	0
0x224a	0x224a	0
0x224b	0x224b	0
0x224c	0x224c	0
0x224d	0x224d	0
0x224e	0x224e	0
0x224f	0x224f	0
0x2250	0x2250	0
0x2251	0x2251	0
0x2252	0x2252	0
0x2253	0x2253	0
0x2254	0x2254	0
0x2255	0x2255	0
0x2256	0x2256	0
0x2257	0x2257	0
0x2258	0x2258	0
0x225a	0x225a	0
0x225b	0x225b	0
0x225c	0x225c	0
0x225d	0x225d	0
0x2261	0x2261	0
0x2262	0x2262	0
0x2263	0x2263	0
0x2264	0x2264	0
0x2265	0x2265	0
0x2266	0x2266	0
0x2267	0x2267	0
0x2268	0x2268	0
0x226a	0x226a	0
0x2272	0x2272	0
0x2277	0x2277	0
0x2278	0x2278	0
0x2280	0x2280	0
0x2281	0x2281	0
0x2282	0x2282	0
0x2283	0x2283	0
0x2284	0x2284	0
0x2286	0x2286	0
0x228e	0x228e	0
0x228f	0x228f	0
0x2290	0x2290	0
0x2291	0x2291	0
0x2292	0x2292	0
0x2293	0x2293	0
0x2294	0x2294	0
0x2295	0x2295	0
0x2296	0x2296	0
0x2297	0x2297	0
0x2298	0x2298	0
0x2299	0x2299	0
0x229a	0x229a	0
0x229b	0x229b	0
0x229c	0x229c	0
0x229d	0x229d	0
0x229e	0x229e	0
0x229f	0x229f	0
0x22a0	0x22a0	0
0x22a1	0x22a1	0
0x22a2	0x22a2	0
0x22a3	0x22a3	0
0x22a4	0x22a4	0
0x22a5	0x22a5	0
0x22a6	0x22a6	0
0x22a7	0x22a7	0
0x22a8	0x22a8	0
0x22a9	0x22a9	0
0x22aa	0x22aa	0
0x22ab	0x22ab	0
0x22ac	0x22ac	0
0x22ad	0x22ad	0
0x22ae	0x22ae	0
0x22af	0x22af	0
0x22b0	0x22b0	0
0x22b1	0x22b1	0
0x22b2	0x22b2	0
0x22b3	0x22b3	0
0x22b4	0x22b4	0
0x22b7	0x22b7	0
0x22b8	0x22b8	0
0x22b9	0x22b9	0
0x22ba	0x22ba	0
0x22bb	0x22bb	0
0x22be	0x22be	0
0x22c0	0x22c0	0
0x22c1	0x22c1	0
0x22c3	0x22c3	0
0x22c4	0x22c4	0
0x22c5	0x22c5	0
0x22c7	0x22c7	0
0x22cf	0x22cf	0
0x22d0	0x22d0	0
0x22d7	0x22d7	0
0x22d8	0x22d8	0
0x22dd	0x22dd	0
0x22e1	0x22e1	0
0x22e6	0x22e6	0
0x22e7	0x22e7	0
0x22e8	0x22e8	0
0x22e9	0x22e9	0
0x22f0	0x22f0	0
0x22f1	0x22f1	0
0x22f5	0x22f5	0
0x22f6	0x22f6	0
0x22fe	0x22fe	0
0x2304	0x2304	0
0x2309	0x2309	0
0x230b	0x230b	0
0x230c	0x230c	0
0x230d	0x230d	0
0x230f	0x230f	0
0x2310	0x2310	0
0x2311	0x2311	0
0x2313	0x2313	0
0x2315	0x2315	0
0x2316	0x2316	0
0x2317	0x2317	0
0x2319	0x2319	0
0x231a	0x231a	0
0x231d	0x231d	0
0x2321	0x2321	0
0x2322	0x2322	0
0x2323	0x2323	0
0x2324	0x2324	0
0x2325	0x2325	0
0x2326	0x2326	0
0x2327	0x2327	0
0x2328	0x2328	0
0x2329	0x2329	0
0x232d	0x232d	0
0x232e	0x232e	0
0x232f	0x232f	0
0x2333	0x2333	0
0x2334	0x2334	0
0x233c	0x233c	0
0x233d	0x233d	0
0x233e	0x233e	0
0x233f	0x233f	0
0x2343	0x2343	0
0x2344	0x2344	0
0x2345	0x2345	0
0x2346	0x2346	0
0x2347	0x2347	0
0x2348	0x2348	0
0x2349	0x2349	0
0x234d	0x234d	0
0x234e	0x234e	0
0x234f	0x234f	0
0x2350	0x2350	0
0x2351	0x2351	0
0x2356	0x2356	0
0x235d	0x235d	0
0x235e	0x235e	0
0x235f	0x235f	0
0x2360	0x2360	0
0x2361	0x2361	0
0x2362	0x2362	0
0x2363	0x2363	0
0x2364	0x2364	0
0x2365	0x2365	0
0x2366	0x2366	0
0x2367	0x2367	0
0x2368	0x2368	0
0x2369	0x2369	0
0x236a	0x236a	0
0x236b	0x236b	0
0x236f	0x236f	0
0x2370	0x2370	0
0x2371	0x2371	0
0x2372	0x2372	0
0x2373	0x2373	0
0x2377	0x2377	0
0x2378	0x2378	0
0x237b	0x237b	0
0x237c	0x237c	0
0x237d	0x237d	0
0x2381	0x2381	0
0x2383	0x2383	0
0x2384	0x2384	0
0x238a	0x238a	0
0x238b	0x238b	0
0x238c	0x238c	0
0x238d	0x238d	0
0x2391	0x2391	0
0x2392	0x2392	0
0x2393	0x2393	0
0x2394	0x2394	0
0x2395	0x2395	0
0x2399	0x2399	0
0x239a	0x239a	0
0x239d	0x239d	0
0x239f	0x239f	0
0x23a6	0x23a6	0
0x23a7	0x23a7	0
0x23a8	0x23a8	0
0x23a9	0x23a9	0
0x23aa	0x23aa	0
0x23ab	0x23ab	0
0x23ac	0x23ac	0
0x23ad	0x23ad	0
0x23ae	0x23ae	0
0x23af	0x23af	0
0x23b3	0x23b3	0
0x23b4	0x23b4	0
0x23b5	0x23b5	0
0x23b6	0x23b6	0
0x23b7	0x23b7	0
0x23b8	0x23b8	0
0x23b9	0x23b9	0
0x23ba	0x23ba	0
0x23bb	0x23bb	0
0x23bc	0x23bc	0
0x23bd	0x23bd	0
0x23c1	0x23c1	0
0x23c2	0x23c2	0
0x23c3	0x23c3	0
0x23c4	0x23c4	0
0x23c5	0x23c5	0
0x23c6	0x23c6	0
0x23c7	0x23c7	0
0x23c8	0x23c8	0
0x23c9	0x23c9	0
0x23ca	0x23ca	0
0x23cd	0x23cd	0
0x23ce	0x23ce	0
0x23cf	0x23cf	0
0x23d0	0x23d0	0
0x23d1	0x23d1	0
0x23d4	0x23d4	0
0x23d5	0x23d5	0
0x23d6	0x23d6	0
0x23d7	0x23d7	0
0x23d8	0x23d8	0
0x23d9	0x23d9	0
0x23da	0x23da	0
0x23db	0x23db	0
0x23dc	0x23dc	0
0x23dd	0x23dd	0
0x23de	0x23de	0
0x23df	0x23df	0
0x23e0	0x23e0	0
0x23e9	0x23e9	0
0x23ea	0x23ea	0
0x23eb	0x23eb	0
0x23ec	0x23ec	0
0x23ed	0x23ed	0
0x23ee	0x23ee	0
0x23ef	0x23ef	0
0x23f0	0x23f0	0
0x23f1	0x23f1	0
0x23f2	0x23f2	0
0x23f3	0x23f3	0
0x23f4	0x23f4	0
0x23f5	0x23f5	0
0x23f9	0x23f9	0
0x23fd	0x23fd	0
0x23fe	0x23fe	0
0x23ff	0x23ff	0
0x2400	0x2400	0
0x2401	0x2401	0
0x2402	0x2402	0
0x2403	0x2403	0
0x2404	0x2404	0
0x2405	0x2405	0
0x2407	0x2407	0
0x2408	0x2408	0
0x2409	0x2409	0
0x240a	0x240a	0
0x240b	0x240b	0
0x240f	0x240f	0
0x2411	0x2411	0
0x2412	0x2412	0
0x2413	0x2413	0
0x2414	0x2414	0
0x2415	0x2415	0
0x2416	0x2416	0
0x2417	0x2417	0
0x241b	0x241b	0
0x241c	0x241c	0
0x241d	0x241d	0
0x241e	0x241e	0
0x241f	0x241f	0
0x2420	0x2420	0
0x2421	0x2421	0
0x2422	0x2422	0
0x2423	0x2423	0
0x2424	0x2424	0
0x2425	0x2425	0
0x2426	0x2426	0
0x2427	0x2427	0
0x2428	0x2428	0
0x2429	0x2429	0
0x242a	0x242a	0
0x242b	0x242b	0
0x242c	0x242c	0
0x242e	0x242e	0
0x2430	0x2430	0
0x2431	0x2431	0
0x2432	0x2432	0
0x2433	0x2433	0
0x2434	0x2434	0
0x2435	0x2435	0
0x2436	0x2436	0
0x2437	0x2437	0
0x2438	0x2438	0
0x2439	0x2439	0
0x243a	0x243a	0
0x243b	0x243b	0
0x243c	0x243c	0
0x243d	0x243d	0
0x243e	0x243e	0
0x243f	0x243f	0
0x2440	0x2440	0
0x2441	0x2441	0
0x2442	0x2442	0
0x2443	0x2443	0
0x2444	0x2444	0
0x2446	0x2446	0
0x244e	0x244e	0
0x244f	0x244f	0
0x2453	0x2453	0
0x2454	0x2454	0
0x2455	0x2455	0
0x2456	0x2456	0
0x2457	0x2457	0
0x2458	0x2458	0
0x2459	0x2459	0
0x2461	0x2461	0
0x2463	0x2463	0
0x2464	0x2464	0
0x2465	0x2465	0
0x2466	0x2466	0
0x2467	0x2467	0
0x246b	0x246b	0
0x246d	0x246d	0
0x246e	0x246e	0
0x246f	0x246f	0
0x2470	0x2470	0
0x2471	0x2471	0
0x2472	0x2472	0
0x2473	0x2473	0
0x2474	0x2474	0
0x2475	0x2475	0
0x2479	0x2479	0
0x247a	0x247a	0
0x247b	0x247b	0
0x247c	0x247c	0
0x247d	0x247d	0
0x247e	0x247e	0
0x247f	0x247f	0
0x2480	0x2480	0
0x2481	0x2481	0
0x2482	0x2482	0
0x2483	0x2483	0
0x2484	0x2484	0
0x2485	0x2485	0
0x2486	0x2486	0
0x2487	0x2487	0
0x2488	0x2488	0
0x248a	0x248a	0
0x2492	0x2492	0
0x2493	0x2493	0
0x2494	0x2494	0
0x2495	0x2495	0
0x2496	0x2496	0
0x2497	0x2497	0
0x249b	0x249b	0
0x249c	0x249c	0
0x249d	0x249d	0
0x249e	0x249e	0
0x249f	0x249f	0
0x24a0	0x24a0	0
0x24a1	0x24a1	0
0x24a2	0x24a2	0
0x24a3	0x24a3	0
0x24a7	0x24a7	0
0x24a8	0x24a8	0
0x24a9	0x24a9	0
0x24aa	0x24aa	0
0x24ab	0x24ab	0
0x24ac	0x24ac	0
0x24ad	0x24ad	0
0x24ae	0x24ae	0
0x24af	0x24af	0
0x24b0	0x24b0	0
0x24b1	0x24b1	0
0x24b2	0x24b2	0
0x24b3	0x24b3	0
0x24b4	0x24b4	0
0x24b5	0x24b5	0
0x24b6	0x24b6	0
0x24b7	0x24b7	0
0x24b8	0x24b8	0
0x24b9	0x24b9	0
0x24ba	0x24ba	0
0x24bb	0x24bb	0
0x24bc	0x24bc	0
0x24be	0x24be	0
0x24c6	0x24c6	0
0x24c7	0x24c7	0
0x24c8	0x24c8	0
0x24c9	0x24c9	0
0x24cb	0x24cb	0
0x24cc	0x24cc	0
0x24cd	0x24cd	0
0x24ce	0x24ce	0
0x24cf	0x24cf	0
0x24d3	0x24d3	0
0x24d5	0x24d5	0
0x24d6	0x24d6	0
0x24d7	0x24d7	0
0x24d8	0x24d8	0
0x24d9	0x24d9	0
0x24da	0x24da	0
0x24db	0x24db	0
0x24dc	0x24dc	0
0x24dd	0x24dd	0
0x24e1	0x24e1	0
0x24e2	0x24e2	0
0x24e3	0x24e3	0
0x24e4	0x24e4	0
0x24e5	0x24e5	0
0x24e6	0x24e6	0
0x24e7	0x24e7	0
0x24e8	0x24e8	0
0x24e9	0x24e9	0
0x24ea	0x24ea	0
0x24eb	0x24eb	0
0x24ec	0x24ec	0
0x24ed	0x24ed	0
0x24ee	0x24ee	0
0x24ef	0x24ef	0
0x24f0	0x24f0	0
0x24f1	0x24f1	0
0x24f2	0x24f2	0
0x24f3	0x24f3	0
0x24f4	0x24f4	0
0x24f5	0x24f5	0
0x24fd	0x24fd	0
0x24ff	0x24ff	0
0x2500	0x2500	0
0x2501	0x2501	0
0x2502	0x2502	0
0x2503	0x2503	0
0x2507	0x2507	0
0x2509	0x2509	0
0x250a	0x250a	0
0x250b	0x250b	0
0x250c	0x250c	0
0x250d	0x250d	0
0x250e	0x250e	0
0x250f	0x250f	0
0x2510	0x2510	0
0x2511	0x2511	0
0x2515	0x2515	0
0x2516	0x2516	0
0x2517	0x2517	0
0x2518	0x2518	0
0x2519	0x2519	0
0x251a	0x251a	0
0x251b	0x251b	0
0x251d	0x251d	0
0x251e	0x251e	0
0x251f	0x251f	0
0x2520	0x2520	0
0x2521	0x2521	0
0x2522	0x2522	0
0x2523	0x2523	0
0x2526	0x2526	0
0x2527	0x2527	0
0x2528	0x2528	0
0x2529	0x2529	0
0x252a	0x252a	0
0x252b	0x252b	0
0x252c	0x252c	0
0x252d	0x252d	0
0x252e	0x252e	0
0x252f	0x252f	0
0x2530	0x2530	0
0x2531	0x2531	0
0x2533	0x2533	0
0x2538	0x2538	0
0x2539	0x2539	0
0x253d	0x253d	0
0x253e	0x253e	0
0x253f	0x253f	0
0x2543	0x2543	0
0x2544	0x2544	0
0x2545	0x2545	0
0x2546	0x2546	0
0x2547	0x2547	0
0x2548	0x2548	0
0x2549	0x2549	0
0x254a	0x254a	0
0x254d	0x254d	0
0x254e	0x254e	0
0x254f	0x254f	0
0x2551	0x2551	0
0x2555	0x2555	0
0x2556	0x2556	0
0x2557	0x2557	0
0x2558	0x2558	0
0x2559	0x2559	0
0x255a	0x255a	0
0x255b	0x255b	0
0x255d	0x255d	0
0x2560	0x2560	0
0x2566	0x2566	0
0x2567	0x2567	0
0x256b	0x256b	0
0x256c	0x256c	0
0x256d	0x256d	0
0x2571	0x2571	0
0x2576	0x2576	0
0x2577	0x2577	0
0x2578	0x2578	0
0x2579	0x2579	0
0x257a	0x257a	0
0x257b	0x257b	0
0x257d	0x257d	0
0x257e	0x257e	0
0x2581	0x2581	0
0x2582	0x2582	0
0x2586	0x2586	0
0x2589	0x2589	0
0x258b	0x258b	0
0x258c	0x258c	0
0x2593	0x2593	0
0x259b	0x259b	0
0x259c	0x259c	0
0x259d	0x259d	0
0x259e	0x259e	0
