0xe3	0x3735	320
0xe3	0x3761	276
0x274	0x32353738303633	2147483647
0x274	0x353738303633	2147483647
0x274	0x3534396539	2147483647
0x274	0x6464396631	2147483647
0x274	0x3636313064	2147483647
0x274	0x64356236313033	2147483647
0x274	0x64356236313036	2147483647
0x274	0x666639303931	2147483647
0x274	0x65356236303030	2147483647
0x274	0x39386665326234	2147483647
0x274	0x3036383636	2147483647
0x274	0x356236303030	2147483647
0x274	0x66376636383938	2147483647
0x2b6	0x32353738303633	320
0x2b6	0x353738303633	320
0x2b6	0x3534396539	320
0x2b6	0x6464396631	320
0x2b6	0x3636313064	320
0x2b6	0x64356236313033	320
0x2b6	0x64356236313036	320
0x2b6	0x666639303931	320
0x2b6	0x65356236303030	320
0x2b6	0x39386665326234	320
0x2b6	0x3036383636	320
0x2b6	0x356236303030	320
0x2b6	0x66376636383938	320
0x3a3	0x3735	320
0x3a3	0x3761	276
0x430	0x323762	320
0x446	0x343432	320
0x545	0x303135	320
0x55b	0x323035	320
0x571	0x333335	320
0x5a8	0x32353738303633	320
0x5a8	0x353738303633	320
0x5a8	0x3534396539	320
0x5a8	0x6464396631	320
0x5a8	0x3636313064	320
0x5a8	0x64356236313033	320
0x5a8	0x64356236313036	320
0x5a8	0x666639303931	320
0x5a8	0x65356236303030	320
0x5a8	0x39386665326234	320
0x5a8	0x3036383636	320
0x5a8	0x356236303030	320
0x5a8	0x66376636383938	320
0x6e2	0x32353738303633	320
0x6e2	0x353738303633	320
0x6e2	0x3534396539	320
0x6e2	0x6464396631	320
0x6e2	0x3636313064	320
0x6e2	0x64356236313033	320
0x6e2	0x64356236313036	320
0x6e2	0x666639303931	320
0x6e2	0x65356236303030	320
0x6e2	0x39386665326234	320
0x6e2	0x3036383636	320
0x6e2	0x356236303030	320
0x6e2	0x66376636383938	320
0x790	0x32353738303633	320
0x790	0x353738303633	320
0x790	0x3534396539	320
0x790	0x6464396631	320
0x790	0x3636313064	320
0x790	0x64356236313033	320
0x790	0x64356236313036	320
0x790	0x666639303931	320
0x790	0x65356236303030	320
0x790	0x39386665326234	320
0x790	0x3036383636	320
0x790	0x356236303030	320
0x790	0x66376636383938	320
0x832	0x32353738303633	320
0x832	0x353738303633	320
0x832	0x3534396539	320
0x832	0x6464396631	320
0x832	0x3636313064	320
0x832	0x64356236313033	320
0x832	0x64356236313036	320
0x832	0x666639303931	320
0x832	0x65356236303030	320
0x832	0x39386665326234	320
0x832	0x3036383636	320
0x832	0x356236303030	320
0x832	0x66376636383938	320
0x8a4	0x32353738303633	2147483647
0x8a4	0x353738303633	2147483647
0x8a4	0x3534396539	2147483647
0x8a4	0x6464396631	2147483647
0x8a4	0x3636313064	2147483647
0x8a4	0x64356236313033	2147483647
0x8a4	0x64356236313036	2147483647
0x8a4	0x666639303931	2147483647
0x8a4	0x65356236303030	2147483647
0x8a4	0x39386665326234	2147483647
0x8a4	0x3036383636	2147483647
0x8a4	0x356236303030	2147483647
0x8a4	0x66376636383938	2147483647
0x8f0	0x32353738303633	320
0x8f0	0x353738303633	320
0x8f0	0x3534396539	320
0x8f0	0x6464396631	320
0x8f0	0x3636313064	320
0x8f0	0x64356236313033	320
0x8f0	0x64356236313036	320
0x8f0	0x666639303931	320
0x8f0	0x65356236303030	320
0x8f0	0x39386665326234	320
0x8f0	0x3036383636	320
0x8f0	0x356236303030	320
0x8f0	0x66376636383938	320
0x916	0x32353738303633	320
0x916	0x353738303633	320
0x916	0x3534396539	320
0x916	0x6464396631	320
0x916	0x3636313064	320
0x916	0x64356236313033	320
0x916	0x64356236313036	320
0x916	0x666639303931	320
0x916	0x65356236303030	320
0x916	0x39386665326234	320
0x916	0x3036383636	320
0x916	0x356236303030	320
0x916	0x66376636383938	320
0xa0a	0x32353738303633	320
0xa0a	0x353738303633	320
0xa0a	0x3534396539	320
0xa0a	0x6464396631	320
0xa0a	0x3636313064	320
0xa0a	0x64356236313033	320
0xa0a	0x64356236313036	320
0xa0a	0x666639303931	320
0xa0a	0x65356236303030	320
0xa0a	0x39386665326234	320
0xa0a	0x3036383636	320
0xa0a	0x356236303030	320
0xa0a	0x66376636383938	320
0xaaa	0x32353738303633	320
0xaaa	0x353738303633	320
0xaaa	0x3534396539	320
0xaaa	0x6464396631	320
0xaaa	0x3636313064	320
0xaaa	0x64356236313033	320
0xaaa	0x64356236313036	320
0xaaa	0x666639303931	320
0xaaa	0x65356236303030	320
0xaaa	0x39386665326234	320
0xaaa	0x3036383636	320
0xaaa	0x356236303030	320
0xaaa	0x66376636383938	320
0xb3d	0x3335	320
0xbc8	0x32353738303633	320
0xbc8	0x353738303633	320
0xbc8	0x3534396539	320
0xbc8	0x6464396631	320
0xbc8	0x3636313064	320
0xbc8	0x64356236313033	320
0xbc8	0x64356236313036	320
0xbc8	0x666639303931	320
0xbc8	0x65356236303030	320
0xbc8	0x39386665326234	320
0xbc8	0x3036383636	320
0xbc8	0x356236303030	320
0xbc8	0x66376636383938	320
0xc2c	0x32353738303633	320
0xc2c	0x353738303633	320
0xc2c	0x3534396539	320
0xc2c	0x6464396631	320
0xc2c	0x3636313064	320
0xc2c	0x64356236313033	320
0xc2c	0x64356236313036	320
0xc2c	0x666639303931	320
0xc2c	0x65356236303030	320
0xc2c	0x39386665326234	320
0xc2c	0x3036383636	320
0xc2c	0x356236303030	320
0xc2c	0x66376636383938	320
0xc78	0x32353738303633	320
0xc78	0x353738303633	320
0xc78	0x3534396539	320
0xc78	0x6464396631	320
0xc78	0x3636313064	320
0xc78	0x64356236313033	320
0xc78	0x64356236313036	320
0xc78	0x666639303931	320
0xc78	0x65356236303030	320
0xc78	0x39386665326234	320
0xc78	0x3036383636	320
0xc78	0x356236303030	320
0xc78	0x66376636383938	320
0xcc4	0x32353738303633	2147483647
0xcc4	0x353738303633	2147483647
0xcc4	0x3534396539	2147483647
0xcc4	0x6464396631	2147483647
0xcc4	0x3636313064	2147483647
0xcc4	0x64356236313033	2147483647
0xcc4	0x64356236313036	2147483647
0xcc4	0x666639303931	2147483647
0xcc4	0x65356236303030	2147483647
0xcc4	0x39386665326234	2147483647
0xcc4	0x3036383636	2147483647
0xcc4	0x356236303030	2147483647
0xcc4	0x66376636383938	2147483647
0xd92	0x32353738303633	320
0xd92	0x353738303633	320
0xd92	0x3534396539	320
0xd92	0x6464396631	320
0xd92	0x3636313064	320
0xd92	0x64356236313033	320
0xd92	0x64356236313036	320
0xd92	0x666639303931	320
0xd92	0x65356236303030	320
0xd92	0x39386665326234	320
0xd92	0x3036383636	320
0xd92	0x356236303030	320
0xd92	0x66376636383938	320
0x1056	0x32353738303633	320
0x1056	0x353738303633	320
0x1056	0x3534396539	320
0x1056	0x6464396631	320
0x1056	0x3636313064	320
0x1056	0x64356236313033	320
0x1056	0x64356236313036	320
0x1056	0x666639303931	320
0x1056	0x65356236303030	320
0x1056	0x39386665326234	320
0x1056	0x3036383636	320
0x1056	0x356236303030	320
0x1056	0x66376636383938	320
0x116a	0x32353738303633	320
0x116a	0x353738303633	320
0x116a	0x3534396539	320
0x116a	0x6464396631	320
0x116a	0x3636313064	320
0x116a	0x64356236313033	320
0x116a	0x64356236313036	320
0x116a	0x666639303931	320
0x116a	0x65356236303030	320
0x116a	0x39386665326234	320
0x116a	0x3036383636	320
0x116a	0x356236303030	320
0x116a	0x66376636383938	320
0x1190	0x32353738303633	320
0x1190	0x353738303633	320
0x1190	0x3534396539	320
0x1190	0x6464396631	320
0x1190	0x3636313064	320
0x1190	0x64356236313033	320
0x1190	0x64356236313036	320
0x1190	0x666639303931	320
0x1190	0x65356236303030	320
0x1190	0x39386665326234	320
0x1190	0x3036383636	320
0x1190	0x356236303030	320
0x1190	0x66376636383938	320
0x1264	0x32353738303633	2147483647
0x1264	0x353738303633	2147483647
0x1264	0x3534396539	2147483647
0x1264	0x6464396631	2147483647
0x1264	0x3636313064	2147483647
0x1264	0x64356236313033	2147483647
0x1264	0x64356236313036	2147483647
0x1264	0x666639303931	2147483647
0x1264	0x65356236303030	2147483647
0x1264	0x39386665326234	2147483647
0x1264	0x3036383636	2147483647
0x1264	0x356236303030	2147483647
0x1264	0x66376636383938	2147483647
0x1345	0x3735	320
0x1345	0x3761	276
0x13f0	0x32353738303633	320
0x13f0	0x353738303633	320
0x13f0	0x3534396539	320
0x13f0	0x6464396631	320
0x13f0	0x3636313064	320
0x13f0	0x64356236313033	320
0x13f0	0x64356236313036	320
0x13f0	0x666639303931	320
0x13f0	0x65356236303030	320
0x13f0	0x39386665326234	320
0x13f0	0x3036383636	320
0x13f0	0x356236303030	320
0x13f0	0x66376636383938	320
0x1462	0x32353738303633	320
0x1462	0x353738303633	320
0x1462	0x3534396539	320
0x1462	0x6464396631	320
0x1462	0x3636313064	320
0x1462	0x64356236313033	320
0x1462	0x64356236313036	320
0x1462	0x666639303931	320
0x1462	0x65356236303030	320
0x1462	0x39386665326234	320
0x1462	0x3036383636	320
0x1462	0x356236303030	320
0x1462	0x66376636383938	320
0x14c6	0x32353738303633	320
0x14c6	0x353738303633	320
0x14c6	0x3534396539	320
0x14c6	0x6464396631	320
0x14c6	0x3636313064	320
0x14c6	0x64356236313033	320
0x14c6	0x64356236313036	320
0x14c6	0x666639303931	320
0x14c6	0x65356236303030	320
0x14c6	0x39386665326234	320
0x14c6	0x3036383636	320
0x14c6	0x356236303030	320
0x14c6	0x66376636383938	320
0x1568	0x32353738303633	320
0x1568	0x353738303633	320
0x1568	0x3534396539	320
0x1568	0x6464396631	320
0x1568	0x3636313064	320
0x1568	0x64356236313033	320
0x1568	0x64356236313036	320
0x1568	0x666639303931	320
0x1568	0x65356236303030	320
0x1568	0x39386665326234	320
0x1568	0x3036383636	320
0x1568	0x356236303030	320
0x1568	0x66376636383938	320
0x15f8	0x32353738303633	320
0x15f8	0x353738303633	320
0x15f8	0x3534396539	320
0x15f8	0x6464396631	320
0x15f8	0x3636313064	320
0x15f8	0x64356236313033	320
0x15f8	0x64356236313036	320
0x15f8	0x666639303931	320
0x15f8	0x65356236303030	320
0x15f8	0x39386665326234	320
0x15f8	0x3036383636	320
0x15f8	0x356236303030	320
0x15f8	0x66376636383938	320
0x160f	0x306335	320
0x164d	0x326235	320
0x1673	0x336535	320
0x1673	0x336635	64
0x1682	0x32353738303633	320
0x1682	0x353738303633	320
0x1682	0x3534396539	320
0x1682	0x6464396631	320
0x1682	0x3636313064	320
0x1682	0x64356236313033	320
0x1682	0x64356236313036	320
0x1682	0x666639303931	320
0x1682	0x65356236303030	320
0x1682	0x39386665326234	320
0x1682	0x3036383636	320
0x1682	0x356236303030	320
0x1682	0x66376636383938	320
0x1737	0x32353738303633	6369333
0x1737	0x353738303633	6369333
0x1737	0x3534396539	6369333
0x1737	0x6464396631	6369333
0x1737	0x35373830	1261041668
0x1737	0x3636313064	6369333
0x1737	0x64356236313033	6369333
0x1737	0x64356236313036	6369333
0x1737	0x613035	2147483647
0x1737	0x616635	2147469823
0x1737	0x656535	2147207935
0x1737	0x666335	2147142911
0x1737	0x666639303931	6369333
0x1737	0x31306631	1328597507
0x1737	0x65356236303030	6369333
0x1737	0x30663364	1341848784
0x1737	0x39386665326234	6369333
0x1737	0x643335	2147286271
0x1737	0x3036383636	6369333
0x1737	0x356236303030	6369333
0x1737	0x66376636383938	6369333
0x1755	0x616635	320
0x17d3	0x656535	320
0x17f5	0x666335	320
0x3601	0x303535	320
0x3623	0x313635	320
0x3675	0x336635	320
0x36bb	0x363235	320
0x36e1	0x376135	320
0x3701	0x383535	320
0x3729	0x393635	320
0x37a3	0x643335	320
0x3953	0x363030	320
0x39e7	0x32353738303633	320
0x39e7	0x353738303633	320
0x39e7	0x3534396539	320
0x39e7	0x6464396631	320
0x39e7	0x3636313064	320
0x39e7	0x64356236313033	320
0x39e7	0x64356236313036	320
0x39e7	0x666639303931	320
0x39e7	0x65356236303030	320
0x39e7	0x39386665326234	320
0x39e7	0x3036383636	320
0x39e7	0x356236303030	320
0x39e7	0x66376636383938	320
0x44ee	0x3761	320
0x2a7	0x32353738303633	320
0x2a7	0x353738303633	320
0x2a7	0x3534396539	320
0x2a7	0x6464396631	320
0x2a7	0x3636313064	320
0x2a7	0x64356236313033	320
0x2a7	0x64356236313036	320
0x2a7	0x666639303931	320
0x2a7	0x65356236303030	320
0x2a7	0x39386665326234	320
0x2a7	0x3036383636	320
0x2a7	0x356236303030	320
0x2a7	0x66376636383938	320
0x366	0x32353738303633	320
0x366	0x353738303633	320
0x366	0x3534396539	320
0x366	0x6464396631	320
0x366	0x3636313064	320
0x366	0x64356236313033	320
0x366	0x64356236313036	320
0x366	0x666639303931	320
0x366	0x65356236303030	320
0x366	0x39386665326234	320
0x366	0x3036383636	320
0x366	0x356236303030	320
0x366	0x66376636383938	320
0x40e	0x32353738303633	320
0x40e	0x353738303633	320
0x40e	0x3534396539	320
0x40e	0x6464396631	320
0x40e	0x3636313064	320
0x40e	0x64356236313033	320
0x40e	0x64356236313036	320
0x40e	0x666639303931	320
0x40e	0x65356236303030	320
0x40e	0x39386665326234	320
0x40e	0x3036383636	320
0x40e	0x356236303030	320
0x40e	0x66376636383938	320
0x41b	0x35373830	320
0x5c4	0x3033	320
0x5c4	0x3137	60
0xd10	0x32353738303633	320
0xd10	0x353738303633	320
0xd10	0x3534396539	320
0xd10	0x6464396631	320
0xd10	0x3636313064	320
0xd10	0x64356236313033	320
0xd10	0x64356236313036	320
0xd10	0x666639303931	320
0xd10	0x65356236303030	320
0xd10	0x39386665326234	320
0xd10	0x3036383636	320
0xd10	0x356236303030	320
0xd10	0x66376636383938	320
0x1836	0x32353738303633	320
0x1836	0x353738303633	320
0x1836	0x3534396539	320
0x1836	0x6464396631	320
0x1836	0x3636313064	320
0x1836	0x64356236313033	320
0x1836	0x64356236313036	320
0x1836	0x666639303931	320
0x1836	0x65356236303030	320
0x1836	0x39386665326234	320
0x1836	0x3036383636	320
0x1836	0x356236303030	320
0x1836	0x66376636383938	320
0x184b	0x363030	320
0x186f	0x31306631	320
0x18ba	0x3033	320
0x18ba	0x3137	60
0x19ae	0x3033	320
0x19ae	0x3137	60
0x1b24	0x3033	320
0x1b24	0x3137	60
0x1b7a	0x3033	320
0x1b7a	0x3137	60
0x1bc4	0x3033	320
0x1bc4	0x3137	60
0x1c28	0x3033	320
0x1c28	0x3137	60
0x1c72	0x3033	320
0x1c72	0x3137	60
0x1cf6	0x3033	320
0x1cf6	0x3137	60
0x1da9	0x6361	320
0x1e56	0x3033	320
0x1e56	0x3137	60
0x1fe4	0x3033	320
0x1fe4	0x3137	60
0x203e	0x3033	320
0x203e	0x3137	60
0x2088	0x3033	320
0x2088	0x3137	60
0x20ba	0x3033	320
0x20ba	0x3137	60
0x2264	0x3033	320
0x2264	0x3137	60
0x22b2	0x3033	320
0x22b2	0x3137	60
0x230c	0x32353738303633	320
0x230c	0x353738303633	320
0x230c	0x3534396539	320
0x230c	0x6464396631	320
0x230c	0x3636313064	320
0x230c	0x64356236313033	320
0x230c	0x64356236313036	320
0x230c	0x666639303931	320
0x230c	0x65356236303030	320
0x230c	0x39386665326234	320
0x230c	0x3036383636	320
0x230c	0x356236303030	320
0x230c	0x66376636383938	320
0x2402	0x3033	320
0x2402	0x3137	60
0x257c	0x32353738303633	320
0x257c	0x353738303633	320
0x257c	0x3534396539	320
0x257c	0x6464396631	320
0x257c	0x3636313064	320
0x257c	0x64356236313033	320
0x257c	0x64356236313036	320
0x257c	0x666639303931	320
0x257c	0x65356236303030	320
0x257c	0x39386665326234	320
0x257c	0x3036383636	320
0x257c	0x356236303030	320
0x257c	0x66376636383938	320
0x25b6	0x32353738303633	320
0x25b6	0x353738303633	320
0x25b6	0x3534396539	320
0x25b6	0x6464396631	320
0x25b6	0x3636313064	320
0x25b6	0x64356236313033	320
0x25b6	0x64356236313036	320
0x25b6	0x666639303931	320
0x25b6	0x65356236303030	320
0x25b6	0x39386665326234	320
0x25b6	0x3036383636	320
0x25b6	0x356236303030	320
0x25b6	0x66376636383938	320
0x25cb	0x363030	320
0x25ef	0x31306631	320
0x263a	0x3033	320
0x263a	0x3137	60
0x26e4	0x3033	320
0x26e4	0x3137	60
0x273a	0x3033	320
0x273a	0x3137	60
0x27ce	0x3033	320
0x27ce	0x3137	60
0x282e	0x3033	320
0x282e	0x3137	60
0x28d7	0x31306631	320
0x2922	0x3033	320
0x2922	0x3137	60
0x29c6	0x3033	320
0x29c6	0x3137	60
0x2a24	0x3033	320
0x2a24	0x3137	60
0x2bf6	0x3033	320
0x2bf6	0x3137	60
0x2c86	0x3137	320
0x2cc2	0x30663364	320
0x2d06	0x32353738303633	320
0x2d06	0x353738303633	320
0x2d06	0x3534396539	320
0x2d06	0x6464396631	320
0x2d06	0x3636313064	320
0x2d06	0x64356236313033	320
0x2d06	0x64356236313036	320
0x2d06	0x666639303931	320
0x2d06	0x65356236303030	320
0x2d06	0x39386665326234	320
0x2d06	0x3036383636	320
0x2d06	0x356236303030	320
0x2d06	0x66376636383938	320
0x2daa	0x3033	320
0x2daa	0x3137	60
0x2dda	0x3033	320
0x2dda	0x3137	60
0x308e	0x3033	320
0x308e	0x3137	60
0x3354	0x3033	320
0x3354	0x3137	60
0x339b	0x32353738303633	320
0x339b	0x353738303633	320
0x339b	0x3534396539	320
0x339b	0x6464396631	320
0x339b	0x3636313064	320
0x339b	0x64356236313033	320
0x339b	0x64356236313036	320
0x339b	0x666639303931	320
0x339b	0x65356236303030	320
0x339b	0x39386665326234	320
0x339b	0x3036383636	320
0x339b	0x356236303030	320
0x339b	0x66376636383938	320
0x3416	0x3033	320
0x3416	0x3137	60
0x3448	0x3033	320
0x3448	0x3137	60
0x34f6	0x3033	320
0x34f6	0x3137	60
0x35ba	0x3033	320
0x35ba	0x3137	60
0x3662	0x3033	320
0x3662	0x3137	60
0x36a8	0x3033	320
0x36a8	0x3137	60
0x37ac	0x32353738303633	2147483647
0x37ac	0x353738303633	2147483647
0x37ac	0x3534396539	2147483647
0x37ac	0x6464396631	2147483647
0x37ac	0x3636313064	2147483647
0x37ac	0x64356236313033	2147483647
0x37ac	0x64356236313036	2147483647
0x37ac	0x666639303931	2147483647
0x37ac	0x65356236303030	2147483647
0x37ac	0x39386665326234	2147483647
0x37ac	0x3036383636	2147483647
0x37ac	0x356236303030	2147483647
0x37ac	0x66376636383938	2147483647
0x3878	0x32353738303633	320
0x3878	0x353738303633	320
0x3878	0x3534396539	320
0x3878	0x6464396631	320
0x3878	0x3636313064	320
0x3878	0x64356236313033	320
0x3878	0x64356236313036	320
0x3878	0x666639303931	320
0x3878	0x65356236303030	320
0x3878	0x39386665326234	320
0x3878	0x3036383636	320
0x3878	0x356236303030	320
0x3878	0x66376636383938	320
0x3986	0x3033	320
0x3986	0x3137	60
0x3b22	0x32353738303633	320
0x3b22	0x353738303633	320
0x3b22	0x3534396539	320
0x3b22	0x6464396631	320
0x3b22	0x3636313064	320
0x3b22	0x64356236313033	320
0x3b22	0x64356236313036	320
0x3b22	0x666639303931	320
0x3b22	0x65356236303030	320
0x3b22	0x39386665326234	320
0x3b22	0x3036383636	320
0x3b22	0x356236303030	320
0x3b22	0x66376636383938	320
0x3c76	0x3033	320
0x3c76	0x3137	60
0x3cea	0x3033	320
0x3cea	0x3137	60
0x3d1a	0x3033	320
0x3d1a	0x3137	60
0x3d66	0x3033	320
0x3d66	0x3137	60
0x3db0	0x3033	320
0x3db0	0x3137	60
0x3dcb	0x363030	320
0x4030	0x32353738303633	320
0x4030	0x353738303633	320
0x4030	0x3534396539	320
0x4030	0x6464396631	320
0x4030	0x3636313064	320
0x4030	0x64356236313033	320
0x4030	0x64356236313036	320
0x4030	0x666639303931	320
0x4030	0x65356236303030	320
0x4030	0x39386665326234	320
0x4030	0x3036383636	320
0x4030	0x356236303030	320
0x4030	0x66376636383938	320
0x4071	0x31306631	320
0x40be	0x3033	320
0x40be	0x3137	60
0x41b2	0x3033	320
0x41b2	0x3137	60
0x433d	0x363030	6502459
0x433d	0x613035	3684406
0x433d	0x616635	3670582
0x433d	0x656535	3408694
0x433d	0x666335	3343670
0x433d	0x363235	6501942
0x433d	0x376135	6424374
0x433d	0x383535	6370102
0x433d	0x393635	6304310
0x433d	0x643335	3487030
0x433d	0x353337	6567220
0x4353	0x32353738303633	320
0x4353	0x353738303633	320
0x4353	0x3534396539	320
0x4353	0x6464396631	320
0x4353	0x3636313064	320
0x4353	0x64356236313033	320
0x4353	0x64356236313036	320
0x4353	0x666639303931	320
0x4353	0x65356236303030	320
0x4353	0x39386665326234	320
0x4353	0x3036383636	320
0x4353	0x356236303030	320
0x4353	0x66376636383938	320
